Country,Region,Status,Year,Infant_deaths,Under_five_deaths,Adult_mortality,Adult_mortality_cat,Alcohol_consumption,Hepatitis_B,Measles,BMI,Polio,Diphtheria,Incidents_HIV,GDP_per_capita,GDP_per_capita_cat,Population_mln,Thinness_ten_nineteen_years,Thinness_five_nine_years,Schooling,Schooling_cat,Life_expectancy
Afghanistan,Asia,Developing,2000,90.5,129.2,310.8305,Alto,0.02,62,12,21.7,24,24,0.02,148,Bajo,20.78,20.3,20.5,2.2,Bajo,55.8
Afghanistan,Asia,Developing,2001,87.9,125.2,304.858,Alto,0.02,63,13,21.8,35,33,0.02,163,Bajo,21.61,20.1,20.4,2.2,Bajo,56.3
Afghanistan,Asia,Developing,2002,85.3,121.1,298.8855,Alto,0.02,64,14,21.9,36,36,0.02,320,Bajo,22.6,19.9,20.2,2.3,Bajo,56.8
Afghanistan,Asia,Developing,2003,82.7,116.9,292.0365,Alto,0.02,65,15,22,41,41,0.02,332,Bajo,23.68,19.7,19.9,2.4,Bajo,57.3
Afghanistan,Asia,Developing,2004,80,112.6,285.188,Alto,0.02,67,16,22.1,50,50,0.02,323,Bajo,24.73,19.5,19.7,2.5,Bajo,57.8
Afghanistan,Asia,Developing,2005,77.3,108.4,278.3395,Alto,0.016,66,17,22.2,58,58,0.02,346,Bajo,25.65,19.3,19.5,2.6,Bajo,58.3
Afghanistan,Asia,Developing,2006,74.6,104.1,271.4905,Alto,0.026,64,18,22.3,58,58,0.02,354,Bajo,26.43,19.2,19.3,2.7,Bajo,58.8
Afghanistan,Asia,Developing,2007,71.9,99.9,264.6415,Alto,0.018,63,21,22.4,63,63,0.02,393,Bajo,27.1,19,19.1,2.9,Bajo,59.4
Afghanistan,Asia,Developing,2008,69.2,95.7,259.806,Alto,0.028,64,23,22.5,64,64,0.02,399,Bajo,27.72,18.8,18.9,3,Bajo,59.9
Afghanistan,Asia,Developing,2009,66.7,91.7,254.9705,Alto,0.01,63,24,22.6,63,63,0.02,473,Bajo,28.39,18.6,18.7,3.1,Bajo,60.5
Afghanistan,Asia,Developing,2010,64.2,87.8,250.135,Alto,0.02,66,29,22.7,66,66,0.02,526,Bajo,29.19,18.4,18.4,3.2,Bajo,61
Afghanistan,Asia,Developing,2011,61.8,84,245.3,Alto,0.01,68,31,22.8,68,68,0.02,512,Bajo,30.12,18.2,18.2,3.3,Bajo,61.6
Afghanistan,Asia,Developing,2012,59.5,80.3,240.464,Alto,0.01,67,33,22.9,67,67,0.03,558,Bajo,31.16,17.9,18,3.4,Bajo,62.1
Afghanistan,Asia,Developing,2013,57.3,76.9,236.221,Alto,0.01,64,38,23,64,64,0.03,569,Bajo,32.27,17.7,17.7,3.5,Bajo,62.5
Afghanistan,Asia,Developing,2014,55.2,73.6,231.978,Alto,0.01,62,44,23.2,62,62,0.03,565,Bajo,33.37,17.5,17.5,3.5,Bajo,63
Afghanistan,Asia,Developing,2015,53.2,70.4,227.735,Alto,0,65,42,23.3,67,65,0.03,556,Bajo,34.41,17.2,17.3,3.6,Bajo,63.4
Albania,Rest of Europe,Developing,2000,24.1,27.2,94.6955,Bajo,3.92,96,90,25.2,97,97,0.01,1961,Bajo,3.09,2.1,2.2,8.8,Medio,74
Albania,Rest of Europe,Developing,2001,22.9,25.8,90.939,Bajo,4.51,96,90,25.2,97,97,0.01,2144,Bajo,3.06,2.1,2.1,8.7,Medio,74.3
Albania,Rest of Europe,Developing,2002,21.7,24.4,87.182,Bajo,3.96,96,93,25.3,98,98,0.02,2247,Medio,3.05,2,2.1,9,Medio,74.6
Albania,Rest of Europe,Developing,2003,20.4,23,86.2855,Bajo,4.33,97,93,25.4,97,97,0.02,2381,Medio,3.04,1.9,2,9,Medio,74.8
Albania,Rest of Europe,Developing,2004,19.1,21.5,85.3885,Bajo,4.42,99,96,25.5,98,97,0.02,2522,Medio,3.03,1.8,1.9,9.1,Medio,75
Albania,Rest of Europe,Developing,2005,17.8,20,84.4915,Bajo,4.98,98,97,25.6,97,98,0.03,2676,Medio,3.01,1.8,1.8,9.1,Medio,75.2
Albania,Rest of Europe,Developing,2006,16.6,18.5,83.5945,Bajo,5.17,98,94,25.7,97,97,0.03,2851,Medio,2.99,1.7,1.8,9.2,Medio,75.4
Albania,Rest of Europe,Developing,2007,15.3,17.1,82.6975,Bajo,5.46,98,95,25.8,99,98,0.03,3045,Medio,2.97,1.6,1.7,9.2,Medio,75.6
Albania,Rest of Europe,Developing,2008,14.1,15.8,82.1105,Bajo,5.56,99,98,25.9,99,99,0.03,3298,Medio,2.95,1.6,1.6,9.2,Medio,75.9
Albania,Rest of Europe,Developing,2009,12.9,14.5,81.5235,Bajo,5.79,98,98,26,98,98,0.03,3432,Medio,2.93,1.5,1.6,9.3,Medio,76.2
Albania,Rest of Europe,Developing,2010,11.8,13.3,80.9365,Bajo,4.88,99,98,26.1,99,99,0.03,3577,Medio,2.91,1.4,1.5,9.3,Medio,76.6
Albania,Rest of Europe,Developing,2011,10.8,12.1,80.349,Bajo,5.03,99,99,26.2,99,99,0.03,3678,Medio,2.91,1.4,1.5,9.3,Medio,76.9
Albania,Rest of Europe,Developing,2012,10,11.2,79.762,Bajo,4.43,99,99,26.3,99,99,0.03,3736,Medio,2.9,1.3,1.4,9.6,Alto,77.3
Albania,Rest of Europe,Developing,2013,9.3,10.4,78.243,Bajo,4.28,99,99,26.4,99,99,0.03,3781,Medio,2.9,1.3,1.4,9.7,Alto,77.6
Albania,Rest of Europe,Developing,2014,8.8,9.9,76.724,Bajo,4.1,98,98,26.5,98,98,0.03,3856,Medio,2.89,1.2,1.3,9.7,Alto,77.8
Albania,Rest of Europe,Developing,2015,8.5,9.6,75.205,Bajo,4.33,99,98,26.6,99,99,0.03,3953,Medio,2.88,1.2,1.3,9.7,Alto,78
Algeria,Africa,Developing,2000,33.9,39.7,140.486,Medio,0.25,81,78,24.3,86,86,0.01,3111,Medio,31.04,6.5,6.4,5.9,Bajo,70.6
Algeria,Africa,Developing,2001,33.3,38.9,136.2,Medio,0.23,81,73,24.4,89,89,0.01,3163,Medio,31.45,6.4,6.3,6.1,Bajo,71.1
Algeria,Africa,Developing,2002,32.4,37.8,131.915,Medio,0.36,81,93,24.4,86,86,0.01,3298,Medio,31.86,6.3,6.2,6.3,Medio,71.6
Algeria,Africa,Developing,2003,31.3,36.5,127.5385,Bajo,0.33,81,96,24.5,87,87,0.01,3490,Medio,32.26,6.3,6.1,6.5,Medio,72.1
Algeria,Africa,Developing,2004,30.1,35.1,123.162,Bajo,0.45,81,94,24.6,86,86,0.02,3593,Medio,32.69,6.2,6.1,6.7,Medio,72.6
Algeria,Africa,Developing,2005,28.8,33.6,118.7855,Bajo,0.5,83,94,24.7,88,88,0.02,3752,Medio,33.15,6.1,6,6.9,Medio,73.1
Algeria,Africa,Developing,2006,27.6,32.1,114.4095,Bajo,0.38,80,98,24.7,95,95,0.02,3760,Medio,33.64,6.1,6,7,Medio,73.5
Algeria,Africa,Developing,2007,26.4,30.7,110.033,Bajo,0.34,90,95,24.8,95,95,0.02,3828,Medio,34.17,6,5.9,7.2,Medio,73.9
Algeria,Africa,Developing,2008,25.3,29.5,108.0665,Bajo,0.37,91,96,24.9,92,93,0.02,3856,Medio,34.73,6,5.9,6.7,Medio,74.3
Algeria,Africa,Developing,2009,24.4,28.4,106.1,Bajo,0.43,94,98,25,94,95,0.02,3851,Medio,35.33,6,5.9,6.9,Medio,74.6
Algeria,Africa,Developing,2010,23.6,27.4,104.1335,Bajo,0.35,95,95,25.1,95,95,0.02,3918,Medio,35.98,5.9,5.8,7.1,Medio,74.9
Algeria,Africa,Developing,2011,22.9,26.7,102.167,Bajo,0.4,95,96,25.1,95,95,0.02,3957,Medio,36.66,5.9,5.8,7.4,Medio,75.2
Algeria,Africa,Developing,2012,22.5,26.2,100.2005,Bajo,0.43,95,95,25.2,95,95,0.03,4012,Medio,37.38,5.9,5.8,7.6,Medio,75.4
Algeria,Africa,Developing,2013,22.1,25.8,98.739,Bajo,0.5,95,93,25.3,95,95,0.03,4043,Medio,38.14,5.9,5.8,7.8,Medio,75.7
Algeria,Africa,Developing,2014,21.9,25.5,97.277,Bajo,0.54,95,99,25.4,95,95,0.04,4112,Medio,38.92,6,5.8,7.9,Medio,75.9
Algeria,Africa,Developing,2015,21.6,25.2,95.8155,Bajo,0.55,95,99,25.5,95,95,0.05,4178,Medio,39.73,6,5.8,7.9,Medio,76.1
Angola,Africa,Developing,2000,121.5,204.4,371.4315,Alto,1.47,67,64,21.7,21,28,1.24,1832,Bajo,16.4,10.9,10.9,4.4,Bajo,46.5
Angola,Africa,Developing,2001,118.2,198.4,361.129,Alto,1.94,67,64,21.8,28,38,1.36,1847,Bajo,16.95,10.7,10.7,4.4,Bajo,47.1
Angola,Africa,Developing,2002,114.5,191.5,350.8275,Alto,2.08,67,64,21.9,22,41,1.39,2031,Bajo,17.52,10.5,10.5,4.4,Bajo,47.7
Angola,Africa,Developing,2003,110.4,183.8,340.0665,Alto,2.2,67,64,22,21,40,1.43,2022,Bajo,18.12,10.4,10.3,4.4,Bajo,48.4
Angola,Africa,Developing,2004,105.7,175.1,329.306,Alto,2.41,67,64,22.2,18,40,1.45,2168,Bajo,18.76,10.2,10.1,4.4,Bajo,49.3
Angola,Africa,Developing,2005,100.9,166.1,318.546,Alto,3.49,67,64,22.3,14,38,1.49,2407,Medio,19.43,10,9.9,4.4,Bajo,50.2
Angola,Africa,Developing,2006,95.7,156.4,307.785,Alto,4.02,67,64,22.4,8,34,1.48,2589,Medio,20.15,9.8,9.7,4.5,Bajo,51.1
Angola,Africa,Developing,2007,90.6,147,297.0245,Alto,4.68,73,64,22.5,43,73,1.45,2845,Medio,20.91,9.6,9.6,4.5,Bajo,52.2
Angola,Africa,Developing,2008,85.5,137.7,288.09,Alto,5.19,69,64,22.6,36,69,1.41,3048,Medio,21.7,9.5,9.4,4.6,Bajo,53.2
Angola,Africa,Developing,2009,80.6,128.7,279.156,Alto,6.12,61,64,22.7,36,60,1.39,2962,Medio,22.51,9.3,9.2,4.7,Bajo,54.3
Angola,Africa,Developing,2010,75.9,120.4,270.221,Alto,7.58,77,64,22.8,56,77,1.33,2994,Medio,23.36,9.1,9,4.7,Bajo,55.4
Angola,Africa,Developing,2011,71.5,112.5,261.2865,Alto,7.66,72,64,22.9,50,71,1.25,2988,Medio,24.22,8.9,8.8,4.7,Bajo,56.3
Angola,Africa,Developing,2012,67.4,105.1,252.352,Alto,7.83,75,64,23,54,75,1.21,3128,Medio,25.11,8.8,8.6,4.8,Bajo,57.2
Angola,Africa,Developing,2013,63.7,98.5,249.2235,Alto,7.67,77,64,23.1,48,77,1.12,3169,Medio,26.02,8.6,8.5,4.9,Bajo,58.1
Angola,Africa,Developing,2014,60.5,92.9,246.0945,Alto,8.1,64,64,23.2,55,64,0.97,3207,Medio,26.94,8.5,8.3,4.9,Bajo,58.8
Angola,Africa,Developing,2015,57.7,88.1,242.9655,Alto,6.53,64,64,23.2,62,64,0.89,3128,Medio,27.88,8.3,8.2,5,Bajo,59.4
Antigua and Barbuda,Central America and Caribbean,Developing,2000,12.6,15.5,156.232,Medio,6.86,98,58,25.1,96,95,0.1,14070,Alto,0.08,3.7,3.6,7,Medio,73.9
Antigua and Barbuda,Central America and Caribbean,Developing,2001,12.3,15.1,154.2495,Medio,6.85,96,60,25.2,99,97,0.1,13220,Alto,0.08,3.6,3.5,8.9,Medio,74.2
Antigua and Barbuda,Central America and Caribbean,Developing,2002,11.9,14.6,152.267,Medio,6.67,99,56,25.3,93,98,0.1,13171,Alto,0.08,3.6,3.5,9,Medio,74.4
Antigua and Barbuda,Central America and Caribbean,Developing,2003,11.5,14.1,150.412,Medio,6.91,99,59,25.4,99,99,0.1,13793,Alto,0.08,3.5,3.5,9,Medio,74.6
Antigua and Barbuda,Central America and Caribbean,Developing,2004,11,13.5,148.5575,Medio,6.72,97,64,25.5,97,97,0.1,14400,Alto,0.08,3.5,3.4,9.1,Medio,74.8
Antigua and Barbuda,Central America and Caribbean,Developing,2005,10.6,12.9,146.703,Medio,7.44,99,46,25.6,98,99,0.1,15122,Alto,0.08,3.5,3.4,9.1,Medio,75
Antigua and Barbuda,Central America and Caribbean,Developing,2006,10.1,12.3,144.8485,Medio,7.7,99,68,25.7,99,99,0.1,16786,Alto,0.08,3.4,3.4,9.2,Medio,75.2
Antigua and Barbuda,Central America and Caribbean,Developing,2007,9.6,11.7,142.994,Medio,8.11,97,78,25.8,98,99,0.1,18062,Alto,0.08,3.4,3.3,9.2,Medio,75.4
Antigua and Barbuda,Central America and Caribbean,Developing,2008,9.2,11.1,141.2655,Medio,8.41,98,83,25.9,99,99,0.1,17771,Alto,0.09,3.4,3.3,9.3,Medio,75.5
Antigua and Barbuda,Central America and Caribbean,Developing,2009,8.7,10.6,139.537,Medio,7.64,98,94,26,98,99,0.1,15402,Alto,0.09,3.4,3.3,9.3,Medio,75.7
Antigua and Barbuda,Central America and Caribbean,Developing,2010,8.3,10,137.808,Medio,7.16,98,92,26.1,99,98,0.1,13987,Alto,0.09,3.3,3.3,9.2,Medio,75.8
Antigua and Barbuda,Central America and Caribbean,Developing,2011,7.9,9.5,136.0795,Medio,7.24,99,89,26.2,99,99,0.1,13525,Alto,0.09,3.3,3.3,9.2,Medio,76
Antigua and Barbuda,Central America and Caribbean,Developing,2012,7.5,9,134.3515,Medio,8.22,98,90,26.3,97,98,0.2,13803,Alto,0.09,3.3,3.3,9.2,Medio,76.1
Antigua and Barbuda,Central America and Caribbean,Developing,2013,7.1,8.5,132.9015,Medio,9.43,99,87,26.4,98,99,0.2,13554,Alto,0.09,3.3,3.3,9.2,Medio,76.2
Antigua and Barbuda,Central America and Caribbean,Developing,2014,6.8,8.1,131.452,Medio,9.66,99,99,26.5,96,99,0.2,13909,Alto,0.09,3.3,3.3,9.2,Medio,76.3
Antigua and Barbuda,Central America and Caribbean,Developing,2015,6.5,7.8,130.0025,Medio,9.06,99,84,26.6,86,99,0.2,14285,Alto,0.09,3.3,3.3,9.2,Medio,76.5
Argentina,South America,Developing,2000,17.5,19.6,139.3255,Medio,7.68,73,56,26.1,88,83,0.16,10731,Alto,36.87,1.2,1.1,9.1,Medio,73.6
Argentina,South America,Developing,2001,16.9,18.9,137.696,Medio,7.76,73,56,26.2,85,83,0.16,10146,Alto,37.28,1.2,1.1,9.1,Medio,73.8
Argentina,South America,Developing,2002,16.4,18.3,136.066,Medio,7.81,66,83,26.3,94,93,0.15,8943,Alto,37.68,1.2,1,9.2,Medio,73.9
Argentina,South America,Developing,2003,15.8,17.7,134.5355,Medio,7.62,73,80,26.4,95,96,0.15,9630,Alto,38.09,1.2,1,9.3,Medio,74.1
Argentina,South America,Developing,2004,15.3,17.1,133.0055,Medio,7.63,81,93,26.5,91,98,0.15,10389,Alto,38.49,1.1,1,9.2,Medio,74.3
Argentina,South America,Developing,2005,14.8,16.5,131.475,Medio,7.6,88,88,26.6,95,98,0.15,11192,Alto,38.89,1.1,1,9.1,Medio,74.5
Argentina,South America,Developing,2006,14.4,16.1,129.945,Medio,7.8,84,91,26.7,92,91,0.15,11971,Alto,39.29,1.1,0.9,9,Medio,74.6
Argentina,South America,Developing,2007,14,15.7,128.4145,Bajo,8.16,85,84,26.8,92,91,0.15,12919,Alto,39.68,1.1,0.9,8.9,Medio,74.8
Argentina,South America,Developing,2008,13.7,15.3,126.9785,Bajo,8.42,90,88,26.9,94,93,0.15,13311,Alto,40.08,1,0.9,8.9,Medio,75
Argentina,South America,Developing,2009,13.3,14.9,125.542,Bajo,8.34,94,96,27,97,94,0.14,12398,Alto,40.48,1,0.9,9.3,Medio,75.1
Argentina,South America,Developing,2010,12.9,14.5,124.1055,Bajo,8.15,94,94,27.1,95,94,0.14,13551,Alto,40.79,1,0.9,9.8,Alto,75.3
Argentina,South America,Developing,2011,12.4,13.9,122.669,Bajo,7.69,91,91,27.2,93,91,0.14,14200,Alto,41.26,1,0.9,9.8,Alto,75.4
Argentina,South America,Developing,2012,11.9,13.3,121.2325,Bajo,8,91,89,27.3,90,91,0.14,13896,Alto,41.73,1,0.9,9.8,Alto,75.6
Argentina,South America,Developing,2013,11.3,12.7,119.885,Bajo,8.27,94,83,27.4,90,94,0.14,14072,Alto,42.2,1,0.9,9.8,Alto,75.8
Argentina,South America,Developing,2014,10.8,12.1,118.5375,Bajo,7.93,94,96,27.5,92,94,0.13,13568,Alto,42.67,1,0.9,9.8,Alto,75.9
Argentina,South America,Developing,2015,10.2,11.5,117.1895,Bajo,8.49,94,87,27.6,93,94,0.13,13789,Alto,43.13,1,0.9,9.8,Alto,76.1
Armenia,Rest of Europe,Developing,2000,27,30.6,149.064,Medio,2.91,55,94,25.7,96,93,0.08,1290,Bajo,3.07,2.1,2.2,10.8,Alto,71.4
Armenia,Rest of Europe,Developing,2001,25.7,29.1,143.7555,Medio,2.87,69,96,25.7,97,94,0.08,1422,Bajo,3.05,2.1,2.1,10.7,Alto,71.8
Armenia,Rest of Europe,Developing,2002,24.5,27.7,138.447,Medio,2.87,91,95,25.7,96,94,0.08,1619,Bajo,3.03,2.1,2.1,10.8,Alto,72.1
Armenia,Rest of Europe,Developing,2003,23.3,26.3,139.9,Medio,3,93,93,25.8,96,94,0.08,1856,Bajo,3.02,2,2.1,10.8,Alto,72.3
Armenia,Rest of Europe,Developing,2004,22.2,25,141.353,Medio,3.73,91,94,25.8,93,91,0.08,2062,Bajo,3,2,2.1,10.8,Alto,72.5
Armenia,Rest of Europe,Developing,2005,21.1,23.7,142.8055,Medio,4.17,91,92,25.8,92,90,0.08,2364,Medio,2.98,2,2.1,10.9,Alto,72.6
Armenia,Rest of Europe,Developing,2006,20,22.5,144.2585,Medio,3.99,78,85,25.9,87,87,0.08,2697,Medio,2.96,2,2.1,10.9,Alto,72.7
Armenia,Rest of Europe,Developing,2007,19,21.4,145.711,Medio,3.91,85,93,25.9,90,88,0.08,3093,Medio,2.93,2,2.1,11,Alto,72.8
Armenia,Rest of Europe,Developing,2008,18.1,20.3,142.5365,Medio,3.96,89,94,25.9,91,89,0.08,3335,Medio,2.91,2,2.1,11,Alto,72.9
Armenia,Rest of Europe,Developing,2009,17.2,19.2,139.3615,Medio,3.97,93,96,26,94,93,0.08,2884,Medio,2.89,2,2.1,11.1,Alto,73.1
Armenia,Rest of Europe,Developing,2010,16.3,18.3,136.1865,Medio,4.23,94,97,26,96,94,0.08,2959,Medio,2.88,2,2.1,11.1,Alto,73.3
Armenia,Rest of Europe,Developing,2011,15.5,17.3,133.0115,Medio,4.07,95,98,26.1,96,95,0.08,3099,Medio,2.88,2,2.1,11.2,Alto,73.6
Armenia,Rest of Europe,Developing,2012,14.7,16.4,129.837,Medio,3.89,95,97,26.1,96,95,0.08,3313,Medio,2.88,2,2.1,11.3,Alto,73.8
Armenia,Rest of Europe,Developing,2013,14,15.6,128.387,Bajo,3.92,95,97,26.2,96,95,0.08,3407,Medio,2.9,2.1,2.1,11.4,Alto,74.1
Armenia,Rest of Europe,Developing,2014,13.3,14.8,126.937,Bajo,4.22,93,97,26.2,95,93,0.08,3511,Medio,2.91,2.1,2.1,11.5,Alto,74.3
Armenia,Rest of Europe,Developing,2015,12.6,14.1,125.4875,Bajo,4.04,94,97,26.3,96,94,0.09,3607,Medio,2.93,2.1,2.2,11.6,Alto,74.5
Australia,Oceania,Developed,2000,5.1,6.2,77.0385,Bajo,10.17,95,85,26.2,90,90,0.04,45559,Alto,19.15,0.7,0.7,11.9,Alto,79.2
Australia,Oceania,Developed,2001,5,6.1,73.7145,Bajo,9.53,94,85,26.3,91,92,0.04,45865,Alto,19.41,0.7,0.7,11.9,Alto,79.6
Australia,Oceania,Developed,2002,5,6,71.935,Bajo,9.84,95,85,26.4,92,92,0.04,47127,Alto,19.65,0.7,0.7,11.8,Alto,79.9
Australia,Oceania,Developed,2003,4.9,5.9,69.879,Bajo,9.97,95,86,26.5,92,93,0.05,47997,Alto,19.9,0.7,0.7,11.8,Alto,80.2
Australia,Oceania,Developed,2004,4.8,5.8,67.92,Bajo,9.84,95,85,26.6,92,92,0.05,49439,Alto,20.13,0.7,0.6,11.8,Alto,80.5
Australia,Oceania,Developed,2005,4.8,5.7,66.521,Bajo,10.3,95,85,26.7,92,92,0.05,50333,Alto,20.39,0.7,0.6,11.7,Alto,80.8
Australia,Oceania,Developed,2006,4.7,5.6,65.59,Bajo,10.31,95,87,26.7,92,92,0.05,50948,Alto,20.7,0.7,0.6,11.9,Alto,81
Australia,Oceania,Developed,2007,4.5,5.4,66.424,Bajo,10.56,94,89,26.8,92,92,0.05,52539,Alto,20.83,0.7,0.6,12,Alto,81.3
Australia,Oceania,Developed,2008,4.4,5.2,64.318,Bajo,10.76,94,80,26.8,92,92,0.05,53339,Alto,21.25,0.7,0.6,12.3,Alto,81.4
Australia,Oceania,Developed,2009,4.2,5,64.839,Bajo,10.62,94,82,26.9,92,92,0.05,53226,Alto,21.69,0.7,0.6,12.3,Alto,81.5
Australia,Oceania,Developed,2010,4,4.8,62.169,Bajo,10.52,92,88,26.9,92,92,0.05,53543,Alto,22.03,0.7,0.6,12.4,Alto,81.7
Australia,Oceania,Developed,2011,3.8,4.5,62.175,Bajo,10.3,92,90,27,92,92,0.05,54108,Alto,22.34,0.6,0.6,12.5,Alto,81.9
Australia,Oceania,Developed,2012,3.6,4.3,60.0415,Bajo,10.03,91,91,27,92,92,0.05,55255,Alto,22.73,0.6,0.6,12.6,Alto,82
Australia,Oceania,Developed,2013,3.5,4.1,60.215,Bajo,10,91,92,27,91,91,0.05,55724,Alto,23.13,0.6,0.6,12.6,Alto,82.1
Australia,Oceania,Developed,2014,3.4,4,60.8255,Bajo,9.9,91,93,27.1,92,92,0.04,56306,Alto,23.48,0.6,0.6,12.7,Alto,82.3
Australia,Oceania,Developed,2015,3.3,3.9,61.7325,Bajo,9.68,93,93,27.1,93,93,0.04,56707,Alto,23.82,0.6,0.6,12.8,Alto,82.4
Austria,European Union,Developed,2000,4.6,5.5,94.882,Bajo,13.35,33,35,25,71,81,0.08,38843,Alto,8.01,1.7,1.9,9,Medio,78.1
Austria,European Union,Developed,2001,4.5,5.4,91.5155,Bajo,12.35,44,34,25,83,84,0.08,39185,Alto,8.04,1.7,1.9,9.2,Medio,78.6
Austria,European Union,Developed,2002,4.4,5.3,89.4275,Bajo,12.09,81,39,25.1,82,83,0.08,39636,Alto,8.08,1.7,1.9,9.4,Medio,78.7
Austria,European Union,Developed,2003,4.3,5.2,87.6535,Bajo,12.31,83,46,25.1,84,84,0.08,39815,Alto,8.12,1.7,1.9,9.6,Alto,78.6
Austria,European Union,Developed,2004,4.2,5.1,84.8235,Bajo,12.17,83,47,25.2,83,83,0.08,40651,Alto,8.17,1.7,1.9,9.8,Alto,79.2
Austria,European Union,Developed,2005,4.1,4.9,83.48,Bajo,12.14,86,54,25.2,86,86,0.08,41281,Alto,8.23,1.7,1.9,9.9,Alto,79.3
Austria,European Union,Developed,2006,3.9,4.7,78.393,Bajo,12.58,83,61,25.3,83,83,0.08,42496,Alto,8.27,1.7,1.9,10.1,Alto,79.9
Austria,European Union,Developed,2007,3.8,4.6,78.0555,Bajo,12.54,85,56,25.3,85,85,0.08,43938,Alto,8.3,1.7,1.9,11.6,Alto,80.2
Austria,European Union,Developed,2008,3.8,4.5,74.9395,Bajo,12.03,83,62,25.3,83,83,0.08,44440,Alto,8.32,1.7,1.9,11.5,Alto,80.4
Austria,European Union,Developed,2009,3.7,4.5,76.57,Bajo,11.87,83,64,25.4,83,83,0.08,42655,Alto,8.34,1.7,1.9,11.7,Alto,80.3
Austria,European Union,Developed,2010,3.6,4.3,74.502,Bajo,12.1,86,69,25.4,86,86,0.08,43335,Alto,8.36,1.7,1.9,11.8,Alto,80.6
Austria,European Union,Developed,2011,3.5,4.2,71.8545,Bajo,11.9,89,73,25.4,89,89,0.08,44451,Alto,8.39,1.7,2,11.8,Alto,81
Austria,European Union,Developed,2012,3.3,4,69.0215,Bajo,12.1,92,78,25.5,92,92,0.08,44550,Alto,8.43,1.8,2,11.8,Alto,80.9
Austria,European Union,Developed,2013,3.2,3.9,67.3475,Bajo,12.1,95,82,25.5,95,95,0.08,44299,Alto,8.48,1.8,2,11.9,Alto,81.1
Austria,European Union,Developed,2014,3.1,3.8,65.815,Bajo,12.4,98,87,25.5,98,98,0.08,44245,Alto,8.55,1.8,2,12.1,Alto,81.5
Austria,European Union,Developed,2015,3,3.7,64.6875,Bajo,11.6,93,88,25.5,93,93,0.08,44196,Alto,8.64,1.9,2.1,12.1,Alto,81.2
Azerbaijan,Asia,Developing,2000,60.9,74.4,169.5265,Medio,0.66,50,66,25.6,75,76,0.12,1481,Bajo,8.05,3.2,3.1,10.6,Alto,66.8
Azerbaijan,Asia,Developing,2001,57.2,69.3,166.736,Medio,0.5,50,65,25.6,77,77,0.16,1615,Bajo,8.11,3.1,3.1,10.6,Alto,67.1
Azerbaijan,Asia,Developing,2002,53.5,64.3,163.946,Medio,0.55,50,67,25.7,80,76,0.18,1754,Bajo,8.17,3.1,3.1,10.6,Alto,67.4
Azerbaijan,Asia,Developing,2003,50.1,59.7,159.492,Medio,0.55,51,66,25.8,79,77,0.2,1919,Bajo,8.23,3,3,10.6,Alto,67.8
Azerbaijan,Asia,Developing,2004,47,55.6,155.0385,Medio,0.63,50,67,25.9,78,77,0.2,2078,Bajo,8.31,3,3,10.6,Alto,68.2
Azerbaijan,Asia,Developing,2005,44.1,51.9,150.584,Medio,0.73,49,67,26,79,75,0.19,2632,Medio,8.39,2.9,3,10.7,Alto,68.7
Azerbaijan,Asia,Developing,2006,41.5,48.6,146.13,Medio,0.85,52,68,26,80,78,0.17,3501,Medio,8.48,2.9,2.9,10.7,Alto,69.3
Azerbaijan,Asia,Developing,2007,39.1,45.5,141.6765,Medio,0.95,62,75,26.1,81,79,0.15,4327,Medio,8.58,2.8,2.9,10.2,Alto,69.8
Azerbaijan,Asia,Developing,2008,36.8,42.7,139.7585,Medio,1.12,68,79,26.2,85,81,0.12,4693,Medio,8.76,2.8,2.9,10.2,Alto,70.2
Azerbaijan,Asia,Developing,2009,34.7,39.9,137.841,Medio,1.92,74,83,26.3,84,81,0.1,5024,Medio,8.95,2.8,2.9,10.7,Alto,70.6
Azerbaijan,Asia,Developing,2010,32.5,37.3,135.9235,Medio,0.99,80,89,26.4,85,81,0.09,5215,Medio,9.05,2.8,2.9,10.7,Alto,70.9
Azerbaijan,Asia,Developing,2011,30.5,34.9,134.006,Medio,0.6,84,92,26.5,91,87,0.08,5153,Medio,9.17,2.8,2.9,10.7,Alto,71.2
Azerbaijan,Asia,Developing,2012,28.5,32.5,132.0885,Medio,0.52,88,95,26.6,92,89,0.07,5195,Medio,9.3,2.8,2.8,10.7,Alto,71.5
Azerbaijan,Asia,Developing,2013,26.7,30.3,129.6915,Medio,0.52,93,98,26.7,96,93,0.06,5426,Medio,9.42,2.8,2.8,10.8,Alto,71.8
Azerbaijan,Asia,Developing,2014,24.9,28.2,127.294,Bajo,0.36,94,98,26.8,97,94,0.05,5506,Medio,9.54,2.8,2.9,10.7,Alto,72
Azerbaijan,Asia,Developing,2015,23.3,26.3,124.897,Bajo,0.51,96,98,26.9,98,96,0.05,5500,Medio,9.65,2.8,2.9,10.7,Alto,72.3
"Bahamas, The",Central America and Caribbean,Developing,2000,13.9,16.3,190.144,Medio,11.93,90,83,26.7,91,99,1,35794,Alto,0.3,2.7,2.6,10.9,Alto,71.9
"Bahamas, The",Central America and Caribbean,Developing,2001,14,16.4,187.537,Medio,11.38,90,83,26.8,98,99,0.9,36178,Alto,0.3,2.7,2.6,10.9,Alto,72
"Bahamas, The",Central America and Caribbean,Developing,2002,14.1,16.5,184.93,Medio,10.94,89,83,26.9,93,94,0.82,36548,Alto,0.31,2.6,2.6,10.9,Alto,72
"Bahamas, The",Central America and Caribbean,Developing,2003,14.3,16.7,182.864,Medio,10.59,88,83,27,93,92,0.75,35456,Alto,0.31,2.6,2.5,10.9,Alto,72
"Bahamas, The",Central America and Caribbean,Developing,2004,14.4,16.8,180.7985,Medio,9.61,93,83,27.1,92,93,0.7,35122,Alto,0.32,2.6,2.5,10.9,Alto,72
"Bahamas, The",Central America and Caribbean,Developing,2005,14.4,16.8,178.7335,Medio,9.83,93,83,27.1,93,93,0.66,35649,Alto,0.32,2.6,2.5,10.9,Alto,72
"Bahamas, The",Central America and Caribbean,Developing,2006,14.3,16.7,176.668,Medio,9.82,96,83,27.2,94,95,0.59,35863,Alto,0.33,2.5,2.5,10.9,Alto,72
"Bahamas, The",Central America and Caribbean,Developing,2007,14.1,16.5,174.6025,Medio,9.92,93,83,27.3,95,95,0.57,35697,Alto,0.34,2.5,2.5,10.9,Alto,72
"Bahamas, The",Central America and Caribbean,Developing,2008,13.9,16.2,172.336,Medio,9.65,90,83,27.4,93,93,0.53,34229,Alto,0.34,2.5,2.5,10.9,Alto,72
"Bahamas, The",Central America and Caribbean,Developing,2009,13.6,15.9,170.07,Medio,8.75,95,83,27.4,97,96,0.49,32244,Alto,0.35,2.5,2.5,10.9,Alto,72.1
"Bahamas, The",Central America and Caribbean,Developing,2010,13.3,15.6,167.804,Medio,9.21,98,83,27.5,97,99,0.49,32248,Alto,0.35,2.5,2.5,10.9,Alto,72.1
"Bahamas, The",Central America and Caribbean,Developing,2011,13,15.2,165.538,Medio,9.23,95,83,27.6,97,98,0.46,32027,Alto,0.36,2.5,2.5,11,Alto,72.3
"Bahamas, The",Central America and Caribbean,Developing,2012,12.8,14.9,163.272,Medio,9.37,96,83,27.7,99,98,0.39,32652,Alto,0.36,2.5,2.5,11.1,Alto,72.4
"Bahamas, The",Central America and Caribbean,Developing,2013,12.5,14.6,161.711,Medio,9.23,97,83,27.8,97,97,0.36,31408,Alto,0.37,2.5,2.5,11.1,Alto,72.6
"Bahamas, The",Central America and Caribbean,Developing,2014,12.2,14.3,160.15,Medio,9.22,96,83,27.8,96,96,0.34,31689,Alto,0.37,2.5,2.5,11.1,Alto,72.8
"Bahamas, The",Central America and Caribbean,Developing,2015,12,14,158.589,Medio,9.27,95,83,27.9,95,95,0.34,31699,Alto,0.37,2.5,2.5,11.1,Alto,73.1
Bahrain,Middle East,Developing,2000,10.7,12.5,88.5395,Bajo,1.97,97,92,25.5,97,97,0.05,23244,Alto,0.66,6.2,6,8.3,Medio,74.4
Bahrain,Middle East,Developing,2001,10.3,12,86.116,Bajo,1.89,99,99,25.5,99,99,0.05,22698,Alto,0.7,6.2,6,8.4,Medio,74.6
Bahrain,Middle East,Developing,2002,10,11.6,83.6925,Bajo,1.87,98,97,25.4,98,98,0.05,22258,Alto,0.74,6.2,5.9,8.4,Medio,74.8
Bahrain,Middle East,Developing,2003,9.7,11.3,81.7285,Bajo,2.04,98,99,25.4,97,97,0.05,22336,Alto,0.78,6.1,5.9,8.4,Medio,75
Bahrain,Middle East,Developing,2004,9.4,11,79.765,Bajo,1.98,98,99,25.3,98,98,0.05,22423,Alto,0.83,6.1,5.9,8.4,Medio,75.2
Bahrain,Middle East,Developing,2005,9.1,10.6,77.801,Bajo,1.92,98,99,25.3,98,98,0.05,22344,Alto,0.89,6.1,5.9,8.4,Medio,75.3
Bahrain,Middle East,Developing,2006,8.8,10.2,75.8375,Bajo,1.94,98,99,25.2,98,98,0.05,22069,Alto,0.96,6.1,5.9,8.4,Medio,75.5
Bahrain,Middle East,Developing,2007,8.4,9.8,73.874,Bajo,1.83,97,99,25.1,97,97,0.05,22112,Alto,1.04,6.1,5.9,8.4,Medio,75.6
Bahrain,Middle East,Developing,2008,8,9.3,72.9865,Bajo,1.99,97,97,25.1,97,97,0.05,21833,Alto,1.11,6,5.9,8.4,Medio,75.8
Bahrain,Middle East,Developing,2009,7.6,8.9,72.0995,Bajo,1.95,98,99,25,97,98,0.05,21057,Alto,1.19,6,5.9,8.4,Medio,75.9
Bahrain,Middle East,Developing,2010,7.3,8.5,71.212,Bajo,1.96,99,98,25,99,99,0.05,20982,Alto,1.24,6,5.9,8.4,Medio,76.1
Bahrain,Middle East,Developing,2011,7,8.2,70.3255,Bajo,1.66,99,98,25,99,99,0.05,20774,Alto,1.28,6.1,6,8.6,Medio,76.2
Bahrain,Middle East,Developing,2012,6.8,8,69.438,Bajo,1.72,99,99,24.9,99,99,0.05,21188,Alto,1.3,6.1,6,8.8,Medio,76.3
Bahrain,Middle East,Developing,2013,6.7,7.8,68.52,Bajo,1.65,99,99,24.9,99,99,0.05,22079,Alto,1.32,6.1,6,9,Medio,76.5
Bahrain,Middle East,Developing,2014,6.6,7.7,67.602,Bajo,1.57,98,99,24.9,98,98,0.05,22677,Alto,1.34,6.1,6,9.1,Medio,76.6
Bahrain,Middle East,Developing,2015,6.5,7.6,66.684,Bajo,1.53,98,99,24.8,98,98,0.05,22634,Alto,1.37,6.2,6.1,9.3,Medio,76.8
Bangladesh,Asia,Developing,2000,63.1,86,170.133,Medio,0.005,75,63,20.2,83,82,0.01,654,Bajo,127.66,20.9,21.5,4.1,Bajo,65.4
Bangladesh,Asia,Developing,2001,60,81.1,166.197,Medio,0.004,75,63,20.3,85,85,0.01,674,Bajo,130.09,20.7,21.3,4.3,Bajo,66
Bangladesh,Asia,Developing,2002,57,76.5,162.2605,Medio,0.003,75,63,20.4,83,83,0.01,687,Bajo,132.48,20.5,21.1,4.3,Bajo,66.4
Bangladesh,Asia,Developing,2003,54.3,72.3,159.3365,Medio,0.003,75,63,20.4,90,87,0.01,708,Bajo,134.79,20.3,20.9,4.4,Bajo,66.9
Bangladesh,Asia,Developing,2004,51.8,68.3,156.4125,Medio,0.004,75,63,20.5,88,99,0.01,733,Bajo,136.99,20.1,20.7,4.5,Bajo,67.3
Bangladesh,Asia,Developing,2005,49.4,64.6,153.489,Medio,4e-4,45,63,20.6,94,93,0.01,769,Bajo,139.04,19.9,20.5,4.5,Bajo,67.8
Bangladesh,Asia,Developing,2006,47,61,150.565,Medio,0.003,86,62,20.7,95,94,0.01,809,Bajo,140.92,19.7,20.3,4.6,Bajo,68.2
Bangladesh,Asia,Developing,2007,44.8,57.8,147.641,Medio,0.004,95,63,20.8,96,94,0.01,856,Bajo,142.66,19.5,20.1,4.7,Bajo,68.6
Bangladesh,Asia,Developing,2008,42.7,54.7,145.5585,Medio,0.003,96,65,20.9,96,96,0.01,897,Bajo,144.3,19.3,19.9,4.8,Bajo,69.1
Bangladesh,Asia,Developing,2009,40.7,51.8,143.4765,Medio,0.003,97,59,21,97,97,0.01,932,Bajo,145.92,19.1,19.7,4.8,Bajo,69.5
Bangladesh,Asia,Developing,2010,38.9,49.1,141.3945,Medio,0,94,65,21.1,94,94,0.01,973,Bajo,147.58,18.9,19.4,4.9,Bajo,69.9
Bangladesh,Asia,Developing,2011,37.2,46.7,139.3125,Medio,0,96,71,21.2,96,96,0.01,1024,Bajo,149.27,18.7,19.2,5.1,Bajo,70.3
Bangladesh,Asia,Developing,2012,35.6,44.4,137.2305,Medio,0,94,41,21.3,94,94,0.01,1078,Bajo,151.01,18.5,19,5.1,Bajo,70.6
Bangladesh,Asia,Developing,2013,34,42.2,134.7385,Medio,0,96,82,21.4,96,96,0.01,1130,Bajo,152.76,18.3,18.8,5.1,Bajo,70.9
Bangladesh,Asia,Developing,2014,32.5,40.1,132.246,Medio,0.01,97,89,21.5,97,97,0.01,1185,Bajo,154.52,18.1,18.6,5.2,Bajo,71.2
Bangladesh,Asia,Developing,2015,31,38.1,129.753,Medio,0.01,97,90,21.6,98,97,0.01,1248,Bajo,156.26,17.9,18.3,5.2,Bajo,71.5
Barbados,Central America and Caribbean,Developing,2000,13.7,15.1,127.413,Bajo,7.31,93,41,26.5,86,93,0.61,16277,Alto,0.27,4.3,4.2,9,Medio,77.2
Barbados,Central America and Caribbean,Developing,2001,14,15.3,125.1375,Bajo,7.42,83,70,26.6,93,84,0.61,15834,Alto,0.27,4.2,4.2,9,Medio,77.4
Barbados,Central America and Caribbean,Developing,2002,14.2,15.5,122.8625,Bajo,7.59,66,41,26.6,86,87,0.6,15905,Alto,0.27,4.2,4.1,9.1,Medio,77.5
Barbados,Central America and Caribbean,Developing,2003,14.3,15.7,120.787,Bajo,7.51,91,71,26.7,90,89,0.58,16197,Alto,0.27,4.1,4.1,9.1,Medio,77.7
Barbados,Central America and Caribbean,Developing,2004,14.4,15.7,118.7115,Bajo,7.43,93,99,26.8,93,93,0.57,16369,Alto,0.28,4.1,4,9.2,Medio,77.8
Barbados,Central America and Caribbean,Developing,2005,14.4,15.7,116.6365,Bajo,7.84,92,98,26.9,91,92,0.55,16952,Alto,0.28,4,4,9.2,Medio,77.9
Barbados,Central America and Caribbean,Developing,2006,14.3,15.6,114.561,Bajo,8.12,84,94,27,85,84,0.52,17914,Alto,0.28,4,3.9,9.2,Medio,78
Barbados,Central America and Caribbean,Developing,2007,14.2,15.4,112.486,Bajo,8.07,93,96,27.1,93,93,0.49,18205,Alto,0.28,3.9,3.9,9.3,Medio,78.1
Barbados,Central America and Caribbean,Developing,2008,14.1,15.3,110.5555,Bajo,8.63,85,97,27.1,85,85,0.45,18240,Alto,0.28,3.9,3.9,9.3,Medio,78.2
Barbados,Central America and Caribbean,Developing,2009,13.9,15.1,108.625,Bajo,8.24,93,97,27.2,93,93,0.41,17254,Alto,0.28,3.8,3.8,9.3,Medio,78.3
Barbados,Central America and Caribbean,Developing,2010,13.8,15,106.695,Bajo,8.66,86,96,27.3,90,86,0.38,16784,Alto,0.28,3.8,3.8,9.4,Medio,78.4
Barbados,Central America and Caribbean,Developing,2011,13.7,14.8,104.765,Bajo,8.69,91,94,27.4,91,91,0.35,16619,Alto,0.28,3.8,3.8,9.9,Alto,78.5
Barbados,Central America and Caribbean,Developing,2012,13.6,14.7,102.8345,Bajo,8.9,87,90,27.5,88,87,0.33,16505,Alto,0.28,3.8,3.8,10.5,Alto,78.5
Barbados,Central America and Caribbean,Developing,2013,13.5,14.6,101.5875,Bajo,9.05,91,89,27.5,91,91,0.31,16232,Alto,0.28,3.8,3.8,10.5,Alto,78.6
Barbados,Central America and Caribbean,Developing,2014,13.3,14.3,100.3405,Bajo,9.27,94,91,27.6,95,94,0.29,16188,Alto,0.28,3.8,3.7,10.5,Alto,78.7
Barbados,Central America and Caribbean,Developing,2015,13,14,99.0935,Bajo,9.68,97,89,27.7,97,97,0.28,16559,Alto,0.29,3.8,3.7,10.5,Alto,78.8
Belarus,Rest of Europe,Developing,2000,9.9,12.7,239.716,Alto,12.92,70,92,25.7,99,99,0.05,2617,Medio,9.98,2.7,2.8,8.9,Medio,68.9
Belarus,Rest of Europe,Developing,2001,9.2,11.8,249.943,Alto,10.74,93,97,25.8,99,99,0.06,2755,Medio,9.93,2.6,2.7,9,Medio,68.5
Belarus,Rest of Europe,Developing,2002,8.5,10.9,260.3945,Alto,11.78,99,98,25.8,99,99,0.08,2912,Medio,9.87,2.5,2.7,9.1,Medio,68.1
Belarus,Rest of Europe,Developing,2003,7.8,10.1,251.835,Alto,11.17,56,98,25.9,53,50,0.1,3139,Medio,9.8,2.5,2.6,9.1,Medio,68.6
Belarus,Rest of Europe,Developing,2004,7.3,9.4,245.7875,Alto,12.08,99,98,26,99,99,0.12,3522,Medio,9.73,2.4,2.5,9.2,Medio,69
Belarus,Rest of Europe,Developing,2005,6.7,8.7,248.5795,Alto,11.19,99,98,26,98,99,0.14,3880,Medio,9.66,2.3,2.5,9.3,Medio,68.9
Belarus,Rest of Europe,Developing,2006,6.2,8,239.1545,Alto,12.61,98,95,26.1,97,99,0.17,4294,Medio,9.6,2.2,2.4,10,Alto,69.4
Belarus,Rest of Europe,Developing,2007,5.6,7.3,224.272,Alto,13.91,91,99,26.2,90,95,0.19,4685,Medio,9.56,2.2,2.3,10.6,Alto,70.2
Belarus,Rest of Europe,Developing,2008,5.1,6.6,222.907,Alto,14.58,98,99,26.2,98,97,0.2,5181,Medio,9.53,2.1,2.3,11.3,Alto,70.5
Belarus,Rest of Europe,Developing,2009,4.6,6.1,221.6415,Alto,13.98,98,99,26.3,98,96,0.21,5204,Medio,9.5,2.1,2.2,11.9,Alto,70.4
Belarus,Rest of Europe,Developing,2010,4.3,5.6,223.1685,Alto,14.43,96,99,26.3,99,98,0.22,5622,Medio,9.48,2,2.2,12,Alto,70.4
Belarus,Rest of Europe,Developing,2011,3.9,5.2,225.4045,Alto,14.5,98,99,26.4,98,98,0.23,5938,Medio,9.46,2,2.1,12,Alto,70.6
Belarus,Rest of Europe,Developing,2012,3.7,4.9,192.409,Medio,13.56,97,97,26.4,98,98,0.23,6048,Medio,9.45,2,2.1,12,Alto,72
Belarus,Rest of Europe,Developing,2013,3.5,4.6,184.4715,Medio,12.58,98,99,26.5,98,98,0.23,6111,Medio,9.44,2,2,12,Alto,72.5
Belarus,Rest of Europe,Developing,2014,3.3,4.3,175.6015,Medio,11.29,97,98,26.5,97,97,0.23,6213,Medio,9.45,1.9,2,12.1,Alto,73
Belarus,Rest of Europe,Developing,2015,3.1,4.1,163.872,Medio,9.79,99,99,26.6,99,99,0.22,5967,Medio,9.46,1.9,2,12.2,Alto,73.6
Belgium,European Union,Developed,2000,4.8,5.8,99.6,Bajo,11.21,60,78,25.5,96,95,0.08,35675,Alto,10.25,0.8,0.8,10,Alto,77.7
Belgium,European Union,Developed,2001,4.6,5.6,97.8795,Bajo,11.01,60,78,25.5,96,95,0.08,35943,Alto,10.29,0.8,0.8,10.2,Alto,78
Belgium,European Union,Developed,2002,4.4,5.4,95.81,Bajo,11.29,60,78,25.6,96,95,0.08,36393,Alto,10.33,0.8,0.8,10.3,Alto,78.1
Belgium,European Union,Developed,2003,4.3,5.2,93.89,Bajo,11.28,64,78,25.6,96,95,0.08,36617,Alto,10.38,0.8,0.8,10.4,Alto,78.1
Belgium,European Union,Developed,2004,4.2,5.1,89.671,Bajo,12.05,64,78,25.7,96,95,0.08,37761,Alto,10.42,0.8,0.8,10.5,Alto,78.9
Belgium,European Union,Developed,2005,4,4.9,88.2405,Bajo,12.21,77,79,25.7,97,97,0.08,38426,Alto,10.48,0.8,0.8,10.7,Alto,79
Belgium,European Union,Developed,2006,4,4.8,86.023,Bajo,10.94,94,78,25.8,99,98,0.08,39148,Alto,10.55,0.8,0.8,11.1,Alto,79.4
Belgium,European Union,Developed,2007,3.9,4.7,86.1695,Bajo,13.43,94,78,25.8,99,98,0.08,40290,Alto,10.63,0.8,0.8,11.1,Alto,79.8
Belgium,European Union,Developed,2008,3.8,4.6,86.6285,Bajo,10.51,98,81,25.9,99,99,0.08,40152,Alto,10.71,0.8,0.8,11,Alto,79.7
Belgium,European Union,Developed,2009,3.7,4.5,84.168,Bajo,10.1,97,83,25.9,98,98,0.08,39025,Alto,10.8,0.9,0.9,11.1,Alto,80
Belgium,European Union,Developed,2010,3.6,4.4,80.8845,Bajo,10.27,97,83,25.9,98,98,0.08,39778,Alto,10.9,0.9,0.9,11.1,Alto,80.2
Belgium,European Union,Developed,2011,3.6,4.4,79.9355,Bajo,10.14,97,83,26,98,98,0.08,39929,Alto,11.04,0.9,0.9,11.2,Alto,80.6
Belgium,European Union,Developed,2012,3.5,4.3,78.0865,Bajo,10.09,98,85,26,99,99,0.08,39976,Alto,11.11,0.9,0.9,11.2,Alto,80.4
Belgium,European Union,Developed,2013,3.4,4.2,75.9595,Bajo,10.33,98,85,26,99,99,0.08,39970,Alto,11.16,1,0.9,11.4,Alto,80.6
Belgium,European Union,Developed,2014,3.3,4.1,72.379,Bajo,10.57,98,85,26.1,99,99,0.08,40421,Alto,11.21,1,1,11.5,Alto,81.3
Belgium,European Union,Developed,2015,3.3,4.1,71.71,Bajo,10.36,98,85,26.1,99,99,0.08,41008,Alto,11.27,1,1,11.7,Alto,81
Belize,Central America and Caribbean,Developing,2000,20,23.6,193.722,Medio,4.7,76,89,27.4,91,91,1.13,4275,Medio,0.25,3.8,3.7,10.1,Alto,68.8
Belize,Central America and Caribbean,Developing,2001,19.4,22.8,195.111,Medio,4.77,96,89,27.5,96,96,1.26,4353,Medio,0.26,3.7,3.7,10.1,Alto,69
Belize,Central America and Caribbean,Developing,2002,18.9,22.2,196.5,Medio,4.92,97,88,27.6,93,89,1.38,4448,Medio,0.26,3.7,3.6,10.2,Alto,69.3
Belize,Central America and Caribbean,Developing,2003,18.5,21.7,193.551,Medio,5.63,96,89,27.7,95,96,1.47,4736,Medio,0.27,3.6,3.6,10.2,Alto,69.5
Belize,Central America and Caribbean,Developing,2004,18.2,21.3,190.602,Medio,6.07,97,89,27.8,97,97,1.48,4830,Medio,0.28,3.6,3.5,10.3,Alto,69.7
Belize,Central America and Caribbean,Developing,2005,17.9,20.9,187.653,Medio,6.1,96,87,27.9,96,96,1.34,4809,Medio,0.28,3.6,3.5,10.3,Alto,70
Belize,Central America and Caribbean,Developing,2006,17.6,20.6,184.704,Medio,6.28,98,92,28,98,98,1.05,4898,Medio,0.29,3.6,3.5,10.3,Alto,70.3
Belize,Central America and Caribbean,Developing,2007,17.3,20.3,181.755,Medio,6.99,96,89,28.1,97,96,0.75,4828,Medio,0.3,3.5,3.5,10.4,Alto,70.6
Belize,Central America and Caribbean,Developing,2008,17,19.9,181.698,Medio,6.95,94,90,28.2,94,94,0.53,4835,Medio,0.31,3.5,3.4,10.4,Alto,71.1
Belize,Central America and Caribbean,Developing,2009,16.6,19.4,181.641,Medio,6.44,97,92,28.3,98,97,0.4,4729,Medio,0.31,3.5,3.4,10.4,Alto,71.5
Belize,Central America and Caribbean,Developing,2010,16.2,18.9,181.584,Medio,6.47,96,91,28.4,96,96,0.37,4768,Medio,0.32,3.5,3.4,10.5,Alto,72.1
Belize,Central America and Caribbean,Developing,2011,15.7,18.3,181.527,Medio,6.34,95,98,28.5,95,95,0.36,4730,Medio,0.33,3.5,3.4,10.5,Alto,72.6
Belize,Central America and Caribbean,Developing,2012,15.2,17.7,181.47,Medio,6.35,98,93,28.6,98,98,0.37,4734,Medio,0.34,3.5,3.4,10.5,Alto,73
Belize,Central America and Caribbean,Developing,2013,14.6,16.9,179.144,Medio,6.6,95,92,28.7,95,95,0.39,4667,Medio,0.35,3.4,3.4,10.5,Alto,73.5
Belize,Central America and Caribbean,Developing,2014,13.9,16.1,176.8185,Medio,6.73,95,92,28.8,95,95,0.39,4770,Medio,0.35,3.4,3.4,10.5,Alto,73.8
Belize,Central America and Caribbean,Developing,2015,13.2,15.3,174.4925,Medio,6.71,94,95,28.9,94,94,0.4,4805,Medio,0.36,3.5,3.4,10.5,Alto,74
Benin,Africa,Developing,2000,85,136.8,285.899,Alto,1.44,73,83,22.1,78,78,1.03,906,Bajo,6.87,9.7,9.6,2.6,Bajo,55.4
Benin,Africa,Developing,2001,83.3,133.7,285.318,Alto,1.39,73,83,22.2,77,76,0.98,926,Bajo,7.08,9.5,9.4,2.6,Bajo,55.7
Benin,Africa,Developing,2002,81.5,130.5,284.7375,Alto,1.34,73,83,22.3,76,75,0.93,940,Bajo,7.3,9.3,9.2,2.7,Bajo,56
Benin,Africa,Developing,2003,79.8,127.4,280.0665,Alto,1.46,73,83,22.4,75,73,0.88,943,Bajo,7.52,9.1,9,2.7,Bajo,56.4
Benin,Africa,Developing,2004,78.2,124.4,275.3955,Alto,1.25,75,83,22.5,74,72,0.84,956,Bajo,7.75,8.9,8.8,2.7,Bajo,56.9
Benin,Africa,Developing,2005,76.5,121.5,270.725,Alto,1.24,70,83,22.6,73,70,0.79,944,Bajo,7.98,8.7,8.6,2.8,Bajo,57.4
Benin,Africa,Developing,2006,75,118.8,266.0545,Alto,1.29,74,83,22.7,76,74,0.75,953,Bajo,8.22,8.5,8.4,2.8,Bajo,57.8
Benin,Africa,Developing,2007,73.6,116.2,261.384,Alto,1.23,82,83,22.8,82,82,0.73,981,Bajo,8.45,8.3,8.2,2.8,Bajo,58.3
Benin,Africa,Developing,2008,72.2,113.7,259.34,Alto,1.38,75,83,22.9,77,75,0.65,1001,Bajo,8.7,8.1,8,2.8,Bajo,58.7
Benin,Africa,Developing,2009,70.9,111.3,257.297,Alto,1.26,79,83,23,80,79,0.55,996,Bajo,8.94,7.9,7.8,2.8,Bajo,59
Benin,Africa,Developing,2010,69.6,109,255.2535,Alto,1.35,76,83,23.1,77,76,0.5,989,Bajo,9.2,7.8,7.6,2.8,Bajo,59.3
Benin,Africa,Developing,2011,68.3,106.7,253.2105,Alto,1.47,75,83,23.2,77,75,0.46,990,Bajo,9.46,7.6,7.5,2.8,Bajo,59.6
Benin,Africa,Developing,2012,67,104.4,251.1665,Alto,1.41,80,83,23.2,80,80,0.41,1009,Bajo,9.73,7.4,7.3,3,Bajo,59.8
Benin,Africa,Developing,2013,65.7,102.1,248.4295,Alto,1.43,77,83,23.3,73,77,0.4,1052,Bajo,10,7.2,7.1,3.2,Bajo,60.1
Benin,Africa,Developing,2014,64.4,99.8,245.6915,Alto,1.53,78,83,23.4,71,78,0.39,1088,Bajo,10.29,7.1,6.9,3.3,Bajo,60.3
Benin,Africa,Developing,2015,63.2,97.6,242.9535,Alto,1.53,82,83,23.5,72,82,0.33,1077,Bajo,10.58,6.9,6.8,3.5,Bajo,60.6
Bhutan,Asia,Developing,2000,57.5,77.2,291.8915,Alto,1.66,98,77,22.2,98,92,0.21,1108,Bajo,0.59,19.2,19.9,2.3,Bajo,60.9
Bhutan,Asia,Developing,2001,54.8,72.9,283.9275,Alto,1.42,89,77,22.3,88,88,0.23,1176,Bajo,0.6,18.9,19.6,2.3,Bajo,61.8
Bhutan,Asia,Developing,2002,52.2,68.9,275.964,Alto,0.3,83,77,22.4,89,86,0.24,1279,Bajo,0.62,18.6,19.4,2.3,Bajo,62.7
Bhutan,Asia,Developing,2003,49.7,65,268.3975,Alto,0.53,95,77,22.5,96,95,0.24,1353,Bajo,0.63,18.3,19.1,2.3,Bajo,63.6
Bhutan,Asia,Developing,2004,47.2,61.2,260.832,Alto,0.97,89,77,22.7,90,89,0.23,1410,Bajo,0.64,18,18.8,2.3,Bajo,64.5
Bhutan,Asia,Developing,2005,44.7,57.5,253.2655,Alto,0.73,95,76,22.8,95,95,0.19,1489,Bajo,0.65,17.8,18.6,2.3,Bajo,65.3
Bhutan,Asia,Developing,2006,42.3,54.1,245.7,Alto,0.28,95,77,22.9,96,95,0.21,1572,Bajo,0.66,17.5,18.3,2.3,Bajo,66
Bhutan,Asia,Developing,2007,40.1,50.8,238.1335,Alto,0.15,95,79,23,93,95,0.19,1840,Bajo,0.66,17.3,18.1,2.3,Bajo,66.7
Bhutan,Asia,Developing,2008,38,47.8,234.5365,Alto,0.16,96,72,23.1,96,96,0.17,1909,Bajo,0.67,17.1,17.8,2.3,Bajo,67.3
Bhutan,Asia,Developing,2009,36,44.9,230.9395,Alto,0.15,93,79,23.2,93,93,0.15,2018,Bajo,0.68,16.8,17.5,2.3,Bajo,67.9
Bhutan,Asia,Developing,2010,34.1,42.4,227.3425,Alto,0.23,91,85,23.3,92,91,0.16,2235,Medio,0.69,16.6,17.3,2.3,Bajo,68.4
Bhutan,Asia,Developing,2011,32.4,40,223.746,Alto,0.25,95,95,23.4,95,95,0.14,2387,Medio,0.69,16.3,17,2.3,Bajo,68.8
Bhutan,Asia,Developing,2012,31,38,220.149,Alto,0.32,97,90,23.5,97,97,0.14,2479,Medio,0.7,16.1,16.7,2.5,Bajo,69.3
Bhutan,Asia,Developing,2013,29.6,36.2,216.1,Alto,0.31,97,89,23.6,97,97,0.14,2501,Medio,0.71,15.9,16.5,2.8,Bajo,69.7
Bhutan,Asia,Developing,2014,28.5,34.6,212.0515,Alto,0.21,99,92,23.7,98,99,0.13,2613,Medio,0.72,15.7,16.2,3.1,Bajo,70
Bhutan,Asia,Developing,2015,27.4,33.1,208.003,Medio,0.04,99,94,23.8,98,99,0.13,2753,Medio,0.73,15.4,16,3.1,Bajo,70.4
Bolivia,South America,Developing,2000,55.9,75.6,240.0465,Alto,2.3,77,83,24.7,74,75,0.26,2059,Bajo,8.42,1.5,1.4,7.4,Medio,62.5
Bolivia,South America,Developing,2001,53.1,71.3,235.6955,Alto,2.19,77,83,24.8,71,71,0.22,2054,Bajo,8.58,1.5,1.4,7.3,Medio,63.1
Bolivia,South America,Developing,2002,50.4,67.2,231.344,Alto,2.24,77,83,24.9,76,77,0.21,2066,Bajo,8.74,1.4,1.3,7.2,Medio,63.6
Bolivia,South America,Developing,2003,47.8,63.3,227.5185,Alto,2.32,80,83,25.1,82,88,0.2,2083,Bajo,8.91,1.4,1.3,7.1,Medio,64.2
Bolivia,South America,Developing,2004,45.4,59.6,223.692,Alto,2.61,84,83,25.2,84,84,0.2,2131,Bajo,9.07,1.4,1.2,7.1,Medio,64.8
Bolivia,South America,Developing,2005,43.1,56.2,219.8665,Alto,2.8,85,83,25.3,84,85,0.19,2186,Medio,9.23,1.3,1.2,7,Medio,65.3
Bolivia,South America,Developing,2006,40.8,52.9,216.0405,Alto,3.13,83,83,25.4,82,83,0.19,2251,Medio,9.4,1.3,1.2,7.3,Medio,65.9
Bolivia,South America,Developing,2007,38.7,49.8,212.2145,Alto,3.38,84,83,25.5,85,84,0.19,2314,Medio,9.56,1.3,1.2,7.1,Medio,66.4
Bolivia,South America,Developing,2008,36.7,46.9,208.323,Medio,3.51,88,83,25.6,87,88,0.18,2415,Medio,9.72,1.3,1.1,7.6,Medio,66.9
Bolivia,South America,Developing,2009,34.8,44.1,204.4305,Medio,3.64,93,83,25.7,92,93,0.18,2455,Medio,9.88,1.2,1.1,7.9,Medio,67.5
Bolivia,South America,Developing,2010,33,41.6,200.5385,Medio,3.37,91,83,25.8,90,91,0.17,2514,Medio,10.05,1.2,1.1,7.8,Medio,68
Bolivia,South America,Developing,2011,31.2,39.2,196.6465,Medio,3.3,95,83,26,95,95,0.18,2603,Medio,10.21,1.2,1.1,8,Medio,68.5
Bolivia,South America,Developing,2012,29.6,37,192.7545,Medio,3.24,93,83,26.1,93,93,0.17,2693,Medio,10.38,1.2,1.1,8.3,Medio,69
Bolivia,South America,Developing,2013,28,34.9,190.0095,Medio,3.21,94,83,26.2,95,94,0.16,2831,Medio,10.54,1.2,1.1,8.4,Medio,69.5
Bolivia,South America,Developing,2014,26.6,33,187.265,Medio,3.17,98,83,26.3,99,98,0.16,2939,Medio,10.71,1.2,1.1,8.5,Medio,69.9
Bolivia,South America,Developing,2015,25.4,31.3,184.52,Medio,3.15,99,83,26.4,99,99,0.15,3036,Medio,10.87,1.2,1.1,8.7,Medio,70.3
Bosnia and Herzegovina,Rest of Europe,Developing,2000,8.7,9.9,121.234,Bajo,3.87,92,74,24.8,87,85,0.08,2848,Medio,3.75,3.3,3.2,7,Medio,74.4
Bosnia and Herzegovina,Rest of Europe,Developing,2001,8.4,9.6,118.2535,Bajo,4.11,92,86,24.8,92,91,0.08,2913,Medio,3.76,3.2,3.2,7.1,Medio,74.6
Bosnia and Herzegovina,Rest of Europe,Developing,2002,8.2,9.3,115.273,Bajo,4.08,92,90,24.9,86,80,0.08,3057,Medio,3.76,3.1,3.1,7.2,Medio,74.8
Bosnia and Herzegovina,Rest of Europe,Developing,2003,8.1,9.2,113.603,Bajo,4.29,92,85,24.9,87,87,0.08,3172,Medio,3.76,3,3,7.2,Medio,74.9
Bosnia and Herzegovina,Rest of Europe,Developing,2004,7.9,9.1,111.9335,Bajo,4.38,92,88,25,87,84,0.08,3371,Medio,3.76,3,3,7.3,Medio,75.1
Bosnia and Herzegovina,Rest of Europe,Developing,2005,7.8,8.9,110.264,Bajo,4.5,93,90,25,95,93,0.08,3502,Medio,3.77,2.9,2.9,7.4,Medio,75.2
Bosnia and Herzegovina,Rest of Europe,Developing,2006,7.5,8.6,108.5945,Bajo,4.72,90,93,25.1,91,87,0.08,3691,Medio,3.77,2.9,2.8,7.4,Medio,75.3
Bosnia and Herzegovina,Rest of Europe,Developing,2007,7.2,8.3,106.9245,Bajo,5.03,94,95,25.2,95,95,0.08,3910,Medio,3.76,2.8,2.8,7.5,Medio,75.5
Bosnia and Herzegovina,Rest of Europe,Developing,2008,6.9,7.9,105.6105,Bajo,5.03,88,92,25.2,92,91,0.08,4132,Medio,3.75,2.8,2.7,7.6,Medio,75.7
Bosnia and Herzegovina,Rest of Europe,Developing,2009,6.6,7.5,104.296,Bajo,4.69,90,88,25.3,90,90,0.08,4028,Medio,3.74,2.7,2.7,7.7,Medio,75.8
Bosnia and Herzegovina,Rest of Europe,Developing,2010,6.3,7.2,102.9815,Bajo,4.57,89,91,25.4,90,89,0.08,4096,Medio,3.71,2.6,2.6,7.1,Medio,76
Bosnia and Herzegovina,Rest of Europe,Developing,2011,6,6.9,101.667,Bajo,4.71,88,88,25.4,89,88,0.08,4185,Medio,3.66,2.6,2.5,7.2,Medio,76.2
Bosnia and Herzegovina,Rest of Europe,Developing,2012,5.8,6.7,100.353,Bajo,4.83,92,94,25.5,87,92,0.08,4216,Medio,3.6,2.5,2.5,8.3,Medio,76.4
Bosnia and Herzegovina,Rest of Europe,Developing,2013,5.6,6.5,98.9245,Bajo,4.69,91,93,25.5,87,89,0.08,4391,Medio,3.54,2.4,2.4,8.7,Medio,76.6
Bosnia and Herzegovina,Rest of Europe,Developing,2014,5.5,6.4,97.4955,Bajo,4.69,89,92,25.6,86,86,0.08,4518,Medio,3.48,2.4,2.4,9.2,Medio,76.7
Bosnia and Herzegovina,Rest of Europe,Developing,2015,5.4,6.3,96.067,Bajo,4.9,82,88,25.7,74,82,0.08,4730,Medio,3.43,2.3,2.3,9,Medio,76.9
Botswana,Africa,Developing,2000,45.2,80.5,561.532,Alto,5.38,86,83,23.6,97,97,19.66,4569,Medio,1.64,12.3,12.2,7.6,Medio,50.6
Botswana,Africa,Developing,2001,44.6,80,574.7605,Alto,5.5,87,83,23.7,97,97,17.96,4495,Medio,1.67,11.8,11.8,7.7,Medio,50.3
Botswana,Africa,Developing,2002,43.9,78.3,587.989,Alto,6.43,88,83,23.8,97,97,16.5,4684,Medio,1.7,11.4,11.3,7.9,Medio,50.2
Botswana,Africa,Developing,2003,43.1,76.1,558.1195,Alto,5.63,90,83,23.8,96,96,14.94,4817,Medio,1.73,10.9,10.8,8,Medio,50.5
Botswana,Africa,Developing,2004,42.1,72.7,528.2495,Alto,4.91,91,83,23.9,96,96,13.43,4860,Medio,1.77,10.5,10.4,8.1,Medio,51.2
Botswana,Africa,Developing,2005,38.9,67,498.38,Alto,6.38,92,83,23.9,96,96,11.63,4986,Medio,1.8,10,9.9,8.3,Medio,52.1
Botswana,Africa,Developing,2006,38.1,61.5,468.51,Alto,7.14,93,83,24,96,96,10.53,5295,Medio,1.84,9.6,9.4,8.4,Medio,53.4
Botswana,Africa,Developing,2007,39.5,58.6,438.6405,Alto,6.87,93,83,24,96,96,9.57,5612,Medio,1.88,9.2,9,8.5,Medio,55
Botswana,Africa,Developing,2008,40.3,57.6,413.0785,Alto,7.52,94,83,24.1,96,96,9.09,5838,Medio,1.92,8.8,8.6,8.6,Medio,56.7
Botswana,Africa,Developing,2009,40.1,55.3,387.5165,Alto,5.36,94,83,24.1,96,96,8.27,5287,Medio,1.95,8.4,8.2,8.8,Medio,58.4
Botswana,Africa,Developing,2010,39.5,51.4,361.955,Alto,5.7,95,83,24.1,96,95,7.85,5642,Medio,1.99,8,7.8,8.9,Medio,60.2
Botswana,Africa,Developing,2011,41.1,51.9,336.393,Alto,6.24,95,84,24.2,96,95,7.61,5899,Medio,2.02,7.7,7.4,8.9,Medio,61.9
Botswana,Africa,Developing,2012,40.2,50.8,310.831,Alto,5.46,95,83,24.2,96,95,6.75,6089,Medio,2.04,7.3,7,9,Medio,63.5
Botswana,Africa,Developing,2013,39.4,49.6,290.0855,Alto,5.07,95,83,24.2,96,95,6.07,6705,Medio,2.06,7,6.7,9.1,Medio,65
Botswana,Africa,Developing,2014,40.1,50.2,269.3405,Alto,6.04,95,85,24.3,96,95,5.9,6896,Medio,2.09,6.7,6.4,9.2,Medio,66.3
Botswana,Africa,Developing,2015,39.6,49.7,248.595,Alto,6.14,95,80,24.3,96,95,5.81,6403,Medio,2.12,6.4,6.1,9.2,Medio,67.3
Brazil,South America,Developing,2000,30.4,34.7,186.4955,Medio,7.3,94,95,24.8,99,98,0.24,6788,Medio,174.79,3.4,3.4,5.6,Bajo,70.1
Brazil,South America,Developing,2001,28.5,32.5,182.1315,Medio,7.18,91,95,24.9,99,98,0.25,6789,Medio,177.2,3.4,3.4,5.8,Bajo,70.5
Brazil,South America,Developing,2002,26.8,30.4,177.768,Medio,7.02,92,80,25,99,99,0.25,6905,Medio,179.54,3.3,3.3,6,Bajo,70.8
Brazil,South America,Developing,2003,25.1,28.4,174.611,Medio,6.84,97,74,25.1,99,99,0.25,6896,Medio,181.81,3.3,3.3,6.2,Medio,71.2
Brazil,South America,Developing,2004,23.5,26.5,171.4535,Medio,6.7,96,68,25.2,99,99,0.25,7206,Medio,184.01,3.2,3.2,6.2,Medio,71.5
Brazil,South America,Developing,2005,22,24.8,168.2965,Medio,6.76,98,61,25.3,99,99,0.25,7352,Medio,186.13,3.2,3.1,6.3,Medio,71.9
Brazil,South America,Developing,2006,20.7,23.2,165.1395,Medio,6.93,99,55,25.4,99,99,0.25,7561,Medio,188.17,3.1,3.1,6.4,Medio,72.3
Brazil,South America,Developing,2007,19.5,21.8,161.982,Medio,6.91,99,49,25.5,99,99,0.25,7937,Medio,190.13,3.1,3,6.5,Medio,72.6
Brazil,South America,Developing,2008,18.4,20.6,159.6305,Medio,6.83,96,56,25.6,99,99,0.25,8259,Medio,192.03,3,3,6.7,Medio,73
Brazil,South America,Developing,2009,17.5,19.5,157.279,Medio,6.95,99,55,25.7,99,99,0.25,8169,Medio,193.89,3,2.9,6.8,Medio,73.3
Brazil,South America,Developing,2010,16.7,18.6,154.9275,Medio,7.16,96,53,25.8,99,99,0.25,8702,Alto,195.71,2.9,2.9,6.9,Medio,73.6
Brazil,South America,Developing,2011,16,17.9,152.5765,Medio,7.13,98,71,26,98,99,0.25,8966,Alto,197.51,2.9,2.8,7.1,Medio,73.9
Brazil,South America,Developing,2012,15.4,17.2,150.2245,Medio,7.12,96,70,26.1,96,95,0.24,9057,Alto,199.29,2.8,2.8,7.3,Medio,74.2
Brazil,South America,Developing,2013,14.9,16.7,148.2705,Medio,6.86,96,69,26.2,96,97,0.24,9248,Alto,201.04,2.8,2.7,7.4,Medio,74.5
Brazil,South America,Developing,2014,14.6,16.3,146.3165,Medio,6.91,96,89,26.3,96,93,0.24,9215,Alto,202.76,2.7,2.7,7.4,Medio,74.7
Brazil,South America,Developing,2015,14.2,15.9,144.3625,Medio,6.63,96,80,26.5,98,96,0.24,8814,Alto,204.47,2.7,2.6,7.6,Medio,75
Brunei Darussalam,Asia,Developing,2000,8.2,10.3,106.3215,Bajo,0.35,99,95,25.3,99,99,0.1,34064,Alto,0.33,6.8,6.3,8.3,Medio,73.1
Brunei Darussalam,Asia,Developing,2001,8,10.1,104.114,Bajo,0.44,99,95,25.4,99,97,0.1,34291,Alto,0.34,6.8,6.2,8.3,Medio,73.1
Brunei Darussalam,Asia,Developing,2002,7.9,9.8,101.907,Bajo,0.12,99,96,25.5,99,94,0.1,34927,Alto,0.35,6.7,6.1,8.4,Medio,73.3
Brunei Darussalam,Asia,Developing,2003,7.8,9.7,99.9145,Bajo,0.11,99,96,25.6,99,92,0.1,35278,Alto,0.35,6.6,6.1,8.4,Medio,73.6
Brunei Darussalam,Asia,Developing,2004,7.7,9.6,97.9225,Bajo,0.092,99,97,25.7,92,92,0.1,34850,Alto,0.36,6.5,6,8.4,Medio,73.8
Brunei Darussalam,Asia,Developing,2005,7.7,9.5,95.93,Bajo,0.14,99,95,25.8,93,94,0.1,34441,Alto,0.37,6.4,5.9,8.5,Medio,74
Brunei Darussalam,Asia,Developing,2006,7.7,9.5,93.9375,Bajo,0.63,99,94,25.9,94,97,0.1,35456,Alto,0.37,6.3,5.8,8.5,Medio,74.2
Brunei Darussalam,Asia,Developing,2007,7.7,9.5,91.9455,Bajo,0.83,97,92,26,95,99,0.1,35065,Alto,0.37,6.2,5.7,8.6,Medio,74.4
Brunei Darussalam,Asia,Developing,2008,7.7,9.5,91.9455,Bajo,0.65,96,90,26.2,97,98,0.1,33981,Alto,0.38,6.1,5.6,8.7,Medio,74.5
Brunei Darussalam,Asia,Developing,2009,7.8,9.6,91.9455,Bajo,0.24,96,99,26.3,99,99,0.1,32992,Alto,0.38,6,5.5,8.7,Medio,74.6
Brunei Darussalam,Asia,Developing,2010,7.9,9.7,91.9455,Bajo,0.25,96,93,26.4,99,95,0.1,33437,Alto,0.39,5.9,5.4,8.8,Medio,74.7
Brunei Darussalam,Asia,Developing,2011,8.1,9.8,91.9455,Bajo,0.91,93,93,26.5,96,97,0.1,34244,Alto,0.39,5.9,5.4,8.8,Medio,74.9
Brunei Darussalam,Asia,Developing,2012,8.2,10,91.9455,Bajo,0.96,99,96,26.7,92,99,0.1,34097,Alto,0.4,5.8,5.3,8.9,Medio,75
Brunei Darussalam,Asia,Developing,2013,8.4,10.2,90.6615,Bajo,0.69,98,92,26.8,99,99,0.1,32925,Alto,0.4,5.8,5.2,8.9,Medio,75.1
Brunei Darussalam,Asia,Developing,2014,8.6,10.4,89.377,Bajo,0.67,99,96,26.9,99,99,0.1,31679,Alto,0.41,5.7,5.2,9,Medio,75.2
Brunei Darussalam,Asia,Developing,2015,8.8,10.6,88.093,Bajo,0.67,99,97,27,99,99,0.1,31164,Alto,0.41,5.7,5.1,9,Medio,75.3
Bulgaria,European Union,Developed,2000,14.4,17.5,161.911,Medio,10.26,94,83,25.3,94,93,0.02,3718,Medio,8.17,2.5,2.5,9.5,Medio,71.7
Bulgaria,European Union,Developed,2001,13.8,16.7,158.938,Medio,11.07,93,85,25.3,94,94,0.02,3937,Medio,8.01,2.4,2.5,9.9,Alto,71.8
Bulgaria,European Union,Developed,2002,13.2,15.9,156.0455,Medio,10.8,88,79,25.4,94,93,0.02,4260,Medio,7.84,2.4,2.4,10,Alto,71.9
Bulgaria,European Union,Developed,2003,12.5,15.1,153.633,Medio,10.92,96,89,25.5,96,96,0.02,4519,Medio,7.78,2.3,2.4,10.1,Alto,72.1
Bulgaria,European Union,Developed,2004,11.8,14.2,154.1315,Medio,10.7,94,91,25.5,94,95,0.02,4850,Medio,7.72,2.3,2.3,10.1,Alto,72.6
Bulgaria,European Union,Developed,2005,11,13.3,155.837,Medio,10.22,96,92,25.6,97,96,0.02,5231,Medio,7.66,2.2,2.3,10.2,Alto,72.6
Bulgaria,European Union,Developed,2006,10.3,12.4,156.0375,Medio,10.18,96,93,25.7,96,95,0.02,5629,Medio,7.6,2.2,2.2,10.4,Alto,72.6
Bulgaria,European Union,Developed,2007,9.9,11.8,151.67,Medio,10.66,95,94,25.8,95,95,0.02,6045,Medio,7.55,2.1,2.2,10.5,Alto,72.7
Bulgaria,European Union,Developed,2008,9.5,11.4,148.4445,Medio,10.73,96,94,25.8,96,95,0.03,6460,Medio,7.49,2.1,2.1,10.5,Alto,73
Bulgaria,European Union,Developed,2009,9.3,11.1,145.527,Medio,10.53,96,93,25.9,94,94,0.03,6289,Medio,7.44,2,2.1,10.6,Alto,73.4
Bulgaria,European Union,Developed,2010,9,10.8,142.4175,Medio,9.82,95,96,26,94,94,0.03,6428,Medio,7.4,2,2,10.6,Alto,73.5
Bulgaria,European Union,Developed,2011,8.7,10.4,139.9065,Medio,9.88,96,94,26.1,95,95,0.03,6605,Medio,7.35,2,2,10.7,Alto,74.2
Bulgaria,European Union,Developed,2012,8.2,9.8,135.0865,Medio,10.88,95,94,26.1,95,95,0.03,6694,Medio,7.31,1.9,1.9,10.8,Alto,74.3
Bulgaria,European Union,Developed,2013,7.8,9.3,133.448,Medio,10.32,95,94,26.2,95,95,0.03,6693,Medio,7.27,1.9,1.9,10.9,Alto,74.9
Bulgaria,European Union,Developed,2014,7.3,8.7,139.2615,Medio,10.3,95,89,26.3,88,88,0.03,6797,Medio,7.22,1.9,1.9,10.9,Alto,74.5
Bulgaria,European Union,Developed,2015,6.9,8.2,136.0675,Medio,10.89,92,87,26.4,91,91,0.03,7075,Medio,7.18,1.9,1.8,11.8,Alto,74.6
Burkina Faso,Africa,Developing,2000,90.9,178.9,328.765,Alto,4.51,86,31,20.9,45,45,0.89,440,Bajo,11.61,11.4,11.1,1.2,Bajo,50.5
Burkina Faso,Africa,Developing,2001,89.3,174.9,325.735,Alto,5.53,86,31,21,62,62,0.83,456,Bajo,11.94,11.2,10.8,1.3,Bajo,50.9
Burkina Faso,Africa,Developing,2002,87.6,170.4,322.705,Alto,5.48,86,31,21.1,69,69,0.76,462,Bajo,12.29,11,10.6,1.3,Bajo,51.4
Burkina Faso,Africa,Developing,2003,85.5,165.3,317.0825,Alto,5.57,86,31,21.2,83,79,0.67,484,Bajo,12.65,10.7,10.3,1.3,Bajo,52
Burkina Faso,Africa,Developing,2004,83.3,159.5,311.4595,Alto,5.51,86,31,21.3,83,79,0.63,491,Bajo,13.03,10.5,10.1,1.3,Bajo,52.6
Burkina Faso,Africa,Developing,2005,80.8,153.1,305.8365,Alto,5.87,86,31,21.4,94,82,0.58,518,Bajo,13.42,10.3,9.8,1.3,Bajo,53.3
Burkina Faso,Africa,Developing,2006,78.1,146.3,300.214,Alto,5.67,76,31,21.5,94,86,0.53,534,Bajo,13.83,10,9.6,1.3,Bajo,54.1
Burkina Faso,Africa,Developing,2007,75.4,139.5,294.591,Alto,5.55,89,31,21.6,93,89,0.46,540,Bajo,14.25,9.8,9.3,1.3,Bajo,54.8
Burkina Faso,Africa,Developing,2008,72.7,132.9,290.0395,Alto,5.47,93,30,21.7,92,93,0.4,554,Bajo,14.69,9.5,9.1,1.3,Bajo,55.6
Burkina Faso,Africa,Developing,2009,70.3,126.9,285.488,Alto,5.52,92,31,21.7,91,92,0.35,554,Bajo,15.14,9.3,8.8,1.4,Bajo,56.4
Burkina Faso,Africa,Developing,2010,68.1,121.5,280.9365,Alto,5.44,91,32,21.8,90,91,0.31,582,Bajo,15.61,9,8.6,1.4,Bajo,57.1
Burkina Faso,Africa,Developing,2011,66.3,116.9,276.3855,Alto,5.32,91,28,21.9,90,91,0.28,603,Bajo,16.08,8.8,8.4,1.4,Bajo,57.8
Burkina Faso,Africa,Developing,2012,64.4,112.5,271.8335,Alto,5.57,90,34,21.9,90,90,0.25,623,Bajo,16.57,8.6,8.1,1.4,Bajo,58.4
Burkina Faso,Africa,Developing,2013,62.7,108.3,267.2085,Alto,5.49,88,34,22,89,88,0.23,639,Bajo,17.07,8.4,7.9,1.4,Bajo,58.9
Burkina Faso,Africa,Developing,2014,61.2,104.5,262.583,Alto,6.93,91,17,22,91,91,0.2,647,Bajo,17.59,8.2,7.7,1.4,Bajo,59.5
Burkina Faso,Africa,Developing,2015,59.6,100.9,257.958,Alto,7.03,91,50,22.1,91,91,0.16,653,Bajo,18.11,8,7.5,1.4,Bajo,59.9
Burundi,Africa,Developing,2000,94.7,154.5,355.0185,Alto,7.17,87,57,20.6,71,80,1.55,307,Bajo,6.38,9,8.9,1.8,Bajo,49.1
Burundi,Africa,Developing,2001,91.9,149.4,355.612,Alto,6.62,87,57,20.7,72,81,1.41,306,Bajo,6.53,8.8,8.8,1.9,Bajo,49.9
Burundi,Africa,Developing,2002,88.9,143.8,356.206,Alto,6.51,87,57,20.8,74,81,1.23,311,Bajo,6.7,8.7,8.7,2,Bajo,50.8
Burundi,Africa,Developing,2003,85.7,138.1,353.027,Alto,6.37,87,57,20.8,75,82,1.09,298,Bajo,6.91,8.5,8.5,2.1,Bajo,51.7
Burundi,Africa,Developing,2004,82.3,131.9,349.848,Alto,6.24,83,57,20.9,76,83,0.95,303,Bajo,7.13,8.4,8.4,2.2,Bajo,52.5
Burundi,Africa,Developing,2005,78.4,124.9,346.6695,Alto,6.07,87,57,21,82,87,0.83,296,Bajo,7.36,8.2,8.3,2.3,Bajo,53.4
Burundi,Africa,Developing,2006,74.4,117.6,343.491,Alto,4.99,92,57,21.1,88,92,0.74,302,Bajo,7.61,8.1,8.2,2.4,Bajo,54.2
Burundi,Africa,Developing,2007,70.4,110.5,340.312,Alto,5.03,99,57,21.1,93,99,0.69,302,Bajo,7.86,8,8,2.4,Bajo,54.9
Burundi,Africa,Developing,2008,66.5,103.6,333.529,Alto,4.8,92,57,21.2,89,92,0.61,306,Bajo,8.13,7.9,7.9,2.5,Bajo,55.7
Burundi,Africa,Developing,2009,62.9,97.1,326.7455,Alto,4.49,94,57,21.3,96,94,0.59,308,Bajo,8.4,7.8,7.8,2.6,Bajo,56.5
Burundi,Africa,Developing,2010,59.4,91,319.9625,Alto,4.61,96,56,21.3,94,96,0.49,313,Bajo,8.68,7.7,7.7,2.6,Bajo,57.2
Burundi,Africa,Developing,2011,56.3,85.5,313.1795,Alto,4.56,96,57,21.4,95,96,0.45,316,Bajo,8.96,7.6,7.6,2.6,Bajo,57.9
Burundi,Africa,Developing,2012,53.4,80.3,306.3965,Alto,4.33,96,59,21.4,96,96,0.4,319,Bajo,9.25,7.5,7.5,2.7,Bajo,58.6
Burundi,Africa,Developing,2013,50.7,75.5,302.3265,Alto,3.98,96,51,21.5,96,96,0.34,325,Bajo,9.54,7.4,7.4,2.8,Bajo,59.1
Burundi,Africa,Developing,2014,48.2,71.3,298.257,Alto,3.95,95,60,21.6,95,95,0.31,328,Bajo,9.84,7.4,7.3,2.8,Bajo,59.7
Burundi,Africa,Developing,2015,46.2,67.6,294.187,Alto,3.99,94,65,21.6,94,94,0.27,306,Bajo,10.16,7.3,7.2,2.9,Bajo,60.1
Cabo Verde,Africa,Developing,2000,31.1,38.1,157.104,Medio,3.49,66,96,23.3,90,90,0.39,1974,Bajo,0.43,9.6,9.5,3.5,Bajo,68.6
Cabo Verde,Africa,Developing,2001,28.4,34.4,149.3995,Medio,3.86,66,96,23.4,91,90,0.39,1983,Bajo,0.44,9.4,9.3,3.7,Bajo,69.1
Cabo Verde,Africa,Developing,2002,26.3,31.6,141.6955,Medio,3.87,40,96,23.5,92,91,0.39,2053,Bajo,0.44,9.2,9.1,3.8,Bajo,69.6
Cabo Verde,Africa,Developing,2003,24.8,29.8,140.524,Medio,4.21,66,96,23.6,93,92,0.39,2106,Bajo,0.45,8.9,8.9,4,Bajo,69.9
Cabo Verde,Africa,Developing,2004,24,28.6,139.353,Medio,4.25,91,96,23.7,94,93,0.38,2287,Medio,0.46,8.7,8.7,4.2,Bajo,70.2
Cabo Verde,Africa,Developing,2005,23.5,28.1,138.181,Medio,4.32,93,96,23.8,95,95,0.36,2411,Medio,0.46,8.5,8.5,4.3,Bajo,70.4
Cabo Verde,Africa,Developing,2006,23.4,27.9,137.01,Medio,4.36,95,96,23.9,97,96,0.3,2569,Medio,0.47,8.3,8.3,4.5,Bajo,70.6
Cabo Verde,Africa,Developing,2007,23.3,27.8,135.8385,Medio,5.4,96,95,24,98,98,0.27,2922,Medio,0.48,8.1,8,4.6,Bajo,70.7
Cabo Verde,Africa,Developing,2008,23.1,27.5,135.0125,Medio,4.25,98,96,24.1,99,99,0.27,3079,Medio,0.48,7.8,7.8,4.8,Bajo,70.8
Cabo Verde,Africa,Developing,2009,22.7,27,134.1865,Medio,4.2,98,96,24.2,99,99,0.26,3004,Medio,0.49,7.6,7.6,5,Bajo,70.9
Cabo Verde,Africa,Developing,2010,22.1,26.3,133.3605,Medio,4.93,98,94,24.2,99,99,0.26,3011,Medio,0.49,7.4,7.4,5.1,Bajo,71.1
Cabo Verde,Africa,Developing,2011,21.3,25.2,132.5345,Medio,5.09,90,99,24.3,90,90,0.25,3091,Medio,0.5,7.3,7.2,5.3,Bajo,71.2
Cabo Verde,Africa,Developing,2012,20.3,24,131.7085,Medio,4.93,94,94,24.3,94,94,0.24,3085,Medio,0.51,7.1,7.1,5.4,Bajo,71.4
Cabo Verde,Africa,Developing,2013,19.2,22.5,129.522,Medio,3.73,94,89,24.4,93,93,0.26,3070,Medio,0.51,6.9,6.9,5.6,Bajo,71.7
Cabo Verde,Africa,Developing,2014,17.9,21,127.3355,Bajo,4.31,97,79,24.4,95,95,0.26,3050,Medio,0.52,6.8,6.7,5.8,Bajo,71.9
Cabo Verde,Africa,Developing,2015,16.7,19.5,125.149,Bajo,4.54,96,95,24.5,93,93,0.26,3043,Medio,0.52,6.6,6.6,5.9,Bajo,72.1
Cambodia,Asia,Developing,2000,79.2,106.3,259.469,Alto,0.6,84,48,20.7,62,59,0.81,487,Bajo,12.16,11.6,11.9,3.2,Bajo,58.4
Cambodia,Asia,Developing,2001,73.4,96.6,251.68,Alto,0.62,84,48,20.8,59,60,0.6,516,Bajo,12.41,11.6,11.8,3.3,Bajo,59.3
Cambodia,Asia,Developing,2002,67.3,86.7,243.8905,Alto,0.75,84,48,20.8,54,54,0.51,539,Bajo,12.64,11.6,11.8,3.3,Bajo,60.3
Cambodia,Asia,Developing,2003,61.8,78,236.439,Alto,0.84,84,48,20.9,69,69,0.45,575,Bajo,12.86,11.6,11.7,3.4,Bajo,61.2
Cambodia,Asia,Developing,2004,56.9,70.7,228.9875,Alto,0.9,84,48,21,86,85,0.4,625,Bajo,13.07,11.6,11.7,3.5,Bajo,62.2
Cambodia,Asia,Developing,2005,52.8,64.7,221.5355,Alto,1.1,84,48,21.1,82,82,0.35,696,Bajo,13.27,11.5,11.6,3.5,Bajo,63.1
Cambodia,Asia,Developing,2006,49.3,59.7,214.084,Alto,1.18,80,48,21.2,80,80,0.3,760,Bajo,13.48,11.4,11.6,3.6,Bajo,63.9
Cambodia,Asia,Developing,2007,46.2,55.4,206.6325,Medio,1.29,82,48,21.3,82,82,0.25,825,Bajo,13.68,11.3,11.5,3.7,Bajo,64.7
Cambodia,Asia,Developing,2008,43.2,51.3,202.626,Medio,1.35,91,49,21.4,91,91,0.22,867,Bajo,13.88,11.2,11.4,3.9,Bajo,65.4
Cambodia,Asia,Developing,2009,40.2,47.5,198.62,Medio,1.42,92,47,21.5,95,94,0.19,855,Bajo,14.09,11.1,11.4,3.7,Bajo,66
Cambodia,Asia,Developing,2010,37.3,43.8,194.613,Medio,2.16,89,48,21.6,90,89,0.16,892,Bajo,14.31,11,11.3,4.4,Bajo,66.6
Cambodia,Asia,Developing,2011,34.6,40.5,190.6065,Medio,2.4,88,52,21.7,91,88,0.13,940,Bajo,14.54,11,11.2,4.4,Bajo,67
Cambodia,Asia,Developing,2012,32.3,37.7,186.6,Medio,2.52,86,41,21.8,90,86,0.12,993,Bajo,14.78,11,11.2,4.5,Bajo,67.5
Cambodia,Asia,Developing,2013,30.3,35.3,182.9515,Medio,2.8,83,52,21.9,71,83,0.11,1048,Bajo,15.03,11,11.1,4.6,Bajo,67.9
Cambodia,Asia,Developing,2014,28.7,33.4,179.3025,Medio,3.07,88,62,22,92,88,0.11,1105,Bajo,15.27,10.9,11,4.7,Bajo,68.3
Cambodia,Asia,Developing,2015,27.3,31.8,175.654,Medio,3.34,89,61,22.1,92,89,0.1,1163,Bajo,15.52,10.9,10.9,4.7,Bajo,68.6
Cameroon,Africa,Developing,2000,87.6,143.9,411.085,Alto,3.89,81,64,23,57,62,4.22,1107,Bajo,15.51,7.7,7.8,4.8,Bajo,51
Cameroon,Africa,Developing,2001,85.8,140.9,410.6215,Alto,4.38,81,64,23.1,61,63,3.91,1124,Bajo,15.93,7.5,7.7,4.9,Bajo,51.2
Cameroon,Africa,Developing,2002,83.7,137.5,410.158,Alto,4.54,81,64,23.3,66,66,3.58,1144,Bajo,16.36,7.4,7.5,5.1,Bajo,51.5
Cameroon,Africa,Developing,2003,81.7,134,402.4095,Alto,4.6,81,64,23.4,72,73,3.26,1175,Bajo,16.8,7.2,7.3,5.1,Bajo,51.9
Cameroon,Africa,Developing,2004,79.7,130.6,394.661,Alto,4.69,81,64,23.5,72,73,2.99,1224,Bajo,17.26,7,7.1,5.1,Bajo,52.3
Cameroon,Africa,Developing,2005,78.1,127.5,386.9125,Alto,4.9,79,64,23.6,79,80,2.76,1218,Bajo,17.73,6.9,7,5.1,Bajo,52.8
Cameroon,Africa,Developing,2006,76.2,124.2,379.164,Alto,5.1,81,64,23.7,78,81,2.57,1230,Bajo,18.22,6.7,6.8,5.2,Bajo,53.2
Cameroon,Africa,Developing,2007,74.6,121,371.415,Alto,5.22,82,64,23.8,81,82,2.43,1249,Bajo,18.73,6.6,6.6,5.2,Bajo,53.7
Cameroon,Africa,Developing,2008,72.7,117.6,368.451,Alto,5.5,84,64,23.8,82,84,2.27,1249,Bajo,19.25,6.4,6.5,5.2,Bajo,54.2
Cameroon,Africa,Developing,2009,71.1,114.3,365.4865,Alto,5.72,80,64,23.9,79,80,2.13,1247,Bajo,19.79,6.3,6.3,5.2,Bajo,54.6
Cameroon,Africa,Developing,2010,68.6,110.1,362.5215,Alto,5.88,84,64,24,83,84,1.87,1248,Bajo,20.34,6.1,6.2,5.3,Bajo,55.1
Cameroon,Africa,Developing,2011,66.6,105.8,359.557,Alto,5.9,82,64,24,80,82,1.73,1255,Bajo,20.91,6,6,5.5,Bajo,55.6
Cameroon,Africa,Developing,2012,64.2,101.3,356.5925,Alto,6.42,85,64,24.1,85,85,1.55,1278,Bajo,21.49,5.9,5.9,5.7,Bajo,56.1
Cameroon,Africa,Developing,2013,61.6,96.7,351.1035,Alto,6.56,89,64,24.2,88,89,1.31,1306,Bajo,22.08,5.8,5.8,5.9,Bajo,56.6
Cameroon,Africa,Developing,2014,59.5,92.4,345.615,Alto,4.7,87,64,24.2,84,87,1.24,1344,Bajo,22.68,5.7,5.7,6,Bajo,57.1
Cameroon,Africa,Developing,2015,57,88,340.1265,Alto,4.55,84,64,24.3,77,84,1.12,1383,Bajo,23.3,5.6,5.5,6.1,Bajo,57.6
Canada,North America,Developed,2000,5.3,6.2,80.9805,Bajo,7.6,14,84,26.3,88,89,0.1,34122,Alto,30.69,0.5,0.5,11,Alto,79.1
Canada,North America,Developed,2001,5.3,6.2,79.395,Bajo,7.6,14,84,26.4,88,89,0.1,34227,Alto,31.02,0.5,0.4,11.2,Alto,79.3
Canada,North America,Developed,2002,5.3,6.2,78.1635,Bajo,7.7,14,85,26.4,88,88,0.1,35016,Alto,31.36,0.5,0.4,11.5,Alto,79.5
Canada,North America,Developed,2003,5.3,6.2,77.6255,Bajo,7.7,14,84,26.5,88,91,0.1,36024,Alto,31.64,0.5,0.4,11.7,Alto,79.7
Canada,North America,Developed,2004,5.3,6.1,75.8795,Bajo,7.8,14,84,26.6,91,91,0.1,37086,Alto,31.94,0.5,0.4,12,Alto,79.9
Canada,North America,Developed,2005,5.2,6.1,75.7275,Bajo,8,14,85,26.6,93,93,0.1,38573,Alto,32.24,0.5,0.4,12.2,Alto,80.2
Canada,North America,Developed,2006,5.2,6,73.8445,Bajo,8.2,14,84,26.7,95,95,0.1,39776,Alto,32.57,0.5,0.4,12.3,Alto,80.3
Canada,North America,Developed,2007,5.1,6,73.6155,Bajo,8.3,14,85,26.7,99,94,0.1,42097,Alto,32.89,0.5,0.4,12.4,Alto,80.5
Canada,North America,Developed,2008,5.1,5.9,72.9125,Bajo,8.4,28,85,26.8,96,92,0.1,42064,Alto,33.25,0.5,0.4,12.4,Alto,80.7
Canada,North America,Developed,2009,5,5.8,71.2685,Bajo,8.4,42,84,26.8,93,91,0.1,40368,Alto,33.63,0.5,0.4,12.5,Alto,81
Canada,North America,Developed,2010,5,5.7,69.0295,Bajo,8.4,56,85,26.8,90,89,0.1,41155,Alto,34,0.5,0.4,12.6,Alto,81.2
Canada,North America,Developed,2011,4.9,5.7,67.7935,Bajo,8.2,70,85,26.8,87,87,0.1,42037,Alto,34.34,0.5,0.5,12.7,Alto,81.4
Canada,North America,Developed,2012,4.9,5.6,67.445,Bajo,8.3,70,83,26.9,91,95,0.1,42316,Alto,34.71,0.5,0.5,12.8,Alto,81.6
Canada,North America,Developed,2013,4.8,5.5,66.0915,Bajo,8.2,55,86,26.9,91,91,0.1,42846,Alto,35.08,0.5,0.5,12.9,Alto,81.7
Canada,North America,Developed,2014,4.7,5.4,66.418,Bajo,8.1,55,86,26.9,91,91,0.1,43635,Alto,35.44,0.5,0.5,13,Alto,81.8
Canada,North America,Developed,2015,4.7,5.4,65.9695,Bajo,8,55,86,26.9,91,91,0.1,43596,Alto,35.7,0.6,0.5,13.1,Alto,81.9
Central African Republic,Africa,Developing,2000,109.9,168.9,531.4845,Alto,1.68,45,64,21.5,38,37,4.38,460,Bajo,3.64,10.5,10.5,2.9,Bajo,44.2
Central African Republic,Africa,Developing,2001,109.2,167.4,541.331,Alto,1.67,45,64,21.6,40,40,3.88,470,Bajo,3.72,10.4,10.4,2.9,Bajo,44.1
Central African Republic,Africa,Developing,2002,108.5,165.8,551.1775,Alto,1.6,45,64,21.7,42,44,3.64,477,Bajo,3.8,10.2,10.2,3,Bajo,44.1
Central African Republic,Africa,Developing,2003,107.7,164.2,542.026,Alto,1.61,45,64,21.8,44,47,3.29,442,Bajo,3.88,10,10.1,3.1,Bajo,44.2
Central African Republic,Africa,Developing,2004,106.9,162.5,532.8745,Alto,1.6,45,64,21.9,45,51,3.09,459,Bajo,3.96,9.9,9.9,3.2,Bajo,44.4
Central African Republic,Africa,Developing,2005,106.1,160.8,523.723,Alto,1.57,45,64,22,47,54,3.05,455,Bajo,4.04,9.7,9.7,3.3,Bajo,44.7
Central African Republic,Africa,Developing,2006,104.8,158.3,514.5715,Alto,1.7,45,64,22.1,47,51,2.69,467,Bajo,4.12,9.6,9.6,3.3,Bajo,45.2
Central African Republic,Africa,Developing,2007,103.7,155.6,505.4205,Alto,1.69,45,64,22.1,46,48,2.47,479,Bajo,4.2,9.4,9.4,3.4,Bajo,45.6
Central African Republic,Africa,Developing,2008,102.5,152.8,494.9685,Alto,1.73,45,64,22.2,46,45,2.28,480,Bajo,4.27,9.3,9.2,3.4,Bajo,46.2
Central African Republic,Africa,Developing,2009,100.6,148.9,484.5165,Alto,1.66,42,64,22.3,45,42,2.02,514,Bajo,4.34,9.1,9.1,3.5,Bajo,46.7
Central African Republic,Africa,Developing,2010,99,145,474.065,Alto,1.96,45,64,22.4,46,45,1.9,532,Bajo,4.39,9,8.9,3.6,Bajo,47.3
Central African Republic,Africa,Developing,2011,96.7,140.5,463.613,Alto,1.97,47,64,22.5,47,47,1.78,550,Bajo,4.42,8.8,8.8,3.7,Bajo,48
Central African Republic,Africa,Developing,2012,94.5,136.2,453.1605,Alto,1.96,47,64,22.6,47,47,1.59,576,Bajo,4.44,8.7,8.6,3.8,Bajo,48.6
Central African Republic,Africa,Developing,2013,93,132.5,439.1325,Alto,1.7,23,64,22.6,23,23,1.53,365,Bajo,4.45,8.5,8.5,4,Bajo,49.4
Central African Republic,Africa,Developing,2014,90.5,128.2,425.1035,Alto,1.88,47,64,22.7,50,47,1.33,364,Bajo,4.46,8.4,8.3,4.1,Bajo,50.1
Central African Republic,Africa,Developing,2015,87.9,123.3,411.0745,Alto,0.9,47,64,22.8,51,47,1.12,377,Bajo,4.49,8.2,8.2,4.2,Bajo,50.9
Chad,Africa,Developing,2000,99.7,184,406.9915,Alto,0.3,27,64,20.9,30,36,1.39,375,Bajo,8.36,11.5,11.4,1.4,Bajo,47.7
Chad,Africa,Developing,2001,98.2,180.5,410.016,Alto,0.34,27,64,21,26,26,1.27,403,Bajo,8.68,11.3,11.2,1.4,Bajo,47.8
Chad,Africa,Developing,2002,96.8,177.1,413.041,Alto,0.4,27,64,21.1,31,25,1.21,421,Bajo,9.02,11.1,11,1.4,Bajo,47.9
Chad,Africa,Developing,2003,95.3,173.8,410.124,Alto,0.46,27,64,21.2,36,23,1.11,465,Bajo,9.37,10.9,10.8,1.4,Bajo,48.1
Chad,Africa,Developing,2004,93.9,170.4,407.207,Alto,0.42,27,64,21.2,31,21,1.04,598,Bajo,9.73,10.7,10.6,1.4,Bajo,48.3
Chad,Africa,Developing,2005,92.4,166.9,404.29,Alto,0.46,27,64,21.3,37,25,0.96,676,Bajo,10.1,10.5,10.4,1.5,Bajo,48.5
Chad,Africa,Developing,2006,90.8,163.3,401.3725,Alto,0.49,27,64,21.4,49,40,0.91,657,Bajo,10.46,10.3,10.2,1.6,Bajo,48.9
Chad,Africa,Developing,2007,89.2,159.6,398.4555,Alto,0.58,27,64,21.5,38,28,0.84,656,Bajo,10.82,10,10,1.7,Bajo,49.3
Chad,Africa,Developing,2008,87.5,155.7,393.0275,Alto,0.64,17,64,21.5,30,19,0.77,654,Bajo,11.18,9.8,9.7,1.8,Bajo,49.8
Chad,Africa,Developing,2009,85.8,151.7,387.5995,Alto,0.67,24,64,21.6,32,24,0.67,659,Bajo,11.56,9.6,9.5,1.8,Bajo,50.3
Chad,Africa,Developing,2010,84.1,147.7,382.1715,Alto,0.55,39,64,21.6,43,39,0.64,724,Bajo,11.95,9.4,9.3,1.9,Bajo,50.9
Chad,Africa,Developing,2011,82.3,143.7,376.7435,Alto,0.6,33,64,21.7,40,33,0.56,701,Bajo,12.36,9.2,9.1,2,Bajo,51.4
Chad,Africa,Developing,2012,80.6,139.8,371.3155,Alto,0.63,40,64,21.7,51,40,0.54,738,Bajo,12.78,9,8.9,2.1,Bajo,51.9
Chad,Africa,Developing,2013,78.9,135.9,368.599,Alto,0.65,39,64,21.8,46,39,0.48,754,Bajo,13.22,8.8,8.7,2.1,Bajo,52.4
Chad,Africa,Developing,2014,77.3,132.3,365.883,Alto,0.68,37,64,21.8,44,37,0.42,780,Bajo,13.66,8.7,8.5,2.2,Bajo,52.8
Chad,Africa,Developing,2015,75.7,128.7,363.167,Alto,0.66,46,64,21.9,52,46,0.42,776,Bajo,14.11,8.5,8.4,2.3,Bajo,53.1
Chile,South America,Developing,2000,9.2,10.9,108.8855,Bajo,6.24,94,96,26.6,91,91,0.15,8556,Alto,15.34,1.1,1.1,8.8,Medio,76.4
Chile,South America,Developing,2001,8.7,10.3,106.8675,Bajo,6.1,94,96,26.7,96,97,0.14,8727,Alto,15.52,1,1,9,Medio,76.6
Chile,South America,Developing,2002,8.3,9.8,104.85,Bajo,6.06,94,96,26.8,97,97,0.14,8910,Alto,15.68,1,1,9.2,Medio,76.9
Chile,South America,Developing,2003,8.1,9.5,103.6575,Bajo,6.37,94,96,26.9,96,96,0.14,9233,Alto,15.85,1,1,9.4,Medio,77.1
Chile,South America,Developing,2004,7.9,9.3,102.465,Bajo,6.32,94,96,26.9,94,93,0.14,9748,Alto,16.01,0.9,1,9.6,Alto,77.4
Chile,South America,Developing,2005,7.7,9.1,101.273,Bajo,7.57,94,96,27,92,91,0.15,10210,Alto,16.18,0.9,1,9.5,Medio,77.6
Chile,South America,Developing,2006,7.6,9,100.081,Bajo,7.33,95,95,27.1,94,94,0.15,10714,Alto,16.35,0.9,0.9,9.5,Medio,77.9
Chile,South America,Developing,2007,7.6,8.9,98.8885,Bajo,7.39,92,95,27.2,95,96,0.16,11148,Alto,16.53,0.9,0.9,9.4,Medio,78.1
Chile,South America,Developing,2008,7.6,8.9,97.824,Bajo,7.31,95,89,27.3,95,95,0.17,11447,Alto,16.71,0.9,0.9,9.9,Alto,78.3
Chile,South America,Developing,2009,7.5,8.8,96.76,Bajo,7.67,94,89,27.3,94,94,0.17,11200,Alto,16.89,0.8,0.9,9.9,Alto,78.6
Chile,South America,Developing,2010,7.4,8.7,95.6955,Bajo,7.55,92,84,27.4,92,92,0.18,11733,Alto,17.06,0.8,0.9,9.8,Alto,78.8
Chile,South America,Developing,2011,7.3,8.5,94.631,Bajo,7.02,94,77,27.5,93,94,0.18,12339,Alto,17.23,0.8,0.8,9.8,Alto,79
Chile,South America,Developing,2012,7.2,8.4,93.5665,Bajo,8.35,90,74,27.6,90,90,0.19,12973,Alto,17.4,0.8,0.8,9.9,Alto,79.2
Chile,South America,Developing,2013,7.1,8.3,92,Bajo,7.23,90,78,27.7,90,91,0.19,13272,Alto,17.57,0.8,0.8,9.9,Alto,79.3
Chile,South America,Developing,2014,6.9,8.1,90.433,Bajo,7.92,95,88,27.8,95,95,0.19,13367,Alto,17.76,0.8,0.8,10.1,Alto,79.5
Chile,South America,Developing,2015,6.7,7.9,88.8665,Bajo,7.89,97,89,27.9,96,96,0.19,13495,Alto,17.97,0.8,0.8,10.3,Alto,79.6
China,Asia,Developing,2000,29.9,36.7,112.89,Bajo,3.01,60,89,22.4,86,85,0.1,2194,Medio,1262.65,5.9,5.1,6.5,Medio,71.4
China,Asia,Developing,2001,27.8,34.1,109.9355,Bajo,2.81,65,89,22.5,86,86,0.1,2360,Medio,1271.85,5.7,5,6.5,Medio,71.7
China,Asia,Developing,2002,25.6,31.5,106.982,Bajo,2.88,70,88,22.5,86,86,0.1,2558,Medio,1280.4,5.5,4.9,6.6,Medio,72.1
China,Asia,Developing,2003,23.4,28.8,105.496,Bajo,2.89,75,89,22.6,87,86,0.1,2797,Medio,1288.4,5.3,4.7,6.7,Medio,72.4
China,Asia,Developing,2004,21.4,26.3,104.0095,Bajo,2.96,79,90,22.7,87,87,0.1,3062,Medio,1296.08,5.1,4.6,6.8,Medio,72.7
China,Asia,Developing,2005,19.4,24,102.5235,Bajo,2.92,84,84,22.8,87,87,0.1,3391,Medio,1303.72,5,4.4,6.9,Medio,73
China,Asia,Developing,2006,17.7,21.9,101.037,Bajo,3.28,91,94,22.8,94,93,0.1,3801,Medio,1311.02,4.8,4.3,6.9,Medio,73.3
China,Asia,Developing,2007,16.2,20.1,99.551,Bajo,3.89,92,92,22.9,94,93,0.1,4319,Medio,1317.89,4.7,4.1,7,Medio,73.6
China,Asia,Developing,2008,14.8,18.5,97.3465,Bajo,4.27,95,95,23,99,97,0.1,4712,Medio,1324.66,4.5,4,7,Medio,73.8
China,Asia,Developing,2009,13.6,17,95.1415,Bajo,4.88,99,98,23.1,99,99,0.1,5129,Medio,1331.26,4.4,3.8,7.1,Medio,74.1
China,Asia,Developing,2010,12.5,15.8,92.937,Bajo,5.75,99,99,23.2,99,99,0.1,5647,Medio,1337.71,4.2,3.6,7.3,Medio,74.4
China,Asia,Developing,2011,11.5,14.6,90.7325,Bajo,5.36,99,99,23.3,99,99,0.1,6153,Medio,1345.04,4.1,3.5,7.4,Medio,74.7
China,Asia,Developing,2012,10.6,13.5,88.5285,Bajo,5.52,99,99,23.4,99,99,0.1,6592,Medio,1354.19,3.9,3.3,7.5,Medio,75
China,Asia,Developing,2013,9.8,12.5,86.4435,Bajo,5.62,99,99,23.5,99,99,0.1,7056,Medio,1363.24,3.8,3.2,7.5,Medio,75.3
China,Asia,Developing,2014,9,11.6,84.358,Bajo,5.65,99,99,23.6,99,99,0.1,7533,Medio,1371.86,3.7,3,7.6,Medio,75.6
China,Asia,Developing,2015,8.3,10.7,82.273,Bajo,5.66,99,99,23.7,99,99,0.1,8016,Medio,1379.86,3.6,2.9,7.7,Medio,75.9
Colombia,South America,Developing,2000,21.2,25.1,170.6395,Medio,4.52,78,84,24.8,82,79,0.26,3962,Medio,39.63,2.6,2.3,6.5,Medio,72.9
Colombia,South America,Developing,2001,20.6,24.3,167.909,Medio,4.31,80,83,24.9,83,80,0.23,3966,Medio,40.26,2.5,2.3,6.5,Medio,73.2
Colombia,South America,Developing,2002,19.9,23.5,165.1785,Medio,4.32,78,93,25,83,81,0.23,4003,Medio,40.88,2.5,2.3,6.5,Medio,73.5
Colombia,South America,Developing,2003,19.4,22.8,162.7195,Medio,4.14,92,70,25.1,92,92,0.22,4099,Medio,41.48,2.5,2.2,6.5,Medio,73.8
Colombia,South America,Developing,2004,18.9,22.1,160.261,Medio,4.13,89,70,25.2,89,89,0.21,4257,Medio,42.08,2.4,2.2,6.6,Medio,74
Colombia,South America,Developing,2005,18.3,21.5,157.802,Medio,4.27,93,73,25.3,93,93,0.21,4403,Medio,42.65,2.4,2.1,6.8,Medio,74.3
Colombia,South America,Developing,2006,17.8,20.8,155.343,Medio,4.43,93,85,25.4,94,93,0.21,4638,Medio,43.2,2.3,2.1,6.7,Medio,74.5
Colombia,South America,Developing,2007,17.2,20.2,152.8845,Medio,4.54,93,93,25.4,93,93,0.21,4890,Medio,43.74,2.3,2.1,7.2,Medio,74.7
Colombia,South America,Developing,2008,16.7,19.5,151.1495,Medio,4.35,92,70,25.5,92,92,0.19,4992,Medio,44.25,2.3,2,7.3,Medio,75
Colombia,South America,Developing,2009,16.2,18.9,149.414,Medio,4.24,92,71,25.6,92,92,0.2,4993,Medio,44.75,2.2,2,7.3,Medio,75.2
Colombia,South America,Developing,2010,15.7,18.3,147.6795,Medio,4.22,88,74,25.7,88,88,0.21,5163,Medio,45.22,2.2,2,7.4,Medio,75.4
Colombia,South America,Developing,2011,15.2,17.7,145.9445,Medio,4.3,85,76,25.8,85,85,0.22,5468,Medio,45.66,2.2,2,7.5,Medio,75.7
Colombia,South America,Developing,2012,14.7,17.1,144.2095,Medio,4.37,92,80,25.9,91,91,0.21,5631,Medio,46.08,2.1,1.9,7.6,Medio,75.9
Colombia,South America,Developing,2013,14.3,16.6,142.829,Medio,4.32,91,72,26,91,91,0.2,5867,Medio,46.5,2.1,1.9,7.8,Medio,76.1
Colombia,South America,Developing,2014,13.8,16,141.448,Medio,4.22,90,88,26,90,90,0.19,6069,Medio,46.97,2.1,1.9,8,Medio,76.3
Colombia,South America,Developing,2015,13.4,15.5,140.0675,Medio,4.16,91,86,26.1,91,91,0.19,6176,Medio,47.52,2.1,1.9,8.1,Medio,76.5
Comoros,Africa,Developing,2000,72.4,100.6,271.363,Alto,0.08,71,64,22.8,70,70,0.02,1190,Bajo,0.54,7.9,7.9,3,Bajo,59.5
Comoros,Africa,Developing,2001,72.1,100.2,270.665,Alto,0.1,71,64,22.9,70,70,0.02,1188,Bajo,0.56,7.8,7.8,3,Bajo,59.5
Comoros,Africa,Developing,2002,72,100.1,269.966,Alto,0.13,71,64,23,98,89,0.02,1186,Bajo,0.57,7.7,7.7,3,Bajo,59.6
Comoros,Africa,Developing,2003,71.7,99.6,267.1495,Alto,0.26,71,64,23.1,80,80,0.02,1183,Bajo,0.58,7.6,7.6,3,Bajo,59.7
Comoros,Africa,Developing,2004,71,98.5,264.3325,Alto,0.27,77,64,23.2,73,76,0.02,1177,Bajo,0.6,7.5,7.5,2.8,Bajo,59.9
Comoros,Africa,Developing,2005,69.8,96.7,261.5155,Alto,0.24,68,64,23.3,67,68,0.02,1182,Bajo,0.61,7.5,7.4,3.1,Bajo,60.1
Comoros,Africa,Developing,2006,68.4,94.4,258.699,Alto,0.24,69,64,23.4,69,69,0.02,1185,Bajo,0.63,7.4,7.3,3.3,Bajo,60.4
Comoros,Africa,Developing,2007,66.8,91.9,255.8815,Alto,0.15,75,64,23.5,75,75,0.02,1166,Bajo,0.64,7.3,7.2,3.5,Bajo,60.7
Comoros,Africa,Developing,2008,65.3,89.5,251.6725,Alto,0.12,81,64,23.6,81,81,0.02,1183,Bajo,0.66,7.2,7.1,3.7,Bajo,61.1
Comoros,Africa,Developing,2009,63.7,86.9,247.4625,Alto,0.18,83,64,23.7,84,83,0.02,1193,Bajo,0.67,7.2,7,3.9,Bajo,61.5
Comoros,Africa,Developing,2010,62.2,84.6,243.253,Alto,0.13,74,64,23.8,82,74,0.02,1208,Bajo,0.69,7.1,6.9,4.2,Bajo,61.9
Comoros,Africa,Developing,2011,60.5,82,239.043,Alto,0.11,83,64,23.9,85,83,0.02,1228,Bajo,0.71,7,6.8,4.4,Bajo,62.2
Comoros,Africa,Developing,2012,58.9,79.4,234.8335,Alto,0.11,89,64,24,85,86,0.01,1237,Bajo,0.72,6.9,6.7,4.6,Bajo,62.6
Comoros,Africa,Developing,2013,57.2,76.9,232.3135,Alto,0.23,88,64,24.1,85,87,0.01,1261,Bajo,0.74,6.8,6.6,4.7,Bajo,62.9
Comoros,Africa,Developing,2014,55.8,74.7,229.794,Alto,0.13,88,64,24.2,87,87,0.01,1258,Bajo,0.76,6.8,6.6,4.8,Bajo,63.2
Comoros,Africa,Developing,2015,54.4,72.3,227.2735,Alto,0.14,91,64,24.3,92,91,0.01,1243,Bajo,0.78,6.7,6.5,4.8,Bajo,63.5
"Congo, Dem. Rep.",Africa,Developing,2000,106.5,159.3,344.252,Alto,2.05,69,64,20.7,42,40,1.07,351,Bajo,47.11,12.4,12.3,3.3,Bajo,50
"Congo, Dem. Rep.",Africa,Developing,2001,104.4,154.9,338.642,Alto,2.05,69,64,20.8,30,30,1.01,334,Bajo,48.43,12.2,12.1,3.5,Bajo,50.7
"Congo, Dem. Rep.",Africa,Developing,2002,102.2,150.4,333.0325,Alto,2.33,69,64,20.9,40,38,0.95,334,Bajo,49.87,12.1,11.9,3.7,Bajo,51.4
"Congo, Dem. Rep.",Africa,Developing,2003,99.9,145.7,325.9935,Alto,2.26,69,64,21,47,41,0.89,342,Bajo,51.43,11.9,11.7,3.9,Bajo,52.1
"Congo, Dem. Rep.",Africa,Developing,2004,97.5,140.9,318.9535,Alto,2.03,69,64,21.1,52,54,0.83,354,Bajo,53.07,11.7,11.5,4.1,Bajo,52.9
"Congo, Dem. Rep.",Africa,Developing,2005,95.2,136.1,311.914,Alto,2.28,69,64,21.1,60,60,0.78,364,Bajo,54.79,11.5,11.3,4.3,Bajo,53.7
"Congo, Dem. Rep.",Africa,Developing,2006,92.8,131.4,304.8745,Alto,2.68,69,64,21.2,62,62,0.74,371,Bajo,56.58,11.3,11.1,4.5,Bajo,54.4
"Congo, Dem. Rep.",Africa,Developing,2007,90.4,126.7,297.835,Alto,2.91,70,64,21.3,72,70,0.68,381,Bajo,58.45,11.1,10.9,4.8,Bajo,55.1
"Congo, Dem. Rep.",Africa,Developing,2008,88.1,122.3,292.737,Alto,3.23,65,64,21.4,64,65,0.62,392,Bajo,60.41,10.8,10.7,5,Bajo,55.7
"Congo, Dem. Rep.",Africa,Developing,2009,85.8,118,287.64,Alto,3.45,72,64,21.5,78,72,0.58,390,Bajo,62.45,10.6,10.4,5.2,Bajo,56.4
"Congo, Dem. Rep.",Africa,Developing,2010,83.5,113.8,282.542,Alto,4.02,60,64,21.6,76,60,0.53,404,Bajo,64.56,10.4,10.2,5.4,Bajo,56.9
"Congo, Dem. Rep.",Africa,Developing,2011,81.3,109.9,277.445,Alto,4.19,74,64,21.6,77,74,0.49,418,Bajo,66.76,10.2,10,5.6,Bajo,57.4
"Congo, Dem. Rep.",Africa,Developing,2012,79.1,106.1,272.347,Alto,4.4,75,64,21.7,76,75,0.46,433,Bajo,69.02,10,9.8,5.8,Bajo,57.9
"Congo, Dem. Rep.",Africa,Developing,2013,77,102.5,268.2395,Alto,4.43,74,64,21.8,74,74,0.42,454,Bajo,71.36,9.9,9.6,6,Bajo,58.4
"Congo, Dem. Rep.",Africa,Developing,2014,75,99.2,264.131,Alto,4.52,80,64,21.9,79,80,0.37,481,Bajo,73.77,9.7,9.5,6.2,Medio,58.8
"Congo, Dem. Rep.",Africa,Developing,2015,73,95.9,260.0235,Alto,4.47,81,64,21.9,78,81,0.35,497,Bajo,76.24,9.5,9.3,6.4,Medio,59.3
"Congo, Rep.",Africa,Developing,2000,72.4,114.1,417.8705,Alto,0.95,71,64,22,31,33,2.58,2062,Bajo,3.13,9.5,9.2,5.5,Bajo,52.1
"Congo, Rep.",Africa,Developing,2001,70.7,111.1,420.18,Alto,0.9,71,64,22.1,32,31,2.41,2080,Bajo,3.22,9.4,9,5.6,Bajo,52.5
"Congo, Rep.",Africa,Developing,2002,68,106.2,422.489,Alto,0.9,71,64,22.2,41,41,2.36,2115,Bajo,3.31,9.3,8.9,5.7,Bajo,53.1
"Congo, Rep.",Africa,Developing,2003,64.6,100.2,406.702,Alto,0.9,71,64,22.3,50,50,2.23,2072,Bajo,3.41,9.1,8.8,5.7,Bajo,53.8
"Congo, Rep.",Africa,Developing,2004,60.7,93.3,390.9155,Alto,0.9,71,64,22.4,67,67,2.14,2080,Bajo,3.51,9,8.6,5.8,Bajo,54.7
"Congo, Rep.",Africa,Developing,2005,56.8,86.4,375.1285,Alto,0.86,71,64,22.5,62,62,2.19,2172,Medio,3.62,8.8,8.5,5.8,Bajo,55.6
"Congo, Rep.",Africa,Developing,2006,53.1,79.8,359.3415,Alto,1.3,71,64,22.5,73,73,2.15,2269,Medio,3.75,8.7,8.3,5.9,Bajo,56.6
"Congo, Rep.",Africa,Developing,2007,49.8,74,343.5545,Alto,1.3,64,64,22.6,71,72,2.06,2047,Bajo,3.88,8.5,8.2,5.9,Bajo,57.5
"Congo, Rep.",Africa,Developing,2008,46.9,69,331.725,Alto,1.3,73,64,22.7,77,79,2.07,2103,Bajo,4.01,8.4,8,6,Bajo,58.5
"Congo, Rep.",Africa,Developing,2009,44.7,65,319.8945,Alto,1.3,75,64,22.7,76,78,2.09,2272,Medio,4.15,8.3,7.9,6,Bajo,59.3
"Congo, Rep.",Africa,Developing,2010,43,62,308.065,Alto,1.75,74,64,22.8,72,74,2.02,2423,Medio,4.27,8.1,7.7,6.1,Bajo,60.1
"Congo, Rep.",Africa,Developing,2011,41.7,59.7,296.2345,Alto,1.9,70,64,22.9,69,82,1.99,2408,Medio,4.39,8,7.6,6.2,Medio,60.8
"Congo, Rep.",Africa,Developing,2012,40.7,57.9,284.405,Alto,1.9,62,64,22.9,61,85,2.04,2580,Medio,4.51,7.9,7.5,6.2,Medio,61.4
"Congo, Rep.",Africa,Developing,2013,39.7,56.2,277.011,Alto,1.9,85,64,23,85,85,2.08,2499,Medio,4.62,7.7,7.4,6.3,Medio,62
"Congo, Rep.",Africa,Developing,2014,38.7,54.4,269.618,Alto,1.9,90,64,23.1,90,90,2.06,2603,Medio,4.74,7.6,7.3,6.3,Medio,62.6
"Congo, Rep.",Africa,Developing,2015,37.6,52.6,262.224,Alto,2.05,80,64,23.1,80,80,2.04,2449,Medio,4.86,7.5,7.1,6.3,Medio,63.1
Costa Rica,Central America and Caribbean,Developing,2000,11.1,13.1,98.9985,Bajo,4.24,89,86,25.8,80,88,0.13,7678,Medio,3.96,2.4,2.3,8,Medio,77.5
Costa Rica,Central America and Caribbean,Developing,2001,10.5,12.6,98.266,Bajo,4.25,80,86,25.9,92,91,0.13,7805,Medio,4.03,2.3,2.2,8,Medio,77.6
Costa Rica,Central America and Caribbean,Developing,2002,10.1,12.1,97.533,Bajo,4.16,94,86,26,94,94,0.14,7940,Medio,4.1,2.2,2.2,8,Medio,77.7
Costa Rica,Central America and Caribbean,Developing,2003,10,11.8,96.955,Bajo,4.05,86,86,26.1,88,88,0.14,8158,Medio,4.16,2.2,2.1,7.9,Medio,77.9
Costa Rica,Central America and Caribbean,Developing,2004,9.9,11.5,96.3765,Bajo,4.08,89,85,26.2,90,90,0.15,8395,Medio,4.23,2.1,2,7.9,Medio,78
Costa Rica,Central America and Caribbean,Developing,2005,9.9,11.3,95.7985,Bajo,4.11,90,86,26.3,91,91,0.15,8606,Alto,4.29,2,2,7.9,Medio,78.1
Costa Rica,Central America and Caribbean,Developing,2006,9.8,11.2,95.22,Bajo,4.19,88,86,26.4,89,89,0.16,9110,Alto,4.35,2,1.9,7.9,Medio,78.2
Costa Rica,Central America and Caribbean,Developing,2007,9.7,11.1,94.6415,Bajo,4.25,89,84,26.5,89,89,0.16,9725,Alto,4.4,1.9,1.9,8.1,Medio,78.4
Costa Rica,Central America and Caribbean,Developing,2008,9.5,10.9,93.787,Bajo,4.29,89,89,26.6,89,90,0.16,10053,Alto,4.46,1.9,1.8,8.4,Medio,78.5
Costa Rica,Central America and Caribbean,Developing,2009,9.3,10.7,92.9325,Bajo,4.14,87,84,26.7,80,86,0.17,9838,Alto,4.52,1.9,1.8,8.4,Medio,78.6
Costa Rica,Central America and Caribbean,Developing,2010,9.2,10.5,92.078,Bajo,3.74,89,79,26.8,93,88,0.18,10237,Alto,4.58,1.8,1.8,8.3,Medio,78.8
Costa Rica,Central America and Caribbean,Developing,2011,8.9,10.2,91.2235,Bajo,3.21,84,80,26.9,82,85,0.18,10559,Alto,4.63,1.8,1.7,8.4,Medio,78.9
Costa Rica,Central America and Caribbean,Developing,2012,8.6,9.9,90.369,Bajo,3.17,91,95,27,90,91,0.18,10945,Alto,4.69,1.8,1.7,8.5,Medio,79.1
Costa Rica,Central America and Caribbean,Developing,2013,8.2,9.6,88.8035,Bajo,3.02,94,92,27.1,95,95,0.19,11090,Alto,4.74,1.7,1.7,8.5,Medio,79.2
Costa Rica,Central America and Caribbean,Developing,2014,7.9,9.3,87.237,Bajo,3.12,91,90,27.2,91,91,0.19,11355,Alto,4.8,1.7,1.7,8.6,Medio,79.4
Costa Rica,Central America and Caribbean,Developing,2015,7.7,9.1,85.6715,Bajo,3.19,92,90,27.3,92,92,0.19,11643,Alto,4.85,1.7,1.7,8.8,Medio,79.6
Cote d'Ivoire,Africa,Developing,2000,95.6,143.3,456.1585,Alto,4.65,59,64,22.7,66,65,3.99,1848,Bajo,16.45,8.1,8.1,3.3,Bajo,49.6
Cote d'Ivoire,Africa,Developing,2001,93.7,140.1,462.512,Alto,4.67,59,64,22.7,70,66,3.66,1765,Bajo,16.85,7.9,7.9,3.3,Bajo,49.5
Cote d'Ivoire,Africa,Developing,2002,91.6,136.7,468.8655,Alto,4.56,48,64,22.8,70,64,3.2,1679,Bajo,17.23,7.7,7.7,3.4,Bajo,49.5
Cote d'Ivoire,Africa,Developing,2003,89.6,133.1,461.2065,Alto,4.65,63,64,22.9,68,61,2.91,1567,Bajo,17.6,7.5,7.5,3.5,Bajo,49.6
Cote d'Ivoire,Africa,Developing,2004,87.5,129.5,453.5475,Alto,0.85,67,64,23,76,67,2.65,1583,Bajo,17.97,7.3,7.3,3.6,Bajo,49.8
Cote d'Ivoire,Africa,Developing,2005,85.2,125.6,445.889,Alto,0.85,76,64,23.1,87,76,2.33,1565,Bajo,18.35,7.2,7.1,3.7,Bajo,50.1
Cote d'Ivoire,Africa,Developing,2006,83.4,122,438.23,Alto,0.81,77,64,23.2,76,77,2.12,1575,Bajo,18.75,7,6.9,3.8,Bajo,50.6
Cote d'Ivoire,Africa,Developing,2007,81.1,118.2,430.5715,Alto,0.91,76,64,23.3,75,76,1.85,1558,Bajo,19.17,6.8,6.7,3.9,Bajo,51.1
Cote d'Ivoire,Africa,Developing,2008,78.7,114.2,427.1045,Alto,0.97,74,64,23.3,58,74,1.66,1596,Bajo,19.61,6.6,6.6,4,Bajo,51.7
Cote d'Ivoire,Africa,Developing,2009,76.6,109.9,423.638,Alto,0.99,81,64,23.4,77,81,1.45,1616,Bajo,20.06,6.5,6.4,4.1,Bajo,52.3
Cote d'Ivoire,Africa,Developing,2010,74.7,106.3,420.1715,Alto,1.12,85,64,23.5,81,85,1.24,1687,Bajo,20.53,6.3,6.2,4.2,Bajo,53
Cote d'Ivoire,Africa,Developing,2011,72.9,103.1,416.7045,Alto,1.14,62,64,23.5,58,62,1.16,1559,Bajo,21.03,6.1,6,4.4,Bajo,53.6
Cote d'Ivoire,Africa,Developing,2012,71,100.1,413.238,Alto,1.2,82,64,23.6,83,82,1,1637,Bajo,21.55,5.9,5.9,4.5,Bajo,54.3
Cote d'Ivoire,Africa,Developing,2013,69.1,97,407.6445,Alto,1.22,80,64,23.6,79,80,0.84,1769,Bajo,22.09,5.8,5.7,4.7,Bajo,54.9
Cote d'Ivoire,Africa,Developing,2014,67.3,93.6,402.0515,Alto,1.35,76,64,23.7,76,76,0.73,1887,Bajo,22.65,5.6,5.6,4.4,Bajo,55.5
Cote d'Ivoire,Africa,Developing,2015,65.7,90.8,396.458,Alto,1.54,83,64,23.7,81,83,0.63,1973,Bajo,23.23,5.5,5.5,5,Bajo,56.1
Croatia,European Union,Developed,2000,7.2,8.3,122.7795,Bajo,13.24,96,98,25.6,94,93,0.01,8806,Alto,4.47,2.1,2.1,9.4,Medio,72.8
Croatia,European Union,Developed,2001,6.9,8,121.781,Bajo,13.69,96,98,25.7,94,94,0.01,9428,Alto,4.3,2,2,9.8,Alto,74.5
Croatia,European Union,Developed,2002,6.6,7.7,120.782,Bajo,13.88,96,98,25.8,95,95,0.02,9962,Alto,4.3,2,2,9.8,Alto,74.7
Croatia,European Union,Developed,2003,6.3,7.3,117.911,Bajo,12.99,96,98,25.9,95,94,0.02,10510,Alto,4.3,1.9,1.9,9.8,Alto,74.6
Croatia,European Union,Developed,2004,6.1,7,115.04,Bajo,12.42,96,98,26,96,96,0.02,10943,Alto,4.3,1.9,1.9,9.7,Alto,75.5
Croatia,European Union,Developed,2005,5.8,6.7,112.169,Bajo,10.72,96,98,26.1,96,96,0.02,11400,Alto,4.31,1.8,1.8,9.7,Alto,75.2
Croatia,European Union,Developed,2006,5.5,6.4,109.298,Bajo,10.98,96,98,26.2,96,96,0.02,11960,Alto,4.31,1.8,1.8,9.9,Alto,75.8
Croatia,European Union,Developed,2007,5.3,6.2,106.427,Bajo,11.36,95,98,26.3,96,96,0.02,12550,Alto,4.31,1.8,1.7,10.1,Alto,75.7
Croatia,European Union,Developed,2008,5.1,5.9,104.768,Bajo,11.36,97,98,26.4,96,96,0.02,12790,Alto,4.31,1.7,1.7,10.3,Alto,75.9
Croatia,European Union,Developed,2009,4.9,5.7,103.109,Bajo,11.11,97,98,26.6,96,96,0.02,11871,Alto,4.31,1.7,1.6,10.6,Alto,76.2
Croatia,European Union,Developed,2010,4.7,5.5,101.45,Bajo,10.71,97,98,26.7,97,97,0.02,11749,Alto,4.3,1.6,1.6,10.8,Alto,76.5
Croatia,European Union,Developed,2011,4.5,5.3,99.7905,Bajo,11.01,97,98,26.8,96,96,0.02,11780,Alto,4.28,1.6,1.5,11,Alto,76.8
Croatia,European Union,Developed,2012,4.4,5.2,98.132,Bajo,10.58,98,97,26.9,96,96,0.02,11547,Alto,4.27,1.5,1.5,11,Alto,76.9
Croatia,European Union,Developed,2013,4.3,5.1,95.4975,Bajo,10.39,96,97,27,96,96,0.02,11537,Alto,4.26,1.5,1.5,11,Alto,77.1
Croatia,European Union,Developed,2014,4.3,5,92.863,Bajo,9.5,95,97,27.1,95,95,0.02,11544,Alto,4.24,1.5,1.5,11.1,Alto,77.5
Croatia,European Union,Developed,2015,4.2,4.9,90.2285,Bajo,9.64,94,96,27.3,94,94,0.02,11933,Alto,4.2,1.5,1.4,11.2,Alto,77.3
Cuba,Central America and Caribbean,Developing,2000,7,8.8,111.3225,Bajo,3.93,98,75,24.5,98,95,0.12,4106,Medio,11.13,3.6,3.4,9.6,Alto,76.7
Cuba,Central America and Caribbean,Developing,2001,6.8,8.5,109.7575,Bajo,4.05,98,77,24.6,99,98,0.12,4222,Medio,11.16,3.6,3.4,9.7,Alto,76.9
Cuba,Central America and Caribbean,Developing,2002,6.5,8.2,108.1925,Bajo,4.1,98,71,24.7,98,99,0.13,4269,Medio,11.2,3.5,3.3,9.5,Medio,77.1
Cuba,Central America and Caribbean,Developing,2003,6.3,7.9,106.028,Bajo,4.39,99,78,24.8,98,72,0.13,4419,Medio,11.23,3.5,3.3,9.8,Alto,77.3
Cuba,Central America and Caribbean,Developing,2004,6.1,7.6,103.8635,Bajo,4.36,99,83,24.8,98,88,0.13,4665,Medio,11.25,3.4,3.3,9.8,Alto,77.5
Cuba,Central America and Caribbean,Developing,2005,5.9,7.4,101.699,Bajo,4.48,95,53,24.9,99,89,0.14,5183,Medio,11.26,3.4,3.3,9.9,Alto,77.7
Cuba,Central America and Caribbean,Developing,2006,5.7,7.2,99.5345,Bajo,4.17,89,97,25,99,89,0.14,5808,Medio,11.26,3.4,3.2,10.1,Alto,77.9
Cuba,Central America and Caribbean,Developing,2007,5.5,6.9,97.3705,Bajo,4.12,93,99,25,99,93,0.15,6236,Medio,11.25,3.4,3.2,10.4,Alto,78
Cuba,Central America and Caribbean,Developing,2008,5.4,6.7,96.542,Bajo,4.25,95,98,25.1,99,95,0.15,6501,Medio,11.24,3.4,3.2,10.6,Alto,78.2
Cuba,Central America and Caribbean,Developing,2009,5.2,6.5,95.7135,Bajo,3.97,96,95,25.2,99,96,0.15,6601,Medio,11.23,3.4,3.2,10.8,Alto,78.3
Cuba,Central America and Caribbean,Developing,2010,5.1,6.4,94.886,Bajo,4.28,96,98,25.2,99,96,0.15,6759,Medio,11.23,3.4,3.2,11,Alto,78.3
Cuba,Central America and Caribbean,Developing,2011,5,6.2,94.0575,Bajo,4.32,96,95,25.3,99,97,0.16,6942,Medio,11.24,3.4,3.2,11.3,Alto,78.4
Cuba,Central America and Caribbean,Developing,2012,4.8,6.1,93.229,Bajo,4.33,96,96,25.4,98,99,0.16,7138,Medio,11.26,3.4,3.2,10.8,Alto,78.4
Cuba,Central America and Caribbean,Developing,2013,4.7,5.9,91.899,Bajo,4.35,96,97,25.4,99,99,0.16,7318,Medio,11.28,3.4,3.3,11,Alto,78.5
Cuba,Central America and Caribbean,Developing,2014,4.6,5.8,90.569,Bajo,4.54,97,98,25.5,99,99,0.16,7379,Medio,11.31,3.4,3.3,11.2,Alto,78.5
Cuba,Central America and Caribbean,Developing,2015,4.5,5.7,89.2395,Bajo,4.65,99,99,25.6,99,99,0.16,7694,Medio,11.32,3.5,3.3,11.4,Alto,78.6
Cyprus,European Union,Developed,2000,5.6,6.5,69.0645,Bajo,9.56,89,91,26.3,97,97,0.03,22382,Alto,0.94,0.9,1,10,Alto,78
Cyprus,European Union,Developed,2001,5.2,6,67.9315,Bajo,10.16,89,91,26.3,97,97,0.03,23018,Alto,0.96,0.9,1,10.1,Alto,78.1
Cyprus,European Union,Developed,2002,4.8,5.6,66.799,Bajo,11.68,88,91,26.4,98,98,0.03,23603,Alto,0.98,0.9,1,10.2,Alto,78.3
Cyprus,European Union,Developed,2003,4.5,5.2,65.7605,Bajo,10.62,88,91,26.5,98,98,0.03,23929,Alto,0.99,0.9,1,10.4,Alto,78.4
Cyprus,European Union,Developed,2004,4.1,4.8,64.721,Bajo,13.03,88,91,26.5,98,98,0.04,24798,Alto,1.01,0.9,1,10.5,Alto,78.5
Cyprus,European Union,Developed,2005,3.8,4.5,63.682,Bajo,11.41,88,91,26.6,98,98,0.04,25630,Alto,1.03,0.9,1,10.7,Alto,78.6
Cyprus,European Union,Developed,2006,3.6,4.2,62.643,Bajo,11.48,93,90,26.6,97,97,0.04,26394,Alto,1.05,0.9,1,10.9,Alto,78.8
Cyprus,European Union,Developed,2007,3.3,3.9,61.604,Bajo,11.58,93,93,26.7,97,97,0.05,27155,Alto,1.06,0.9,1,11.2,Alto,78.9
Cyprus,European Union,Developed,2008,3.1,3.7,60.207,Bajo,12.03,93,89,26.7,97,97,0.05,27447,Alto,1.08,0.9,1,11.3,Alto,79.1
Cyprus,European Union,Developed,2009,3,3.5,58.8095,Bajo,10.81,96,88,26.7,99,99,0.05,26182,Alto,1.1,0.9,1,11.3,Alto,79.2
Cyprus,European Union,Developed,2010,2.8,3.4,57.4125,Bajo,11.33,96,88,26.7,99,99,0.06,26020,Alto,1.11,0.9,1,11.5,Alto,79.4
Cyprus,European Union,Developed,2011,2.7,3.2,56.015,Bajo,10.71,96,88,26.8,99,99,0.06,25466,Alto,1.12,0.9,1,11.6,Alto,79.6
Cyprus,European Union,Developed,2012,2.6,3.1,54.618,Bajo,10.58,96,88,26.8,99,99,0.06,24217,Alto,1.14,0.9,1,11.8,Alto,79.8
Cyprus,European Union,Developed,2013,2.5,3,53.6265,Bajo,9.07,96,88,26.8,99,99,0.06,22682,Alto,1.14,0.9,1,12,Alto,80
Cyprus,European Union,Developed,2014,2.4,2.9,52.635,Bajo,9.63,96,88,26.8,99,99,0.06,22514,Alto,1.15,0.9,1,11.9,Alto,80.2
Cyprus,European Union,Developed,2015,2.4,2.9,51.6435,Bajo,9.59,97,88,26.8,97,97,0.06,23408,Alto,1.16,1,1,11.9,Alto,80.4
Czechia,European Union,Developed,2000,4.5,5.5,124.38,Bajo,13.9,92,98,26.5,98,98,0.08,12312,Alto,10.26,2.3,2.3,10.6,Alto,75
Czechia,European Union,Developed,2001,4.3,5.2,121.6575,Bajo,13.64,92,98,26.5,97,98,0.08,12735,Alto,10.22,2.2,2.3,10.9,Alto,75.2
Czechia,European Union,Developed,2002,4.1,5,118.748,Bajo,13.77,86,98,26.5,97,98,0.08,12960,Alto,10.2,2.2,2.3,11.1,Alto,75.2
Czechia,European Union,Developed,2003,3.9,4.8,120.2325,Bajo,13.87,92,98,26.6,97,97,0.08,13428,Alto,10.19,2.2,2.2,11.4,Alto,75.2
Czechia,European Union,Developed,2004,3.7,4.6,114.2985,Bajo,13.42,98,98,26.6,96,98,0.08,14070,Alto,10.2,2.1,2.2,11.6,Alto,75.7
Czechia,European Union,Developed,2005,3.6,4.4,112.1435,Bajo,13.66,99,98,26.6,96,97,0.08,14978,Alto,10.21,2.1,2.1,11.9,Alto,75.9
Czechia,European Union,Developed,2006,3.4,4.1,106.5445,Bajo,13.58,98,98,26.7,98,98,0.08,15949,Alto,10.24,2,2.1,12.1,Alto,76.5
Czechia,European Union,Developed,2007,3.2,3.9,105.2965,Bajo,13.83,99,98,26.7,99,99,0.08,16739,Alto,10.3,2,2.1,12.2,Alto,76.7
Czechia,European Union,Developed,2008,3,3.7,104.5205,Bajo,13.65,99,98,26.7,99,99,0.08,17047,Alto,10.38,1.9,2,12.2,Alto,77
Czechia,European Union,Developed,2009,2.9,3.5,100.7625,Bajo,13.43,99,98,26.8,99,99,0.08,16161,Alto,10.44,1.9,2,12.3,Alto,77.1
Czechia,European Union,Developed,2010,2.7,3.4,97.8545,Bajo,12.68,99,98,26.8,99,99,0.08,16506,Alto,10.47,1.9,2,12.4,Alto,77.4
Czechia,European Union,Developed,2011,2.6,3.3,95.5795,Bajo,12.56,99,98,26.9,99,99,0.08,16762,Alto,10.5,1.9,1.9,12.5,Alto,77.9
Czechia,European Union,Developed,2012,2.6,3.2,92.0385,Bajo,12.83,99,99,26.9,99,99,0.08,16607,Alto,10.51,1.8,1.9,12.4,Alto,78.1
Czechia,European Union,Developed,2013,2.5,3.1,88.7525,Bajo,12.54,99,99,27,99,98,0.08,16594,Alto,10.51,1.8,1.9,12.6,Alto,78.2
Czechia,European Union,Developed,2014,2.5,3.1,83.987,Bajo,12.75,99,96,27,99,97,0.08,16951,Alto,10.53,1.8,1.9,12.8,Alto,78.8
Czechia,European Union,Developed,2015,2.5,3.2,82.5385,Bajo,12.76,97,99,27,97,97,0.08,17830,Alto,10.55,1.8,1.8,12.7,Alto,78.6
Denmark,European Union,Developed,2000,4.7,5.7,102.388,Bajo,11.68,88,89,24.9,97,97,0.04,49242,Alto,5.34,1.3,1,10.7,Alto,76.6
Denmark,European Union,Developed,2001,4.7,5.6,101.2215,Bajo,11.54,88,87,25,97,97,0.04,49470,Alto,5.36,1.3,1,11.4,Alto,76.8
Denmark,European Union,Developed,2002,4.6,5.5,99.934,Bajo,11.32,88,92,25,98,98,0.04,49542,Alto,5.38,1.2,1,12.1,Alto,76.9
Denmark,European Union,Developed,2003,4.5,5.4,97.2905,Bajo,11.53,88,88,25.1,96,96,0.04,49600,Alto,5.39,1.2,1,12.8,Alto,77.1
Denmark,European Union,Developed,2004,4.3,5.2,95.0035,Bajo,11.26,88,88,25.1,95,95,0.04,50792,Alto,5.4,1.2,1,12.8,Alto,77.5
Denmark,European Union,Developed,2005,4.2,5,90.2045,Bajo,11.26,88,91,25.1,93,93,0.04,51836,Alto,5.42,1.2,1,12.8,Alto,77.8
Denmark,European Union,Developed,2006,4,4.8,92.1215,Bajo,11.02,88,91,25.2,93,93,0.04,53687,Alto,5.44,1.2,0.9,12.8,Alto,78.1
Denmark,European Union,Developed,2007,3.8,4.5,92.724,Bajo,10.99,88,88,25.2,87,87,0.04,53936,Alto,5.46,1.2,0.9,12.5,Alto,78.2
Denmark,European Union,Developed,2008,3.7,4.4,87.314,Bajo,10.7,88,87,25.2,88,88,0.04,53345,Alto,5.49,1.1,0.9,12.9,Alto,78.4
Denmark,European Union,Developed,2009,3.6,4.2,85.8135,Bajo,10.08,88,85,25.3,89,89,0.04,50457,Alto,5.52,1.1,0.9,12.7,Alto,78.6
Denmark,European Union,Developed,2010,3.5,4.1,83.927,Bajo,10.27,88,85,25.3,90,90,0.04,51173,Alto,5.55,1.1,0.9,12.7,Alto,79.1
Denmark,European Union,Developed,2011,3.4,4.1,78.101,Bajo,10.45,88,86,25.3,91,91,0.04,51644,Alto,5.57,1.1,0.9,12.7,Alto,79.8
Denmark,European Union,Developed,2012,3.5,4.1,75.094,Bajo,9.23,88,87,25.3,94,94,0.04,51567,Alto,5.59,1.1,0.9,12.8,Alto,80.1
Denmark,European Union,Developed,2013,3.5,4.1,72.3825,Bajo,9.44,88,86,25.3,94,94,0.04,51832,Alto,5.61,1.1,0.9,13.2,Alto,80.3
Denmark,European Union,Developed,2014,3.5,4.1,69.2705,Bajo,9.55,88,84,25.3,94,94,0.04,52405,Alto,5.64,1.1,0.9,12.8,Alto,80.7
Denmark,European Union,Developed,2015,3.5,4.1,67.171,Bajo,9.42,88,80,25.3,93,93,0.03,53255,Alto,5.68,1.1,0.9,12.5,Alto,80.7
Djibouti,Africa,Developing,2000,79.9,101,319.372,Alto,1.24,88,82,23.5,46,46,2.96,768,Bajo,0.72,6.4,6.1,3.2,Bajo,57
Djibouti,Africa,Developing,2001,78.2,98.6,321.3015,Alto,1.33,88,82,23.6,49,53,2.19,781,Bajo,0.73,6.3,6.1,3.3,Bajo,57.1
Djibouti,Africa,Developing,2002,76.5,96.1,323.2315,Alto,1.11,88,82,23.6,62,62,1.78,791,Bajo,0.75,6.2,6,3.4,Bajo,57.2
Djibouti,Africa,Developing,2003,74.7,93.6,317.1835,Alto,0.52,88,82,23.6,68,68,1.16,819,Bajo,0.76,6.1,5.9,3.5,Bajo,57.4
Djibouti,Africa,Developing,2004,72.9,91.1,311.1355,Alto,0.51,88,82,23.7,64,64,0.85,863,Bajo,0.77,6,5.9,3.6,Bajo,57.7
Djibouti,Africa,Developing,2005,71.2,88.7,305.088,Alto,1.22,88,82,23.7,71,71,0.67,905,Bajo,0.78,5.9,5.8,3.7,Bajo,58
Djibouti,Africa,Developing,2006,69.4,86.1,299.0395,Alto,1.03,88,82,23.7,72,72,0.62,968,Bajo,0.79,5.8,5.7,3.8,Bajo,58.3
Djibouti,Africa,Developing,2007,67.6,83.6,292.992,Alto,0.45,88,82,23.8,88,88,0.55,1053,Bajo,0.81,5.8,5.7,3.9,Bajo,58.7
Djibouti,Africa,Developing,2008,65.9,81.2,286.076,Alto,0.49,88,82,23.8,89,89,0.5,1224,Bajo,0.82,5.7,5.6,3.9,Bajo,59.1
Djibouti,Africa,Developing,2009,64.2,78.8,279.1605,Alto,0.47,89,82,23.8,89,89,0.48,1267,Bajo,0.83,5.7,5.6,3.9,Bajo,59.6
Djibouti,Africa,Developing,2010,62.5,76.6,272.2445,Alto,0.48,88,82,23.9,88,88,0.43,1343,Bajo,0.84,5.6,5.6,4,Bajo,60.1
Djibouti,Africa,Developing,2011,60.9,74.4,265.328,Alto,0.39,87,82,23.9,87,87,0.39,1452,Bajo,0.85,5.6,5.5,4,Bajo,60.7
Djibouti,Africa,Developing,2012,59.3,72.2,258.4125,Alto,0.41,81,82,23.9,81,81,0.36,1559,Bajo,0.87,5.6,5.5,4,Bajo,61.4
Djibouti,Africa,Developing,2013,57.8,70.1,256.191,Alto,0.36,82,82,23.9,82,82,0.29,2384,Medio,0.88,5.6,5.4,4,Bajo,62.2
Djibouti,Africa,Developing,2014,56.2,68,253.97,Alto,0.32,78,82,24,78,78,0.25,2509,Medio,0.9,5.6,5.4,4.1,Bajo,63.2
Djibouti,Africa,Developing,2015,54.6,65.8,251.749,Alto,0.32,84,82,24,84,84,0.22,2653,Medio,0.91,5.6,5.4,4.1,Bajo,64.1
Dominican Republic,Central America and Caribbean,Developing,2000,32.4,40,186.951,Medio,6.72,68,83,24.9,71,78,1.02,4209,Medio,8.47,3.8,3.7,6.4,Medio,69.4
Dominican Republic,Central America and Caribbean,Developing,2001,31.7,39,185.7315,Medio,6.36,66,83,25,71,72,0.94,4249,Medio,8.6,3.8,3.6,6.5,Medio,69.7
Dominican Republic,Central America and Caribbean,Developing,2002,31.1,38.1,184.5125,Medio,6.65,63,83,25.1,74,82,0.88,4376,Medio,8.72,3.7,3.6,6.7,Medio,70
Dominican Republic,Central America and Caribbean,Developing,2003,30.6,37.4,182.5815,Medio,6.53,79,83,25.2,65,79,0.85,4256,Medio,8.85,3.6,3.5,6.8,Medio,70.2
Dominican Republic,Central America and Caribbean,Developing,2004,30.1,36.9,180.6505,Medio,5.31,82,83,25.3,66,79,0.79,4305,Medio,8.97,3.6,3.5,6.9,Medio,70.5
Dominican Republic,Central America and Caribbean,Developing,2005,29.8,36.4,178.7195,Medio,5.75,87,83,25.4,86,87,0.74,4647,Medio,9.1,3.5,3.4,7,Medio,70.8
Dominican Republic,Central America and Caribbean,Developing,2006,29.5,36,176.789,Medio,5.84,84,83,25.5,88,89,0.7,5007,Medio,9.22,3.5,3.4,7.1,Medio,71
Dominican Republic,Central America and Caribbean,Developing,2007,29.3,35.7,174.858,Medio,5.92,81,83,25.6,86,85,0.65,5309,Medio,9.34,3.4,3.4,7.2,Medio,71.3
Dominican Republic,Central America and Caribbean,Developing,2008,29.1,35.5,173.0485,Medio,5.91,81,83,25.7,86,82,0.59,5410,Medio,9.46,3.4,3.3,7.2,Medio,71.6
Dominican Republic,Central America and Caribbean,Developing,2009,29,35.3,171.2385,Medio,5.63,80,83,25.8,85,82,0.55,5393,Medio,9.58,3.4,3.3,7.2,Medio,71.8
Dominican Republic,Central America and Caribbean,Developing,2010,28.9,35.1,169.4285,Medio,5.54,83,83,25.9,85,88,0.53,5772,Medio,9.7,3.3,3.3,7.3,Medio,72
Dominican Republic,Central America and Caribbean,Developing,2011,28.8,35,167.619,Medio,5.47,80,83,26,84,84,0.49,5881,Medio,9.81,3.3,3.2,7.4,Medio,72.3
Dominican Republic,Central America and Caribbean,Developing,2012,28.8,35,165.809,Medio,5.49,74,83,26.1,85,85,0.46,5969,Medio,9.93,3.3,3.2,7.5,Medio,72.5
Dominican Republic,Central America and Caribbean,Developing,2013,28.8,35,164.4115,Medio,5.41,80,83,26.2,82,83,0.43,6187,Medio,10.05,3.3,3.2,7.6,Medio,72.8
Dominican Republic,Central America and Caribbean,Developing,2014,28.8,35,163.0145,Medio,5.23,89,83,26.3,90,91,0.4,6547,Medio,10.17,3.3,3.2,7.8,Medio,73
Dominican Republic,Central America and Caribbean,Developing,2015,28.8,35,161.617,Medio,5.39,81,83,26.4,87,85,0.38,6922,Medio,10.28,3.3,3.2,7.8,Medio,73.2
Ecuador,South America,Developing,2000,24.7,29.5,158.027,Medio,4.01,36,95,25.3,83,87,0.23,4209,Medio,12.68,1.6,1.5,7,Medio,72.8
Ecuador,South America,Developing,2001,23.4,28,156.506,Medio,4.19,69,95,25.4,90,89,0.22,4299,Medio,12.91,1.6,1.5,7,Medio,73.1
Ecuador,South America,Developing,2002,22.4,26.6,154.9855,Medio,3.98,75,95,25.5,88,88,0.21,4397,Medio,13.14,1.5,1.4,7.1,Medio,73.4
Ecuador,South America,Developing,2003,21.5,25.4,152.0585,Medio,4.04,82,95,25.7,97,87,0.2,4441,Medio,13.37,1.5,1.4,7.1,Medio,73.6
Ecuador,South America,Developing,2004,20.7,24.4,149.1315,Medio,4.09,88,95,25.8,90,88,0.2,4725,Medio,13.6,1.5,1.3,7.2,Medio,73.9
Ecuador,South America,Developing,2005,19.9,23.5,146.204,Medio,3.9,92,95,25.9,89,92,0.18,4893,Medio,13.83,1.4,1.3,7.3,Medio,74.1
Ecuador,South America,Developing,2006,19.2,22.6,143.277,Medio,3.88,96,96,26,92,96,0.18,5023,Medio,14.06,1.4,1.3,7.3,Medio,74.3
Ecuador,South America,Developing,2007,18.5,21.7,140.35,Medio,3.99,94,95,26.1,95,96,0.17,5048,Medio,14.3,1.4,1.3,7.3,Medio,74.5
Ecuador,South America,Developing,2008,17.7,20.8,138.1625,Medio,4.12,93,94,26.2,94,96,0.17,5281,Medio,14.54,1.3,1.2,7.9,Medio,74.7
Ecuador,South America,Developing,2009,17,19.9,135.975,Medio,4.2,91,99,26.4,91,94,0.16,5225,Medio,14.77,1.3,1.2,7.9,Medio,74.9
Ecuador,South America,Developing,2010,16.3,19,133.788,Medio,3.97,90,91,26.5,88,91,0.16,5324,Medio,15.01,1.3,1.2,7.9,Medio,75.1
Ecuador,South America,Developing,2011,15.6,18.1,131.6005,Medio,3.99,88,92,26.6,85,88,0.16,5655,Medio,15.24,1.3,1.2,8,Medio,75.3
Ecuador,South America,Developing,2012,14.9,17.3,129.413,Medio,3.92,88,81,26.7,85,87,0.15,5885,Medio,15.47,1.3,1.2,8.1,Medio,75.5
Ecuador,South America,Developing,2013,14.3,16.6,127.577,Bajo,3.78,87,70,26.9,87,87,0.16,6084,Medio,15.71,1.3,1.1,8.3,Medio,75.7
Ecuador,South America,Developing,2014,13.7,15.9,125.742,Bajo,3.81,83,59,27,84,83,0.16,6218,Medio,15.95,1.2,1.1,8.5,Medio,75.9
Ecuador,South America,Developing,2015,13.2,15.4,123.906,Bajo,3.69,78,76,27.1,84,78,0.16,6124,Medio,16.21,1.2,1.1,8.4,Medio,76.1
"Egypt, Arab Rep.",Africa,Developing,2000,37.1,46.6,175.924,Medio,0.14,98,64,27.6,98,98,0.13,2610,Medio,68.83,3.6,3.5,4.8,Bajo,68.6
"Egypt, Arab Rep.",Africa,Developing,2001,35.2,43.9,174.899,Medio,0.13,99,64,27.8,99,99,0.13,2652,Medio,70.15,3.5,3.4,4.9,Bajo,68.8
"Egypt, Arab Rep.",Africa,Developing,2002,33.5,41.5,173.8735,Medio,0.14,97,64,27.9,97,97,0.13,2665,Medio,71.49,3.4,3.4,5.1,Bajo,69
"Egypt, Arab Rep.",Africa,Developing,2003,32,39.4,172.614,Medio,0.14,98,64,28,98,98,0.13,2699,Medio,72.83,3.3,3.3,5.3,Bajo,69.1
"Egypt, Arab Rep.",Africa,Developing,2004,30.6,37.5,171.3545,Medio,0.14,97,64,28.1,97,97,0.13,2759,Medio,74.17,3.3,3.2,5.4,Bajo,69.3
"Egypt, Arab Rep.",Africa,Developing,2005,29.3,35.7,170.095,Medio,0.15,98,64,28.2,98,98,0.13,2830,Medio,75.52,3.2,3.2,5.6,Bajo,69.4
"Egypt, Arab Rep.",Africa,Developing,2006,28.2,34.2,168.835,Medio,0.17,98,64,28.3,98,98,0.13,2971,Medio,76.87,3.2,3.1,5.8,Bajo,69.6
"Egypt, Arab Rep.",Africa,Developing,2007,27.1,32.7,167.5755,Medio,0.19,98,64,28.4,98,98,0.13,3126,Medio,78.23,3.1,3.1,6,Bajo,69.8
"Egypt, Arab Rep.",Africa,Developing,2008,26,31.3,165.137,Medio,0.21,97,64,28.6,97,97,0.13,3291,Medio,79.64,3.1,3,6.2,Medio,70
"Egypt, Arab Rep.",Africa,Developing,2009,25,29.9,162.699,Medio,0.19,97,64,28.7,97,97,0.13,3381,Medio,81.13,3,3,6.4,Medio,70.2
"Egypt, Arab Rep.",Africa,Developing,2010,24,28.7,160.261,Medio,0.21,97,64,28.8,97,97,0.13,3485,Medio,82.76,3,2.9,6.5,Medio,70.3
"Egypt, Arab Rep.",Africa,Developing,2011,23.1,27.5,157.823,Medio,0.19,96,64,28.9,96,96,0.13,3473,Medio,84.53,2.9,2.9,6.7,Medio,70.5
"Egypt, Arab Rep.",Africa,Developing,2012,22.2,26.3,155.3845,Medio,0.19,93,64,29.1,93,93,0.13,3472,Medio,86.42,2.9,2.8,6.8,Medio,70.7
"Egypt, Arab Rep.",Africa,Developing,2013,21.3,25.3,153.433,Medio,0.19,97,64,29.2,97,97,0.13,3468,Medio,88.4,2.9,2.8,6.9,Medio,70.9
"Egypt, Arab Rep.",Africa,Developing,2014,20.5,24.3,151.4815,Medio,0.19,94,64,29.3,94,94,0.13,3490,Medio,90.42,2.8,2.8,7,Medio,71.1
"Egypt, Arab Rep.",Africa,Developing,2015,19.8,23.3,149.529,Medio,0.18,93,64,29.5,93,93,0.13,3563,Medio,92.44,2.8,2.8,7.1,Medio,71.3
El Salvador,Central America and Caribbean,Developing,2000,27.4,33.2,220.1275,Alto,2.65,99,79,26,98,99,0.41,2993,Medio,5.89,2.1,2,5.2,Bajo,68.9
El Salvador,Central America and Caribbean,Developing,2001,26,31.3,218.122,Alto,2.76,75,79,26.1,94,92,0.39,2999,Medio,5.93,2.1,2,5.3,Bajo,69.2
El Salvador,Central America and Caribbean,Developing,2002,24.7,29.6,216.117,Alto,2.85,81,81,26.2,81,81,0.37,3029,Medio,5.96,2,1.9,5.5,Bajo,69.4
El Salvador,Central America and Caribbean,Developing,2003,23.5,28.1,213.592,Alto,2.91,94,77,26.4,93,94,0.35,3060,Medio,5.99,2,1.9,5.7,Bajo,69.7
El Salvador,Central America and Caribbean,Developing,2004,22.4,26.6,211.067,Medio,2.78,90,80,26.5,90,90,0.32,3072,Medio,6.02,1.9,1.8,5.8,Bajo,69.9
El Salvador,Central America and Caribbean,Developing,2005,21.2,25.1,208.5415,Medio,2.68,89,85,26.6,89,89,0.3,3140,Medio,6.05,1.9,1.8,6,Bajo,70.1
El Salvador,Central America and Caribbean,Developing,2006,20.2,23.8,206.0165,Medio,2.67,96,89,26.7,96,96,0.28,3262,Medio,6.08,1.8,1.7,6.4,Medio,70.3
El Salvador,Central America and Caribbean,Developing,2007,19.2,22.6,203.491,Medio,2.73,99,86,26.8,99,99,0.27,3308,Medio,6.11,1.8,1.7,5.8,Bajo,70.5
El Salvador,Central America and Caribbean,Developing,2008,18.3,21.4,200.807,Medio,2.59,98,79,26.9,98,98,0.25,3364,Medio,6.13,1.8,1.7,6.4,Medio,70.8
El Salvador,Central America and Caribbean,Developing,2009,17.4,20.4,198.1225,Medio,2.48,91,82,27,91,91,0.24,3280,Medio,6.16,1.7,1.6,6.5,Medio,71
El Salvador,Central America and Caribbean,Developing,2010,16.6,19.4,195.439,Medio,2.3,89,78,27.1,89,89,0.22,3335,Medio,6.18,1.7,1.6,7.1,Medio,71.2
El Salvador,Central America and Caribbean,Developing,2011,15.8,18.5,192.7545,Medio,2.31,89,81,27.2,90,89,0.21,3447,Medio,6.21,1.7,1.6,6.5,Medio,71.4
El Salvador,Central America and Caribbean,Developing,2012,15.1,17.6,190.07,Medio,2.41,92,95,27.3,93,92,0.2,3529,Medio,6.24,1.6,1.6,6.7,Medio,71.7
El Salvador,Central America and Caribbean,Developing,2013,14.4,16.8,187.4335,Medio,2.35,92,85,27.4,92,92,0.19,3591,Medio,6.27,1.6,1.6,6.6,Medio,71.9
El Salvador,Central America and Caribbean,Developing,2014,13.8,16.1,184.7965,Medio,2.45,93,85,27.5,93,94,0.19,3636,Medio,6.3,1.6,1.6,6.5,Medio,72.2
El Salvador,Central America and Caribbean,Developing,2015,13.3,15.5,182.1595,Medio,2.54,91,88,27.6,92,91,0.18,3706,Medio,6.33,1.6,1.5,6.6,Medio,72.4
Equatorial Guinea,Africa,Developing,2000,107.1,155.7,333.2235,Alto,6.7,46,64,22.6,41,34,3.27,4454,Medio,0.61,10.7,10.6,5.4,Bajo,53.3
Equatorial Guinea,Africa,Developing,2001,104.4,151.4,332.218,Alto,6.79,46,64,22.7,43,35,3.44,6983,Medio,0.63,10.6,10.4,5.4,Bajo,53.6
Equatorial Guinea,Africa,Developing,2002,101.7,147.1,331.213,Alto,7.12,46,64,22.8,45,36,3.61,8004,Medio,0.66,10.4,10.3,5.4,Bajo,53.8
Equatorial Guinea,Africa,Developing,2003,99,142.8,332.349,Alto,7.87,46,64,22.9,47,37,3.69,8745,Alto,0.69,10.2,10.1,5.4,Bajo,54.1
Equatorial Guinea,Africa,Developing,2004,96.1,138.2,333.4845,Alto,8.11,46,64,23,49,38,3.86,11559,Alto,0.72,10,10,5.4,Bajo,54.3
Equatorial Guinea,Africa,Developing,2005,93.2,133.5,334.6205,Alto,7.82,46,64,23.1,51,39,4.01,12908,Alto,0.75,9.8,9.8,5.4,Bajo,54.4
Equatorial Guinea,Africa,Developing,2006,90.3,129,335.756,Alto,8.7,46,64,23.2,53,40,4.02,13283,Alto,0.78,9.7,9.6,5.4,Bajo,54.6
Equatorial Guinea,Africa,Developing,2007,87.4,124.4,336.8925,Alto,8.31,46,64,23.3,55,41,4.21,14620,Alto,0.82,9.5,9.5,5.4,Bajo,54.8
Equatorial Guinea,Africa,Developing,2008,84.5,119.7,334.523,Alto,7.71,46,64,23.4,57,42,4.23,16439,Alto,0.86,9.3,9.3,5.4,Bajo,55.1
Equatorial Guinea,Africa,Developing,2009,81.7,115.3,332.154,Alto,7.2,46,64,23.4,59,43,4.39,15906,Alto,0.9,9.2,9.2,5.5,Bajo,55.3
Equatorial Guinea,Africa,Developing,2010,79.1,111.2,329.7845,Alto,8.96,46,64,23.5,61,44,4.42,13841,Alto,0.94,9,9,5.5,Bajo,55.6
Equatorial Guinea,Africa,Developing,2011,76.7,107.4,327.4155,Alto,9.38,46,64,23.6,60,41,4.58,14099,Alto,0.99,8.9,8.8,5.5,Bajo,55.9
Equatorial Guinea,Africa,Developing,2012,74.3,103.6,325.0465,Alto,9.79,46,64,23.7,58,24,4.63,14614,Alto,1.03,8.7,8.7,5.5,Bajo,56.3
Equatorial Guinea,Africa,Developing,2013,72.1,100.2,326.2985,Alto,8.95,46,64,23.8,57,30,4.43,13422,Alto,1.08,8.6,8.6,5.5,Bajo,56.6
Equatorial Guinea,Africa,Developing,2014,69.9,96.8,327.5505,Alto,8.64,53,64,23.9,55,20,4.04,12927,Alto,1.12,8.5,8.4,5.5,Bajo,57
Equatorial Guinea,Africa,Developing,2015,67.6,93.2,328.8035,Alto,8.11,40,64,23.9,37,16,4.2,11283,Alto,1.17,8.4,8.3,5.5,Bajo,57.4
Eritrea,Africa,Developing,2000,56.1,85.2,370.455,Alto,0.88,87,88,20.1,82,81,0.7,828,Bajo,2.29,10.2,10.1,3.7,Bajo,55.3
Eritrea,Africa,Developing,2001,53.8,81.1,371.292,Alto,0.67,87,88,20.2,89,86,0.59,870,Bajo,2.37,10,10,3.7,Bajo,55.9
Eritrea,Africa,Developing,2002,51.6,77.3,372.128,Alto,0.89,86,88,20.2,92,90,0.51,857,Bajo,2.48,9.9,9.9,3.7,Bajo,56.5
Eritrea,Africa,Developing,2003,49.6,73.8,360.1825,Alto,0.62,91,88,20.3,95,93,0.47,796,Bajo,2.6,9.7,9.7,3.7,Bajo,57.2
Eritrea,Africa,Developing,2004,47.8,70.5,348.2365,Alto,0.72,84,88,20.3,98,98,0.43,772,Bajo,2.72,9.6,9.6,3.7,Bajo,57.9
Eritrea,Africa,Developing,2005,46.1,67.5,336.291,Alto,1.18,96,88,20.4,96,96,0.38,762,Bajo,2.83,9.4,9.5,3.7,Bajo,58.7
Eritrea,Africa,Developing,2006,44.5,64.6,324.3455,Alto,1.29,94,88,20.4,94,94,0.35,731,Bajo,2.92,9.3,9.3,3.7,Bajo,59.5
Eritrea,Africa,Developing,2007,43,61.9,312.3995,Alto,1.75,91,88,20.4,95,91,0.3,722,Bajo,3,9.2,9.2,3.8,Bajo,60.2
Eritrea,Africa,Developing,2008,41.5,59.4,304.7255,Alto,0.66,94,88,20.5,95,94,0.29,638,Bajo,3.06,9.1,9.1,3.8,Bajo,61
Eritrea,Africa,Developing,2009,40.2,57.1,297.051,Alto,0.85,92,88,20.5,95,92,0.28,650,Bajo,3.12,9,8.9,3.8,Bajo,61.6
Eritrea,Africa,Developing,2010,39,55.1,289.377,Alto,1.13,95,88,20.5,95,90,0.25,654,Bajo,3.17,8.9,8.8,3.9,Bajo,62.2
Eritrea,Africa,Developing,2011,37.9,53.1,281.703,Alto,1.19,96,88,20.6,94,96,0.22,701,Bajo,3.21,8.8,8.7,3.9,Bajo,62.7
Eritrea,Africa,Developing,2012,36.8,51.2,274.029,Alto,1.03,94,88,20.6,94,94,0.18,699,Bajo,3.28,8.7,8.6,3.9,Bajo,63.2
Eritrea,Africa,Developing,2013,35.8,49.5,267.946,Alto,1.03,94,88,20.6,94,94,0.16,761,Bajo,3.34,8.6,8.4,3.9,Bajo,63.7
Eritrea,Africa,Developing,2014,34.9,47.9,261.8635,Alto,1.03,94,88,20.6,94,94,0.13,828,Bajo,3.41,8.5,8.3,3.9,Bajo,64.2
Eritrea,Africa,Developing,2015,34,46.3,255.781,Alto,1.03,95,88,20.7,95,95,0.1,901.1,Bajo,3.5,8.4,8.2,3.9,Bajo,64.7
Estonia,European Union,Developed,2000,8.7,10.9,213.0375,Alto,9.03,93,89,25.4,93,93,0.08,9960,Alto,1.4,2.5,2.5,11.7,Alto,70.4
Estonia,European Union,Developed,2001,8,10.1,223.511,Alto,10.1,93,84,25.5,94,94,0.08,10626,Alto,1.39,2.4,2.5,11.8,Alto,70.3
Estonia,European Union,Developed,2002,7.3,9.3,211.7,Alto,12.16,93,94,25.6,94,94,0.08,11417,Alto,1.38,2.3,2.4,11.9,Alto,70.9
Estonia,European Union,Developed,2003,6.7,8.5,199.678,Medio,11.64,93,96,25.7,95,94,0.08,12362,Alto,1.37,2.2,2.3,11.9,Alto,71.3
Estonia,European Union,Developed,2004,6.2,7.8,194.0975,Medio,15.52,90,97,25.8,95,94,0.08,13283,Alto,1.36,2.2,2.3,12,Alto,71.9
Estonia,European Union,Developed,2005,5.7,7.2,186.7535,Medio,16.58,95,98,25.8,96,96,0.08,14631,Alto,1.35,2.1,2.2,12.1,Alto,72.6
Estonia,European Union,Developed,2006,5.2,6.6,184.2685,Medio,17.87,95,98,25.9,95,95,0.08,16155,Alto,1.35,2.1,2.2,12.2,Alto,72.7
Estonia,European Union,Developed,2007,4.7,6,184.639,Medio,17.47,95,96,26,95,95,0.08,17459,Alto,1.34,2,2.1,12.2,Alto,72.8
Estonia,European Union,Developed,2008,4.3,5.5,164.1015,Medio,16.61,94,97,26,95,95,0.08,16608,Alto,1.34,2,2.1,12.3,Alto,73.8
Estonia,European Union,Developed,2009,4,5,153.3555,Medio,14.66,95,96,26.1,95,95,0.08,14205,Alto,1.33,2,2,12.4,Alto,74.8
Estonia,European Union,Developed,2010,3.6,4.6,135.396,Medio,14.97,94,95,26.1,94,94,0.08,14586,Alto,1.33,1.9,2,12.5,Alto,75.4
Estonia,European Union,Developed,2011,3.3,4.2,137.323,Medio,16.27,94,95,26.2,93,93,0.08,15693,Alto,1.33,1.9,2,12.5,Alto,76.2
Estonia,European Union,Developed,2012,3,3.9,133.087,Medio,16.96,94,94,26.2,94,94,0.08,16257,Alto,1.32,1.9,1.9,12.5,Alto,76.3
Estonia,European Union,Developed,2013,2.8,3.6,118.171,Bajo,17.75,93,92,26.3,94,94,0.08,16553,Alto,1.32,1.9,1.9,12.6,Alto,77.1
Estonia,European Union,Developed,2014,2.6,3.3,123.2,Bajo,17.29,93,93,26.3,93,93,0.08,17097,Alto,1.31,1.9,1.9,12.6,Alto,77
Estonia,European Union,Developed,2015,2.4,3.1,116.351,Bajo,16.72,91,92,26.4,93,93,0.08,17402,Alto,1.32,1.9,1.9,12.7,Alto,77.6
Eswatini,Africa,Developing,2000,67.8,112.2,559.1865,Alto,6.8,83,99,25.5,87,84,21.68,2472,Medio,1.01,9.4,9.6,3.9,Bajo,47.5
Eswatini,Africa,Developing,2001,69,115.8,591.9355,Alto,6.7,86,99,25.6,87,84,20.8,2477,Medio,1.01,9,9.2,3.7,Bajo,45.8
Eswatini,Africa,Developing,2002,69.6,117.7,624.685,Alto,5.51,88,99,25.6,87,85,20.31,2572,Medio,1.02,8.6,8.8,3.6,Bajo,44.4
Eswatini,Africa,Developing,2003,69.8,119.2,615.708,Alto,5.62,90,99,25.7,87,85,20.22,2662,Medio,1.02,8.2,8.4,3.4,Bajo,43.4
Eswatini,Africa,Developing,2004,69.1,119.7,606.731,Alto,5.76,93,99,25.8,88,86,19.93,2749,Medio,1.03,7.7,7.9,4,Bajo,42.7
Eswatini,Africa,Developing,2005,68.3,119.4,597.7545,Alto,5.05,95,99,25.9,88,86,19.87,2902,Medio,1.03,7.3,7.5,4.5,Bajo,42.5
Eswatini,Africa,Developing,2006,58.8,109,588.7775,Alto,6.26,93,99,26,88,87,18.94,3060,Medio,1.04,6.9,7.1,5.1,Bajo,42.7
Eswatini,Africa,Developing,2007,59.3,103.8,579.801,Alto,6.34,92,99,26.1,88,87,18.67,3175,Medio,1.04,6.5,6.7,5.3,Bajo,43.3
Eswatini,Africa,Developing,2008,61.1,101.9,555.8025,Alto,5.64,90,99,26.2,89,88,18.5,3179,Medio,1.05,6.1,6.3,5.4,Bajo,44.2
Eswatini,Africa,Developing,2009,57.9,96,531.8035,Alto,5.65,88,99,26.3,89,88,17.36,3206,Medio,1.06,5.8,5.9,5.6,Bajo,45.3
Eswatini,Africa,Developing,2010,54.7,85.5,507.805,Alto,6.49,89,99,26.4,89,89,16.96,3304,Medio,1.06,5.4,5.6,5.7,Bajo,46.6
Eswatini,Africa,Developing,2011,51.5,73.4,483.806,Alto,6.89,91,92,26.4,85,91,15.78,3356,Medio,1.07,5.1,5.2,5.9,Bajo,48.1
Eswatini,Africa,Developing,2012,50.6,66,459.807,Alto,6.49,95,52,26.5,92,95,15.74,3513,Medio,1.08,4.8,4.9,6.1,Bajo,49.9
Eswatini,Africa,Developing,2013,49.5,62.5,451.479,Alto,7.36,98,89,26.6,98,98,15.83,3624,Medio,1.09,4.5,4.6,6.3,Medio,51.7
Eswatini,Africa,Developing,2014,50.1,62.4,443.15,Alto,7.28,98,89,26.7,98,98,15.74,3630,Medio,1.1,4.3,4.3,6.5,Medio,53.6
Eswatini,Africa,Developing,2015,45.2,57.2,434.821,Alto,7.49,90,83,26.8,84,90,14.3,3680,Medio,1.1,4,4.1,6.5,Medio,55.4
Ethiopia,Africa,Developing,2000,87.2,140.7,387.2035,Alto,0.19,52,64,19.8,55,30,1.2,262,Bajo,66.22,11.9,11.8,1.5,Bajo,51.9
Ethiopia,Africa,Developing,2001,83.8,134.6,386.2285,Alto,0.2,52,64,19.9,54,32,1.06,276,Bajo,68.16,11.8,11.7,1.6,Bajo,52.6
Ethiopia,Africa,Developing,2002,80.3,128.3,385.253,Alto,0.16,52,64,20,55,35,0.95,272,Bajo,70.14,11.7,11.6,1.7,Bajo,53.3
Ethiopia,Africa,Developing,2003,76.7,121.8,369.5585,Alto,0.14,52,64,20,54,37,0.83,259,Bajo,72.17,11.6,11.5,1.7,Bajo,54.2
Ethiopia,Africa,Developing,2004,73.1,115.3,353.864,Alto,0.21,52,64,20.1,54,40,0.73,286,Bajo,74.24,11.5,11.3,1.8,Bajo,55.2
Ethiopia,Africa,Developing,2005,69.5,108.9,338.17,Alto,0.21,52,64,20.1,56,44,0.65,310,Bajo,76.35,11.5,11.2,1.9,Bajo,56.2
Ethiopia,Africa,Developing,2006,66.1,102.8,322.4755,Alto,0.29,52,64,20.2,59,46,0.58,335,Bajo,78.49,11.4,11.1,2,Bajo,57.3
Ethiopia,Africa,Developing,2007,62.8,97,306.7815,Alto,0.31,47,64,20.2,61,50,0.52,363,Bajo,80.67,11.3,11,2.1,Bajo,58.5
Ethiopia,Africa,Developing,2008,59.8,91.6,293.293,Alto,0.32,52,64,20.2,63,54,0.44,391,Bajo,82.92,11.2,10.9,2.2,Bajo,59.6
Ethiopia,Africa,Developing,2009,57,86.7,279.805,Alto,0.32,56,64,20.3,65,58,0.4,414,Bajo,85.23,11.1,10.8,2.3,Bajo,60.6
Ethiopia,Africa,Developing,2010,54.3,82,266.317,Alto,0.4,62,64,20.3,69,61,0.36,453,Bajo,87.64,11,10.7,2.3,Bajo,61.6
Ethiopia,Africa,Developing,2011,51.9,77.7,252.8295,Alto,0.45,65,64,20.4,70,65,0.32,490,Bajo,90.14,10.9,10.6,2.4,Bajo,62.5
Ethiopia,Africa,Developing,2012,49.5,73.5,239.3415,Alto,0.54,69,64,20.4,70,69,0.28,518,Bajo,92.73,10.7,10.5,2.4,Bajo,63.3
Ethiopia,Africa,Developing,2013,47.3,69.6,234.3685,Alto,0.57,72,64,20.5,70,72,0.25,556,Bajo,95.39,10.6,10.4,2.5,Bajo,64
Ethiopia,Africa,Developing,2014,45.2,65.9,229.3955,Alto,0.65,77,64,20.5,68,77,0.22,596,Bajo,98.09,10.5,10.3,2.5,Bajo,64.5
Ethiopia,Africa,Developing,2015,43.2,62.4,224.423,Alto,0.76,77,64,20.5,75,77,0.19,641,Bajo,100.84,10.4,10.2,2.6,Bajo,65
Fiji,Oceania,Developing,2000,19.1,22.4,219.344,Alto,2.46,98,84,26.3,91,90,0.03,4107,Medio,0.81,4.3,4,9.6,Alto,65.7
Fiji,Oceania,Developing,2001,19,22.3,218.489,Alto,2.35,98,85,26.4,92,91,0.03,4174,Medio,0.81,4.3,4,9.5,Medio,65.9
Fiji,Oceania,Developing,2002,19,22.4,217.6345,Alto,2.27,99,82,26.4,94,93,0.03,4301,Medio,0.82,4.2,3.9,9.4,Medio,66
Fiji,Oceania,Developing,2003,19.2,22.5,215.093,Alto,2.07,99,85,26.5,95,94,0.04,4339,Medio,0.82,4.2,3.9,9.3,Medio,66.2
Fiji,Oceania,Developing,2004,19.4,22.8,212.551,Alto,2.05,99,87,26.6,96,95,0.04,4559,Medio,0.82,4.2,3.9,9.3,Medio,66.2
Fiji,Oceania,Developing,2005,19.7,23.1,210.0095,Medio,2.03,99,74,26.7,97,96,0.04,4570,Medio,0.82,4.1,3.8,9.2,Medio,66.3
Fiji,Oceania,Developing,2006,19.9,23.4,207.4675,Medio,2.07,99,94,26.8,98,98,0.05,4620,Medio,0.83,4.1,3.8,9.3,Medio,66.4
Fiji,Oceania,Developing,2007,20.1,23.7,204.926,Medio,2.1,99,94,26.9,99,99,0.05,4535,Medio,0.84,4.1,3.8,9.3,Medio,66.4
Fiji,Oceania,Developing,2008,20.2,23.8,202.2175,Medio,1.96,99,94,27,99,99,0.06,4532,Medio,0.85,4,3.7,9.4,Medio,66.5
Fiji,Oceania,Developing,2009,20.1,23.7,199.509,Medio,2.32,99,94,27.1,99,99,0.07,4426,Medio,0.85,4,3.7,9.5,Medio,66.6
Fiji,Oceania,Developing,2010,20,23.6,196.8,Medio,2.42,99,94,27.2,99,99,0.09,4524,Medio,0.86,4,3.7,9.6,Alto,66.7
Fiji,Oceania,Developing,2011,20,23.6,194.092,Medio,2.31,99,94,27.3,99,99,0.1,4627,Medio,0.86,4,3.7,9.8,Alto,66.8
Fiji,Oceania,Developing,2012,20,23.5,191.3835,Medio,2.43,99,94,27.3,99,99,0.11,4683,Medio,0.87,4,3.7,10.1,Alto,66.9
Fiji,Oceania,Developing,2013,20.1,23.7,189.542,Medio,2.53,99,94,27.4,99,99,0.11,4902,Medio,0.87,4,3.7,10.3,Alto,67
Fiji,Oceania,Developing,2014,20.3,23.9,187.7,Medio,2.67,99,94,27.5,99,99,0.11,5172,Medio,0.87,4,3.7,10.5,Alto,67
Fiji,Oceania,Developing,2015,20.6,24.4,185.858,Medio,2.63,99,94,27.6,99,99,0.12,5391,Medio,0.87,4,3.7,10.8,Alto,67.1
Finland,European Union,Developed,2000,3.5,4.3,103.8765,Bajo,8.88,88,92,25.7,96,99,0.08,37884,Alto,5.18,0.9,0.9,9.3,Medio,77.5
Finland,European Union,Developed,2001,3.4,4.2,98.8365,Bajo,8.94,88,92,25.8,95,98,0.08,38785,Alto,5.19,0.9,0.8,9.4,Medio,78
Finland,European Union,Developed,2002,3.3,4.1,97.1345,Bajo,9.25,88,92,25.8,95,98,0.08,39351,Alto,5.2,0.9,0.8,9.5,Medio,78.1
Finland,European Union,Developed,2003,3.3,4,96.4225,Bajo,9.31,88,92,25.8,96,98,0.08,40044,Alto,5.21,0.9,0.8,9.6,Alto,78.4
Finland,European Union,Developed,2004,3.2,3.9,98.807,Bajo,9.89,88,92,25.9,96,98,0.08,41522,Alto,5.23,0.9,0.8,11.9,Alto,78.7
Finland,European Union,Developed,2005,3.1,3.7,99.9665,Bajo,9.95,88,92,25.9,97,97,0.08,42531,Alto,5.25,0.9,0.8,12,Alto,78.8
Finland,European Union,Developed,2006,3,3.6,94.799,Bajo,10.15,88,92,25.9,97,97,0.08,44074,Alto,5.27,0.9,0.8,12,Alto,79.2
Finland,European Union,Developed,2007,2.8,3.5,95.089,Bajo,10.45,88,92,25.9,97,99,0.08,46213,Alto,5.29,0.9,0.8,12,Alto,79.3
Finland,European Union,Developed,2008,2.7,3.3,92.96,Bajo,10.26,88,92,25.9,97,99,0.08,46359,Alto,5.31,0.9,0.8,12.2,Alto,79.6
Finland,European Union,Developed,2009,2.6,3.2,89.883,Bajo,9.96,88,92,26,99,99,0.08,42412,Alto,5.34,0.9,0.8,12.2,Alto,79.7
Finland,European Union,Developed,2010,2.5,3,87.05,Bajo,9.72,88,92,26,99,99,0.08,43564,Alto,5.36,0.9,0.8,12.3,Alto,79.9
Finland,European Union,Developed,2011,2.4,2.9,83.0505,Bajo,9.81,88,92,26,99,99,0.08,44467,Alto,5.39,0.9,0.8,12.3,Alto,80.5
Finland,European Union,Developed,2012,2.3,2.8,79.341,Bajo,9.27,88,92,26,99,99,0.08,43637,Alto,5.41,0.9,0.8,12.4,Alto,80.6
Finland,European Union,Developed,2013,2.2,2.7,76.567,Bajo,9.08,88,92,26,98,98,0.08,43045,Alto,5.44,0.9,0.8,12.3,Alto,81
Finland,European Union,Developed,2014,2.1,2.6,72.193,Bajo,8.76,88,92,25.9,98,98,0.08,42711,Alto,5.46,0.9,0.8,12.4,Alto,81.2
Finland,European Union,Developed,2015,2,2.5,68.8685,Bajo,8.52,88,92,25.9,97,97,0.08,42802,Alto,5.48,0.9,0.8,12.4,Alto,81.5
France,European Union,Developed,2000,4.1,5.4,99.7875,Bajo,13.92,26,65,24.8,98,97,0.11,33597,Alto,60.91,0.7,0.6,9.8,Alto,79.1
France,European Union,Developed,2001,3.9,5.3,99.592,Bajo,14.15,28,65,24.9,98,97,0.11,34015,Alto,61.36,0.7,0.6,10,Alto,79.2
France,European Union,Developed,2002,3.7,5.1,98.657,Bajo,13.92,29,65,24.9,97,97,0.11,34152,Alto,61.81,0.7,0.6,10.1,Alto,79.3
France,European Union,Developed,2003,3.6,4.9,97.437,Bajo,13.45,28,65,24.9,96,97,0.11,34190,Alto,62.24,0.6,0.6,10.2,Alto,79.1
France,European Union,Developed,2004,3.4,4.8,92.3955,Bajo,13.14,35,65,25,99,98,0.11,34900,Alto,62.7,0.6,0.6,10.3,Alto,80.2
France,European Union,Developed,2005,3.3,4.6,91.6715,Bajo,12.88,35,65,25,98,98,0.11,35214,Alto,63.18,0.6,0.6,10.4,Alto,80.2
France,European Union,Developed,2006,3.3,4.5,89.724,Bajo,13.05,39,65,25,99,99,0.11,35826,Alto,63.62,0.6,0.6,10.6,Alto,80.8
France,European Union,Developed,2007,3.2,4.4,87.7925,Bajo,12.95,42,64,25,99,98,0.11,36468,Alto,64.02,0.6,0.6,10.7,Alto,81.1
France,European Union,Developed,2008,3.2,4.4,86.635,Bajo,12.53,47,65,25,99,98,0.11,36357,Alto,64.37,0.6,0.6,10.7,Alto,81.2
France,European Union,Developed,2009,3.1,4.3,86.8955,Bajo,12.66,51,67,25,98,98,0.1,35131,Alto,64.71,0.6,0.6,10.8,Alto,81.4
France,European Union,Developed,2010,3.1,4.2,84.668,Bajo,12.3,65,61,25.1,99,99,0.1,35640,Alto,65.03,0.6,0.6,10.9,Alto,81.7
France,European Union,Developed,2011,3.1,4.2,82.572,Bajo,12.35,74,67,25.1,99,99,0.1,36246,Alto,65.34,0.6,0.6,10.9,Alto,82.1
France,European Union,Developed,2012,3.1,4.1,80.3445,Bajo,12.22,78,72,25,99,99,0.1,36183,Alto,65.66,0.6,0.6,11,Alto,82
France,European Union,Developed,2013,3.1,4.1,77.9145,Bajo,11.73,74,75,25,99,99,0.1,36205,Alto,66,0.6,0.6,11.2,Alto,82.2
France,European Union,Developed,2014,3.1,4.1,74.8905,Bajo,12.07,83,77,25,98,98,0.1,36379,Alto,66.31,0.6,0.6,11.4,Alto,82.7
France,European Union,Developed,2015,3.2,4.2,75.4835,Bajo,11.87,86,79,25,97,98,0.09,36653,Alto,66.55,0.7,0.6,11.5,Alto,82.3
Gabon,Africa,Developing,2000,53.3,82.9,315.436,Alto,8.89,70,64,23.7,44,45,3.95,7888,Medio,1.23,8,7.8,6.2,Medio,58.3
Gabon,Africa,Developing,2001,52.3,81.4,321.9725,Alto,9.27,70,64,23.8,44,45,3.6,7867,Medio,1.26,7.8,7.7,6.3,Medio,58
Gabon,Africa,Developing,2002,51.2,79.6,328.5085,Alto,8.29,70,64,23.9,44,45,3.33,7662,Medio,1.29,7.7,7.5,6.5,Medio,57.8
Gabon,Africa,Developing,2003,50.2,77.8,323.9475,Alto,6.41,70,64,24,44,45,3,7647,Medio,1.32,7.5,7.4,6.6,Medio,57.8
Gabon,Africa,Developing,2004,49,75.8,319.386,Alto,8.02,70,64,24.2,44,45,2.84,7507,Medio,1.35,7.4,7.2,6.8,Medio,57.9
Gabon,Africa,Developing,2005,47.7,73.6,314.8255,Alto,7.56,70,64,24.3,44,45,2.59,7504,Medio,1.39,7.2,7.1,6.9,Medio,58.2
Gabon,Africa,Developing,2006,46.6,71.6,310.2645,Alto,7.77,52,64,24.4,44,45,2.5,7092,Medio,1.43,7.1,6.9,7,Medio,58.6
Gabon,Africa,Developing,2007,45.2,69.2,305.7035,Alto,8.65,75,64,24.5,78,81,2.26,7301,Medio,1.47,6.9,6.8,7.2,Medio,59.2
Gabon,Africa,Developing,2008,43.9,66.7,295.939,Alto,8.31,82,64,24.6,81,82,2.15,6846,Medio,1.52,6.8,6.6,7.3,Medio,59.9
Gabon,Africa,Developing,2009,42.9,64.2,286.1745,Alto,8.12,79,64,24.6,74,76,2.03,6635,Medio,1.57,6.7,6.5,7.4,Medio,60.6
Gabon,Africa,Developing,2010,41.6,61.7,276.4095,Alto,8.36,67,64,24.7,68,67,1.9,6864,Medio,1.62,6.5,6.4,7.6,Medio,61.4
Gabon,Africa,Developing,2011,40.4,59.3,266.645,Alto,8.01,75,64,24.8,75,75,1.73,7086,Medio,1.68,6.4,6.3,7.7,Medio,62.2
Gabon,Africa,Developing,2012,39.1,57.1,256.88,Alto,7.47,82,64,24.9,80,82,1.57,7181,Medio,1.75,6.3,6.2,7.8,Medio,62.9
Gabon,Africa,Developing,2013,37.9,54.9,250.7575,Alto,7.57,79,64,25,77,79,1.37,7305,Medio,1.82,6.2,6.1,8.1,Medio,63.6
Gabon,Africa,Developing,2014,37.2,52.8,244.635,Alto,8.21,70,64,25.1,68,70,1.24,7350,Medio,1.88,6.1,6,8.1,Medio,64.3
Gabon,Africa,Developing,2015,36.1,50.3,238.5125,Alto,8.06,80,64,25.2,79,80,1.09,7385,Medio,1.95,6.1,5.9,8.1,Medio,64.9
"Gambia, The",Africa,Developing,2000,61.6,113.4,300.7215,Alto,3.16,91,64,21.9,84,80,1.68,729,Bajo,1.32,10.2,10.2,2,Bajo,56
"Gambia, The",Africa,Developing,2001,59.8,108.7,298.2375,Alto,3.28,91,64,22.1,85,87,1.71,747,Bajo,1.36,10,10,2.1,Bajo,56.4
"Gambia, The",Africa,Developing,2002,58.1,104.2,295.754,Alto,3.37,92,64,22.3,86,87,1.59,700,Bajo,1.4,9.8,9.8,2.1,Bajo,56.8
"Gambia, The",Africa,Developing,2003,56.4,99.8,293.086,Alto,3.63,94,64,22.4,87,87,1.55,724,Bajo,1.45,9.6,9.6,2.2,Bajo,57.2
"Gambia, The",Africa,Developing,2004,54.7,95.6,290.417,Alto,3.56,95,64,22.6,88,87,1.48,751,Bajo,1.5,9.4,9.3,2.3,Bajo,57.6
"Gambia, The",Africa,Developing,2005,53.1,91.5,287.749,Alto,3.31,95,64,22.7,94,95,1.44,711,Bajo,1.54,9.2,9.1,2.4,Bajo,57.9
"Gambia, The",Africa,Developing,2006,51.5,87.6,285.0805,Alto,3.25,95,64,22.9,94,95,1.39,686,Bajo,1.59,9,8.9,2.5,Bajo,58.3
"Gambia, The",Africa,Developing,2007,50,83.8,282.4125,Alto,3.19,97,64,23,94,95,1.37,686,Bajo,1.64,8.8,8.7,2.5,Bajo,58.7
"Gambia, The",Africa,Developing,2008,48.6,80.3,279.9295,Alto,2.98,98,64,23.1,96,96,1.34,708,Bajo,1.69,8.6,8.5,2.6,Bajo,59
"Gambia, The",Africa,Developing,2009,47.1,76.8,277.4475,Alto,3.05,97,64,23.3,97,98,1.29,733,Bajo,1.74,8.4,8.3,2.7,Bajo,59.3
"Gambia, The",Africa,Developing,2010,45.8,73.6,274.965,Alto,2.82,97,64,23.4,97,97,1.21,753,Bajo,1.79,8.2,8.1,2.8,Bajo,59.6
"Gambia, The",Africa,Developing,2011,44.5,70.6,272.4825,Alto,2.7,96,64,23.5,95,96,1.11,671,Bajo,1.85,8,7.9,2.9,Bajo,59.9
"Gambia, The",Africa,Developing,2012,43.2,67.7,270,Alto,2.74,98,64,23.6,98,98,1.08,685,Bajo,1.91,7.8,7.7,3.1,Bajo,60.2
"Gambia, The",Africa,Developing,2013,42,65,267.2355,Alto,2.65,97,64,23.7,96,97,1.05,684,Bajo,1.96,7.6,7.5,3.2,Bajo,60.4
"Gambia, The",Africa,Developing,2014,40.9,62.4,264.471,Alto,2.68,96,64,23.8,97,96,1.04,654,Bajo,2.02,7.5,7.3,3.3,Bajo,60.7
"Gambia, The",Africa,Developing,2015,39.7,59.8,261.7065,Alto,2.69,97,64,23.9,96,97,0.96,661,Bajo,2.09,7.3,7.2,3.4,Bajo,60.9
Georgia,Rest of Europe,Developing,2000,31.9,36.6,171.5205,Medio,3.29,55,51,25.8,81,80,0.02,1567,Bajo,4.08,3.1,3.1,11.7,Alto,69.9
Georgia,Rest of Europe,Developing,2001,29.9,34.1,170.2485,Medio,2.77,61,57,25.9,83,87,0.03,1668,Bajo,4.01,3,3.1,11.8,Alto,70.1
Georgia,Rest of Europe,Developing,2002,27.7,31.5,168.977,Medio,2.74,51,40,26,89,84,0.03,1775,Bajo,3.98,2.9,3,11.9,Alto,70.2
Georgia,Rest of Europe,Developing,2003,25.5,28.8,171.3125,Medio,2.79,48,57,26.1,74,75,0.05,1984,Bajo,3.95,2.9,3,12,Alto,70.3
Georgia,Rest of Europe,Developing,2004,23.2,26.2,173.648,Medio,2.89,64,75,26.2,66,78,0.06,2112,Bajo,3.93,2.8,3,12,Alto,70.5
Georgia,Rest of Europe,Developing,2005,21,23.6,175.9835,Medio,4.36,79,87,26.3,82,82,0.07,2330,Medio,3.9,2.8,2.9,12.1,Alto,70.5
Georgia,Rest of Europe,Developing,2006,19,21.3,178.319,Medio,5.69,84,88,26.4,89,88,0.08,2564,Medio,3.88,2.7,2.9,12.1,Alto,70.6
Georgia,Rest of Europe,Developing,2007,17.1,19.1,180.6545,Medio,6.89,94,92,26.5,88,98,0.09,2901,Medio,3.86,2.7,2.9,12.1,Alto,70.8
Georgia,Rest of Europe,Developing,2008,15.4,17.2,177.359,Medio,7.27,89,87,26.6,90,92,0.11,2980,Medio,3.85,2.6,2.8,12.2,Alto,70.9
Georgia,Rest of Europe,Developing,2009,13.9,15.6,174.0635,Medio,6.26,54,71,26.7,93,88,0.12,2897,Medio,3.81,2.6,2.8,12.2,Alto,71.2
Georgia,Rest of Europe,Developing,2010,12.7,14.2,170.768,Medio,7.72,95,84,26.8,88,92,0.12,3101,Medio,3.79,2.6,2.8,12.2,Alto,71.5
Georgia,Rest of Europe,Developing,2011,11.6,13,167.4725,Medio,8.29,89,77,27,88,94,0.13,3357,Medio,3.76,2.6,2.8,12.2,Alto,71.8
Georgia,Rest of Europe,Developing,2012,10.8,12.1,164.177,Medio,7.23,92,79,27.1,93,92,0.13,3597,Medio,3.73,2.6,2.8,12.5,Alto,72.1
Georgia,Rest of Europe,Developing,2013,10.2,11.4,161.53,Medio,6.76,96,89,27.2,94,93,0.14,3739,Medio,3.72,2.7,2.8,12.6,Alto,72.4
Georgia,Rest of Europe,Developing,2014,9.7,10.9,158.8825,Medio,6.49,91,87,27.3,91,91,0.14,3903,Medio,3.72,2.7,2.8,12.6,Alto,72.7
Georgia,Rest of Europe,Developing,2015,9.4,10.5,156.2355,Medio,6.95,94,91,27.5,91,94,0.14,4014,Medio,3.73,2.7,2.8,12.7,Alto,73
Germany,European Union,Developed,2000,4.4,5.4,94.405,Bajo,12.91,84,81,25.8,94,90,0.08,34490,Alto,82.21,1.2,1.2,11.2,Alto,77.9
Germany,European Union,Developed,2001,4.3,5.2,91.975,Bajo,12.46,86,83,25.8,96,93,0.08,35011,Alto,82.35,1.2,1.1,11.7,Alto,78.3
Germany,European Union,Developed,2002,4.2,5.1,91.2495,Bajo,12.25,87,77,25.9,97,93,0.08,34883,Alto,82.49,1.2,1.1,12.1,Alto,78.2
Germany,European Union,Developed,2003,4.1,5,90.053,Bajo,11.92,90,83,26,96,97,0.08,34620,Alto,82.53,1.1,1.1,12.5,Alto,78.4
Germany,European Union,Developed,2004,4,4.9,86.3185,Bajo,11.83,88,89,26,96,96,0.08,35034,Alto,82.52,1.1,1.1,12.9,Alto,78.7
Germany,European Union,Developed,2005,3.9,4.7,84.758,Bajo,11.68,90,91,26.1,95,96,0.08,35310,Alto,82.47,1.1,1.1,13.3,Alto,78.9
Germany,European Union,Developed,2006,3.8,4.6,82.246,Bajo,11.76,87,90,26.1,94,96,0.08,36699,Alto,82.38,1.1,1.1,13.6,Alto,79.1
Germany,European Union,Developed,2007,3.7,4.5,80.746,Bajo,11.51,86,92,26.2,95,96,0.08,37842,Alto,82.27,1.1,1.1,13.7,Alto,79.5
Germany,European Union,Developed,2008,3.6,4.4,79.5175,Bajo,11.37,87,92,26.2,95,96,0.08,38278,Alto,82.11,1.1,1.1,13.7,Alto,79.7
Germany,European Union,Developed,2009,3.5,4.3,78.907,Bajo,11.23,88,93,26.3,95,96,0.08,36190,Alto,81.9,1.1,1.1,13.8,Alto,79.8
Germany,European Union,Developed,2010,3.5,4.2,77.604,Bajo,11.58,88,93,26.3,94,95,0.03,37761,Alto,81.78,1.1,1.1,13.8,Alto,80
Germany,European Union,Developed,2011,3.4,4.1,75.779,Bajo,11.33,88,93,26.4,94,95,0.03,39977,Alto,80.27,1.1,1.1,13.9,Alto,80.4
Germany,European Union,Developed,2012,3.4,4,73.3235,Bajo,11.32,88,93,26.4,94,95,0.03,40069,Alto,80.43,1.1,1.1,14,Alto,80.5
Germany,European Union,Developed,2013,3.3,4,73.2135,Bajo,11.08,88,93,26.5,93,95,0.03,40135,Alto,80.65,1.1,1.1,14,Alto,80.5
Germany,European Union,Developed,2014,3.3,4,70.358,Bajo,11.07,88,93,26.5,93,95,0.03,40851,Alto,80.98,1.1,1.1,14,Alto,81.1
Germany,European Union,Developed,2015,3.3,3.9,71.312,Bajo,11.06,88,93,26.5,92,95,0.03,41103,Alto,81.69,1.1,1.1,14.1,Alto,80.6
Ghana,Africa,Developing,2000,64.3,99.7,299.502,Alto,1.95,80,55,22.6,88,88,1.75,1041,Bajo,19.28,9.2,9.2,6.1,Bajo,57
Ghana,Africa,Developing,2001,62.1,95.7,300.102,Alto,1.85,80,55,22.7,81,79,1.66,1056,Bajo,19.76,9,9,6.2,Medio,57.2
Ghana,Africa,Developing,2002,59.9,91.9,300.7015,Alto,1.95,80,55,22.8,80,78,1.56,1077,Bajo,20.25,8.8,8.8,6.2,Medio,57.4
Ghana,Africa,Developing,2003,58,88.5,293.6475,Alto,1.91,80,55,22.9,80,80,1.48,1105,Bajo,20.75,8.6,8.5,6.3,Medio,57.8
Ghana,Africa,Developing,2004,56.4,85.6,286.594,Alto,0.55,80,55,23.1,81,80,1.39,1139,Bajo,21.27,8.4,8.3,6.4,Medio,58.2
Ghana,Africa,Developing,2005,54.9,83,279.54,Alto,0.56,84,55,23.2,85,84,1.31,1176,Bajo,21.81,8.1,8.1,6.4,Medio,58.7
Ghana,Africa,Developing,2006,53.5,80.6,272.4865,Alto,0.65,84,55,23.3,84,84,1.24,1220,Bajo,22.38,7.9,7.9,6.5,Medio,59.2
Ghana,Africa,Developing,2007,52.1,78,265.4325,Alto,0.67,94,55,23.4,94,94,1.15,1240,Bajo,22.96,7.7,7.6,6.5,Medio,59.7
Ghana,Africa,Developing,2008,50.5,75.3,263.346,Alto,1.26,93,56,23.4,92,93,1.07,1319,Bajo,23.56,7.5,7.4,6.6,Medio,60.2
Ghana,Africa,Developing,2009,48.8,72.3,261.2595,Alto,1.26,94,55,23.5,94,94,1.06,1348,Bajo,24.17,7.3,7.2,6.7,Medio,60.6
Ghana,Africa,Developing,2010,47,69.1,259.173,Alto,1.6,94,55,23.6,94,94,1,1419,Bajo,24.78,7.1,7,6.7,Medio,61
Ghana,Africa,Developing,2011,45.2,65.9,257.0865,Alto,1.67,91,58,23.7,91,91,0.93,1580,Bajo,25.39,6.9,6.8,6.8,Medio,61.4
Ghana,Africa,Developing,2012,43.4,62.7,255,Alto,1.72,92,52,23.7,91,92,0.88,1686,Bajo,26,6.7,6.6,6.8,Medio,61.7
Ghana,Africa,Developing,2013,41.8,59.8,251.5445,Alto,1.78,90,54,23.8,91,90,0.88,1768,Bajo,26.61,6.6,6.4,6.9,Medio,62.1
Ghana,Africa,Developing,2014,40.2,57.1,248.088,Alto,1.83,98,67,23.8,94,98,0.84,1777,Bajo,27.22,6.4,6.3,6.9,Medio,62.4
Ghana,Africa,Developing,2015,38.8,54.6,244.6325,Alto,1.75,88,63,23.9,88,88,0.84,1774,Bajo,27.85,6.2,6.1,6.9,Medio,62.8
Greece,European Union,Developed,2000,5.6,6.4,82.159,Bajo,8.6,89,77,26.7,89,89,0.03,18643,Alto,10.81,0.9,0.8,8.6,Medio,77.9
Greece,European Union,Developed,2001,5.2,6,81.3035,Bajo,8.75,90,77,26.7,90,91,0.03,19312,Alto,10.86,0.9,0.8,8.8,Medio,78.4
Greece,European Union,Developed,2002,4.9,5.6,80.4475,Bajo,8.22,91,77,26.8,92,92,0.04,19997,Alto,10.9,0.8,0.8,9.1,Medio,78.6
Greece,European Union,Developed,2003,4.6,5.2,79.9905,Bajo,8.91,92,77,26.8,93,94,0.04,21105,Alto,10.93,0.8,0.8,9.3,Medio,78.8
Greece,European Union,Developed,2004,4.3,4.9,79.534,Bajo,9.1,92,77,26.9,95,95,0.04,22118,Alto,10.96,0.8,0.8,9.6,Alto,79
Greece,European Union,Developed,2005,4,4.6,79.077,Bajo,9.15,93,77,26.9,96,96,0.05,22186,Alto,10.99,0.8,0.7,9.8,Alto,79.2
Greece,European Union,Developed,2006,3.8,4.3,78.6205,Bajo,8.68,94,77,27,98,98,0.06,23369,Alto,11.02,0.8,0.7,9.9,Alto,79.4
Greece,European Union,Developed,2007,3.6,4.1,78.1635,Bajo,8.89,95,77,27,99,99,0.07,24073,Alto,11.05,0.8,0.7,10,Alto,79.4
Greece,European Union,Developed,2008,3.5,4,77.0555,Bajo,8.73,95,77,27,99,99,0.08,23929,Alto,11.08,0.8,0.7,10.1,Alto,79.9
Greece,European Union,Developed,2009,3.4,3.9,75.948,Bajo,8.32,95,77,27,99,99,0.09,22839,Alto,11.11,0.8,0.7,10.1,Alto,80.2
Greece,European Union,Developed,2010,3.4,3.9,74.8405,Bajo,8.33,95,77,27.1,99,99,0.1,21560,Alto,11.12,0.8,0.7,10.3,Alto,80.4
Greece,European Union,Developed,2011,3.5,4,73.7325,Bajo,7.48,95,77,27.1,99,99,0.1,19401,Alto,11.1,0.8,0.7,10.3,Alto,80.7
Greece,European Union,Developed,2012,3.5,4,72.6245,Bajo,7.62,98,83,27.1,99,99,0.09,18124,Alto,11.05,0.8,0.7,10.3,Alto,80.6
Greece,European Union,Developed,2013,3.6,4.1,72.0015,Bajo,7.55,98,83,27.1,99,99,0.08,17796,Alto,10.97,0.8,0.7,10.4,Alto,81.3
Greece,European Union,Developed,2014,3.7,4.3,71.3785,Bajo,7.06,96,83,27.1,99,99,0.07,18000,Alto,10.89,0.8,0.7,10.5,Alto,81.4
Greece,European Union,Developed,2015,3.8,4.4,70.7555,Bajo,6.68,96,83,27.1,99,99,0.06,18084,Alto,10.82,0.8,0.7,10.6,Alto,81
Grenada,Central America and Caribbean,Developing,2000,12.9,15.5,179.4865,Medio,9.21,97,70,25.3,97,97,0.4,6977,Medio,0.1,4.3,4.2,7.4,Medio,72.6
Grenada,Central America and Caribbean,Developing,2001,12.8,15.2,176.8515,Medio,9.77,96,68,25.4,96,96,0.4,6809,Medio,0.1,4.2,4.2,7.4,Medio,72.8
Grenada,Central America and Caribbean,Developing,2002,12.6,15,174.2165,Medio,10.99,98,74,25.5,98,98,0.4,7016,Medio,0.1,4.1,4.1,7.4,Medio,72.9
Grenada,Central America and Caribbean,Developing,2003,12.5,14.8,171.547,Medio,9.89,97,68,25.7,98,97,0.4,7653,Medio,0.1,4,4.1,7.6,Medio,73
Grenada,Central America and Caribbean,Developing,2004,12.5,14.7,168.877,Medio,8.68,83,61,25.8,84,83,0.4,7578,Medio,0.1,4,4,7.7,Medio,73.1
Grenada,Central America and Caribbean,Developing,2005,12.4,14.6,166.2075,Medio,8.85,99,81,25.9,99,99,0.4,8559,Alto,0.1,3.9,4,7.8,Medio,73.1
Grenada,Central America and Caribbean,Developing,2006,12.5,14.6,163.5385,Medio,9.26,91,87,26,91,91,0.4,8195,Medio,0.1,3.9,3.9,7.9,Medio,73.1
Grenada,Central America and Caribbean,Developing,2007,12.5,14.6,160.869,Medio,9.14,96,86,26.1,96,96,0.4,8677,Alto,0.11,3.9,3.9,8,Medio,73.1
Grenada,Central America and Caribbean,Developing,2008,12.7,14.7,157.714,Medio,9.04,99,86,26.2,99,99,0.4,8736,Alto,0.11,3.8,3.9,8.1,Medio,73
Grenada,Central America and Caribbean,Developing,2009,12.8,14.9,154.56,Medio,8.55,99,78,26.3,99,99,0.4,8133,Medio,0.11,3.8,3.8,8.2,Medio,73
Grenada,Central America and Caribbean,Developing,2010,13,15.1,151.4055,Medio,7.71,97,86,26.4,94,97,0.4,8058,Medio,0.11,3.8,3.8,8.3,Medio,72.9
Grenada,Central America and Caribbean,Developing,2011,13.3,15.3,148.2515,Medio,7.68,94,85,26.5,95,95,0.4,8077,Medio,0.11,3.8,3.8,8.4,Medio,72.8
Grenada,Central America and Caribbean,Developing,2012,13.5,15.5,145.097,Medio,7.77,97,75,26.6,98,97,0.4,7934,Medio,0.11,3.8,3.8,8.4,Medio,72.7
Grenada,Central America and Caribbean,Developing,2013,13.8,15.8,143.8315,Medio,7.81,97,85,26.7,98,97,0.4,8067,Medio,0.11,3.8,3.8,8.5,Medio,72.6
Grenada,Central America and Caribbean,Developing,2014,14,16,142.566,Medio,7.88,97,92,26.8,81,97,0.4,8601,Alto,0.11,3.8,3.8,8.6,Medio,72.5
Grenada,Central America and Caribbean,Developing,2015,14.3,16.2,141.3,Medio,8.2,92,89,26.9,99,92,0.4,9097,Alto,0.11,3.8,3.8,8.7,Medio,72.4
Guatemala,Central America and Caribbean,Developing,2000,41,52.1,207.817,Medio,2.52,87,83,25,80,81,0.45,3195,Medio,11.59,1.6,1.6,3.7,Bajo,67.8
Guatemala,Central America and Caribbean,Developing,2001,39.5,50.1,204.092,Medio,2.41,87,83,25.1,78,77,0.4,3192,Medio,11.87,1.5,1.5,3.8,Bajo,68.3
Guatemala,Central America and Caribbean,Developing,2002,38.1,48.1,200.3665,Medio,2.3,87,83,25.2,82,82,0.37,3240,Medio,12.15,1.5,1.5,3.8,Bajo,68.7
Guatemala,Central America and Caribbean,Developing,2003,36.8,46.2,198.056,Medio,2.34,87,83,25.3,84,84,0.33,3251,Medio,12.42,1.4,1.4,3.7,Bajo,69.1
Guatemala,Central America and Caribbean,Developing,2004,35.6,44.4,195.7445,Medio,2.38,87,83,25.4,88,87,0.27,3282,Medio,12.68,1.4,1.4,3.6,Bajo,69.4
Guatemala,Central America and Caribbean,Developing,2005,34.3,42.7,193.4335,Medio,2.34,87,83,25.5,87,87,0.23,3320,Medio,12.95,1.4,1.4,3.5,Bajo,69.8
Guatemala,Central America and Caribbean,Developing,2006,33.1,41,191.1225,Medio,2.36,89,83,25.6,90,89,0.19,3428,Medio,13.21,1.4,1.4,3.7,Bajo,70.1
Guatemala,Central America and Caribbean,Developing,2007,32,39.4,188.8115,Medio,2.36,85,83,25.7,85,85,0.16,3574,Medio,13.48,1.3,1.3,3.9,Bajo,70.4
Guatemala,Central America and Caribbean,Developing,2008,30.8,37.8,185.0735,Medio,2.1,95,83,25.8,96,95,0.13,3621,Medio,13.74,1.3,1.3,4.3,Bajo,70.8
Guatemala,Central America and Caribbean,Developing,2009,29.7,36.3,181.3355,Medio,2.03,92,83,25.9,92,92,0.09,3570,Medio,14,1.3,1.3,4.6,Bajo,71.1
Guatemala,Central America and Caribbean,Developing,2010,28.6,34.8,177.598,Medio,2.03,94,83,26,94,94,0.08,3606,Medio,14.26,1.3,1.3,4.9,Bajo,71.5
Guatemala,Central America and Caribbean,Developing,2011,27.6,33.4,173.86,Medio,2.05,88,83,26.1,88,88,0.05,3689,Medio,14.52,1.2,1.2,5.3,Bajo,71.9
Guatemala,Central America and Caribbean,Developing,2012,26.5,32,170.1225,Medio,1.91,96,83,26.2,94,96,0.04,3732,Medio,14.78,1.2,1.2,4.6,Bajo,72.2
Guatemala,Central America and Caribbean,Developing,2013,25.6,30.7,168.019,Medio,1.83,85,83,26.3,83,85,0.03,3802,Medio,15.04,1.2,1.2,4.7,Bajo,72.6
Guatemala,Central America and Caribbean,Developing,2014,24.6,29.5,165.9155,Medio,1.69,73,83,26.4,55,73,0.03,3903,Medio,15.31,1.2,1.2,6.4,Medio,72.9
Guatemala,Central America and Caribbean,Developing,2015,23.7,28.3,163.8125,Medio,1.65,74,83,26.5,69,74,0.03,3995,Medio,15.57,1.2,1.2,6.3,Medio,73.3
Guinea,Africa,Developing,2000,99.9,164.2,324.7675,Alto,0.18,57,64,21.8,47,46,1.34,628,Bajo,8.24,10.3,10.3,1.5,Bajo,51.2
Guinea,Africa,Developing,2001,96.2,157.4,332.612,Alto,0.17,57,64,21.9,52,50,1.3,637,Bajo,8.42,10.1,10.1,1.5,Bajo,51.3
Guinea,Africa,Developing,2002,92.7,150.9,340.4565,Alto,0.21,57,64,21.9,56,53,1.28,657,Bajo,8.59,9.9,9.9,1.5,Bajo,51.5
Guinea,Africa,Developing,2003,89.5,144.9,333.165,Alto,0.18,57,64,22,61,57,1.22,653,Bajo,8.75,9.7,9.7,1.5,Bajo,51.9
Guinea,Africa,Developing,2004,86.5,139.5,325.874,Alto,0.34,57,64,22.1,65,60,1.16,655,Bajo,8.93,9.5,9.5,1.6,Bajo,52.5
Guinea,Africa,Developing,2005,83.9,134.7,318.5825,Alto,0.2,57,64,22.2,59,59,1.15,661,Bajo,9.11,9.3,9.3,1.6,Bajo,53.2
Guinea,Africa,Developing,2006,81.5,130.4,311.2915,Alto,0.15,57,64,22.3,53,57,1.09,655,Bajo,9.31,9.1,9.1,1.6,Bajo,54.1
Guinea,Africa,Developing,2007,79.4,126.6,304,Alto,0.19,57,64,22.4,46,63,1.03,684,Bajo,9.52,8.9,8.8,1.6,Bajo,54.9
Guinea,Africa,Developing,2008,77.6,123.3,299.6,Alto,0.21,57,64,22.5,59,60,1.02,696,Bajo,9.74,8.6,8.6,1.6,Bajo,55.6
Guinea,Africa,Developing,2009,75.9,120.3,295.2,Alto,0.19,57,64,22.5,60,57,0.98,673,Bajo,9.96,8.4,8.4,1.6,Bajo,56.3
Guinea,Africa,Developing,2010,74.4,117.7,290.8,Alto,0.2,64,64,22.6,62,64,0.93,689,Bajo,10.19,8.2,8.2,1.6,Bajo,56.9
Guinea,Africa,Developing,2011,73.1,115.3,286.4,Alto,0.24,63,64,22.6,63,63,0.84,712,Bajo,10.42,8,8,2,Bajo,57.4
Guinea,Africa,Developing,2012,71.8,113,282,Alto,0.24,62,64,22.7,56,62,0.79,738,Bajo,10.65,7.8,7.8,2.4,Bajo,57.9
Guinea,Africa,Developing,2013,70.5,110.7,275.624,Alto,0.25,63,64,22.8,49,63,0.71,750,Bajo,10.89,7.7,7.6,2.6,Bajo,58.4
Guinea,Africa,Developing,2014,69.5,109.2,269.2475,Alto,0.32,51,64,22.8,42,51,0.75,760,Bajo,11.15,7.5,7.4,2.6,Bajo,59
Guinea,Africa,Developing,2015,68.4,107.3,262.871,Alto,0.38,54,64,22.9,47,54,0.74,769,Bajo,11.43,7.3,7.3,2.6,Bajo,59.6
Guinea-Bissau,Africa,Developing,2000,105,173.8,304.371,Alto,3.02,83,64,22.1,52,49,3.32,577,Bajo,1.2,10.2,10.2,2.3,Bajo,50.4
Guinea-Bissau,Africa,Developing,2001,102.1,168.4,304.195,Alto,2.75,83,64,22.2,56,53,3.31,578,Bajo,1.23,10,10,2.3,Bajo,50.7
Guinea-Bissau,Africa,Developing,2002,99.1,162.8,304.0195,Alto,2.6,83,64,22.3,60,57,3.25,560,Bajo,1.25,9.8,9.7,2.3,Bajo,51.1
Guinea-Bissau,Africa,Developing,2003,95.9,156.8,302.471,Alto,3.07,83,64,22.4,65,60,3.09,550,Bajo,1.28,9.6,9.5,2.3,Bajo,51.5
Guinea-Bissau,Africa,Developing,2004,92.6,150.7,300.923,Alto,3.56,83,64,22.5,69,64,3.12,552,Bajo,1.31,9.4,9.3,2.3,Bajo,51.9
Guinea-Bissau,Africa,Developing,2005,89.2,144.5,299.375,Alto,3.69,83,64,22.6,73,68,3.02,562,Bajo,1.34,9.2,9,2.3,Bajo,52.3
Guinea-Bissau,Africa,Developing,2006,85.9,138.3,297.8265,Alto,3.48,83,64,22.7,74,71,2.88,562,Bajo,1.38,8.9,8.8,2.3,Bajo,52.7
Guinea-Bissau,Africa,Developing,2007,82.5,132.2,296.2785,Alto,3.22,83,64,22.8,76,74,2.81,566,Bajo,1.41,8.7,8.6,2.3,Bajo,53.1
Guinea-Bissau,Africa,Developing,2008,79.1,126.1,293.3925,Alto,3.01,83,64,22.9,77,77,2.73,570,Bajo,1.45,8.5,8.4,2.4,Bajo,53.6
Guinea-Bissau,Africa,Developing,2009,75.9,120.2,290.506,Alto,2.89,80,64,23,78,80,2.55,574,Bajo,1.48,8.3,8.1,2.5,Bajo,54.1
Guinea-Bissau,Africa,Developing,2010,72.6,114.5,287.62,Alto,3.06,83,64,23,82,83,2.41,586,Bajo,1.52,8,7.9,2.6,Bajo,54.6
Guinea-Bissau,Africa,Developing,2011,69.6,109.1,284.733,Alto,3.19,86,64,23.1,85,86,2.22,617,Bajo,1.56,7.8,7.7,2.7,Bajo,55.1
Guinea-Bissau,Africa,Developing,2012,66.8,104.2,281.847,Alto,3,87,64,23.2,87,87,2.03,590,Bajo,1.6,7.7,7.5,2.8,Bajo,55.6
Guinea-Bissau,Africa,Developing,2013,64.3,99.7,277.9945,Alto,2.95,87,64,23.2,86,87,1.82,593,Bajo,1.65,7.5,7.3,2.8,Bajo,56.1
Guinea-Bissau,Africa,Developing,2014,62.1,95.7,274.1415,Alto,3.07,87,64,23.3,84,87,1.59,584,Bajo,1.69,7.3,7.1,2.9,Bajo,56.6
Guinea-Bissau,Africa,Developing,2015,60,92.1,270.2885,Alto,3.13,87,64,23.4,83,87,1.58,603,Bajo,1.74,7.1,7,2.9,Bajo,57
Guyana,South America,Developing,2000,37,46.4,230.6765,Alto,6.82,89,80,24.6,79,88,0.98,3851,Medio,0.75,5.9,5.8,7.7,Medio,65.2
Guyana,South America,Developing,2001,36.2,45.2,229.173,Alto,7.36,85,88,24.8,90,85,0.98,3947,Medio,0.75,5.9,5.7,7.8,Medio,65.5
Guyana,South America,Developing,2002,35.4,44.2,227.6695,Alto,8.47,91,80,24.9,93,91,0.94,3994,Medio,0.74,5.9,5.7,7.8,Medio,65.8
Guyana,South America,Developing,2003,34.7,43.2,226.301,Alto,8.75,90,71,25,91,90,0.93,3966,Medio,0.75,5.8,5.6,7.8,Medio,66.1
Guyana,South America,Developing,2004,34,42.2,224.933,Alto,8.65,91,63,25.1,91,91,0.92,4025,Medio,0.75,5.8,5.6,7.9,Medio,66.4
Guyana,South America,Developing,2005,33.4,41.4,223.5645,Alto,5.84,93,72,25.2,93,93,0.85,3944,Medio,0.75,5.7,5.5,7.9,Medio,66.7
Guyana,South America,Developing,2006,32.8,40.5,222.1965,Alto,5.68,93,74,25.3,92,93,0.79,4146,Medio,0.75,5.7,5.5,7.9,Medio,67
Guyana,South America,Developing,2007,32.2,39.7,220.828,Alto,5.73,94,90,25.4,94,94,0.74,4443,Medio,0.75,5.7,5.5,8,Medio,67.2
Guyana,South America,Developing,2008,31.7,39,219.435,Alto,5.83,93,84,25.6,93,93,0.71,4512,Medio,0.75,5.6,5.4,8,Medio,67.5
Guyana,South America,Developing,2009,31.1,38.2,218.0415,Alto,5.87,98,84,25.7,97,98,0.68,4682,Medio,0.75,5.6,5.4,8,Medio,67.8
Guyana,South America,Developing,2010,30.6,37.4,216.6485,Alto,5.56,95,82,25.8,95,95,0.65,4847,Medio,0.75,5.6,5.3,8.1,Medio,68.1
Guyana,South America,Developing,2011,30,36.7,215.255,Alto,5.64,93,84,25.9,93,93,0.62,5089,Medio,0.75,5.6,5.3,8.2,Medio,68.3
Guyana,South America,Developing,2012,29.4,35.9,213.861,Alto,5.72,97,90,26,97,97,0.61,5339,Medio,0.76,5.6,5.3,8.3,Medio,68.6
Guyana,South America,Developing,2013,28.8,35,212.365,Alto,5.72,98,95,26.1,98,98,0.58,5505,Medio,0.76,5.5,5.3,8.3,Medio,68.8
Guyana,South America,Developing,2014,28.1,34.1,210.868,Medio,5.84,98,91,26.2,97,98,0.59,5568,Medio,0.76,5.5,5.3,8.4,Medio,69
Guyana,South America,Developing,2015,27.4,33.1,209.372,Medio,5.48,95,95,26.3,92,95,0.59,5577,Medio,0.77,5.5,5.3,8.4,Medio,69.3
Haiti,Central America and Caribbean,Developing,2000,74.5,103.9,305.806,Alto,3.63,60,83,23.3,50,41,1.46,1316,Bajo,8.46,4.8,4.8,3.8,Bajo,57.1
Haiti,Central America and Caribbean,Developing,2001,72.3,100.5,304.78,Alto,3.62,60,83,23.4,52,45,1.46,1289,Bajo,8.61,4.7,4.7,3.9,Bajo,57.4
Haiti,Central America and Caribbean,Developing,2002,70.3,97.3,303.7545,Alto,3.65,60,83,23.5,54,48,1.37,1281,Bajo,8.75,4.6,4.7,4,Bajo,57.7
Haiti,Central America and Caribbean,Developing,2003,68.4,94.4,298.3365,Alto,3.56,60,83,23.7,56,53,1.3,1304,Bajo,8.9,4.5,4.6,4.1,Bajo,58
Haiti,Central America and Caribbean,Developing,2004,66.7,91.8,292.919,Alto,3.58,60,83,23.8,58,55,1.22,1266,Bajo,9.05,4.5,4.5,4.2,Bajo,58.3
Haiti,Central America and Caribbean,Developing,2005,65.3,89.4,287.5005,Alto,3.49,60,83,23.9,60,60,1.14,1284,Bajo,9.2,4.4,4.4,4.3,Bajo,58.7
Haiti,Central America and Caribbean,Developing,2006,63.8,87.2,282.083,Alto,3.51,60,83,24.1,61,60,1.07,1286,Bajo,9.34,4.3,4.3,4.4,Bajo,59
Haiti,Central America and Caribbean,Developing,2007,62.5,85.2,276.665,Alto,3.44,60,83,24.2,62,63,0.98,1325,Bajo,9.5,4.2,4.2,4.5,Bajo,59.4
Haiti,Central America and Caribbean,Developing,2008,61.3,83.2,271.8455,Alto,3.49,60,83,24.3,64,63,0.95,1339,Bajo,9.65,4.2,4.2,4.6,Bajo,59.8
Haiti,Central America and Caribbean,Developing,2009,60,81.2,267.026,Alto,3.53,60,83,24.5,65,65,0.9,1396,Bajo,9.8,4.1,4.1,4.7,Bajo,60.1
Haiti,Central America and Caribbean,Developing,2010,102.6,203.6,262.206,Alto,2.28,60,83,24.6,66,66,0.9,1297,Bajo,9.95,4,4,4.7,Bajo,60.5
Haiti,Central America and Caribbean,Developing,2011,57.6,77.4,257.386,Alto,2.36,60,83,24.7,67,68,0.83,1343,Bajo,10.1,4,4,4.8,Bajo,60.9
Haiti,Central America and Caribbean,Developing,2012,56.4,75.6,252.566,Alto,2.43,60,83,24.8,66,67,0.78,1329,Bajo,10.25,3.9,3.9,4.9,Bajo,61.3
Haiti,Central America and Caribbean,Developing,2013,55.3,73.7,249.5855,Alto,2.85,68,83,25,64,68,0.76,1367,Bajo,10.4,3.9,3.9,5,Bajo,61.7
Haiti,Central America and Caribbean,Developing,2014,54.1,71.9,246.6045,Alto,2.69,48,83,25.1,63,48,0.71,1371,Bajo,10.55,3.9,3.9,5.1,Bajo,62.1
Haiti,Central America and Caribbean,Developing,2015,52.8,69.9,243.6235,Alto,2.78,64,83,25.2,64,60,0.67,1387,Bajo,10.7,3.9,3.9,5.2,Bajo,62.5
Honduras,Central America and Caribbean,Developing,2000,30.3,37,171.706,Medio,2.47,93,83,24.8,88,94,0.53,1790,Bajo,6.57,2.8,2.7,4.3,Bajo,70.7
Honduras,Central America and Caribbean,Developing,2001,29,35.3,169.61,Medio,2.61,95,83,24.9,99,96,0.43,1791,Bajo,6.75,2.7,2.7,4.4,Bajo,71
Honduras,Central America and Caribbean,Developing,2002,27.8,33.7,167.5135,Medio,2.92,94,83,25,95,95,0.36,1810,Bajo,6.93,2.7,2.6,4.5,Bajo,71.2
Honduras,Central America and Caribbean,Developing,2003,26.6,32.1,165.7915,Medio,2.87,91,83,25.2,92,92,0.29,1846,Bajo,7.11,2.6,2.5,4.6,Bajo,71.5
Honduras,Central America and Caribbean,Developing,2004,25.5,30.6,164.069,Medio,2.83,93,83,25.3,94,94,0.22,1913,Bajo,7.28,2.6,2.5,4.6,Bajo,71.8
Honduras,Central America and Caribbean,Developing,2005,24.4,29.2,162.3465,Medio,3.02,97,83,25.4,98,98,0.18,1981,Bajo,7.46,2.5,2.4,4.7,Bajo,72
Honduras,Central America and Caribbean,Developing,2006,23.4,27.9,160.6245,Medio,3.03,94,83,25.6,94,95,0.14,2063,Bajo,7.63,2.4,2.4,4.8,Bajo,72.3
Honduras,Central America and Caribbean,Developing,2007,22.4,26.7,158.902,Medio,2.94,93,83,25.7,94,94,0.11,2141,Bajo,7.81,2.4,2.3,5,Bajo,72.5
Honduras,Central America and Caribbean,Developing,2008,21.5,25.5,157.2385,Medio,2.85,92,83,25.8,93,93,0.1,2184,Medio,7.98,2.3,2.3,5.1,Bajo,72.8
Honduras,Central America and Caribbean,Developing,2009,20.6,24.4,155.5755,Medio,2.76,97,83,25.9,97,97,0.09,2086,Bajo,8.15,2.3,2.2,5.2,Bajo,73.1
Honduras,Central America and Caribbean,Developing,2010,19.8,23.3,153.912,Medio,2.69,97,83,26.1,97,97,0.08,2121,Bajo,8.32,2.3,2.2,5.4,Bajo,73.3
Honduras,Central America and Caribbean,Developing,2011,19.1,22.4,152.2485,Medio,2.71,97,83,26.2,97,97,0.08,2160,Bajo,8.48,2.2,2.2,5.6,Bajo,73.6
Honduras,Central America and Caribbean,Developing,2012,18.4,21.5,150.585,Medio,2.71,97,83,26.3,98,97,0.07,2207,Medio,8.64,2.2,2.1,5.5,Bajo,73.8
Honduras,Central America and Caribbean,Developing,2013,17.7,20.7,149.23,Medio,2.7,97,83,26.4,99,97,0.07,2228,Medio,8.8,2.2,2.1,5.8,Bajo,74.1
Honduras,Central America and Caribbean,Developing,2014,17.1,20,147.875,Medio,2.42,97,83,26.5,99,97,0.06,2256,Medio,8.96,2.1,2.1,6.2,Medio,74.3
Honduras,Central America and Caribbean,Developing,2015,16.5,19.2,146.5195,Medio,2.49,97,83,26.7,98,97,0.07,2302,Medio,9.11,2.1,2.1,6.3,Medio,74.5
Hungary,European Union,Developed,2000,8.7,10.1,192.969,Medio,12.23,88,99,25.9,99,99,0.08,8971,Alto,10.21,2.3,2.3,10.2,Alto,71.2
Hungary,European Union,Developed,2001,8.2,9.6,185.7405,Medio,13.18,88,99,26,99,99,0.08,9357,Alto,10.19,2.2,2.2,10.3,Alto,72.2
Hungary,European Union,Developed,2002,7.6,9,184.567,Medio,13.28,88,99,26.1,98,99,0.08,9829,Alto,10.16,2.2,2.2,10.3,Alto,72.3
Hungary,European Union,Developed,2003,7.1,8.4,183.917,Medio,13.24,88,99,26.2,99,99,0.08,10260,Alto,10.13,2.1,2.1,10.5,Alto,72.3
Hungary,European Union,Developed,2004,6.7,7.9,180.2155,Medio,13.28,88,99,26.2,99,99,0.08,10797,Alto,10.11,2.1,2.1,10.6,Alto,72.6
Hungary,European Union,Developed,2005,6.4,7.5,181.871,Medio,12.95,88,99,26.3,99,99,0.08,11283,Alto,10.09,2,2,10.9,Alto,72.6
Hungary,European Union,Developed,2006,6.1,7.2,176.8035,Medio,13.25,88,99,26.4,99,99,0.08,11747,Alto,10.07,2,2,11.1,Alto,73.1
Hungary,European Union,Developed,2007,5.8,6.8,176.0225,Medio,12.54,88,99,26.5,99,99,0.08,11797,Alto,10.06,1.9,1.9,11.3,Alto,73.2
Hungary,European Union,Developed,2008,5.5,6.5,166.717,Medio,11.75,88,99,26.6,99,99,0.08,11937,Alto,10.04,1.9,1.9,11.5,Alto,73.7
Hungary,European Union,Developed,2009,5.2,6.2,163.682,Medio,11.52,88,99,26.7,99,99,0.08,11167,Alto,10.02,1.8,1.8,11.7,Alto,73.9
Hungary,European Union,Developed,2010,5.1,6,156.927,Medio,10.7,88,99,26.8,99,99,0.08,11314,Alto,10,1.8,1.8,11.9,Alto,74.2
Hungary,European Union,Developed,2011,4.9,5.9,149.61,Medio,11.37,88,99,26.9,99,99,0.08,11557,Alto,9.97,1.7,1.7,12,Alto,74.9
Hungary,European Union,Developed,2012,4.8,5.7,142.5135,Medio,11.13,88,99,27,99,99,0.08,11470,Alto,9.92,1.7,1.7,12.2,Alto,75.1
Hungary,European Union,Developed,2013,4.7,5.6,133.9655,Medio,10.73,88,99,27,99,99,0.08,11710,Alto,9.89,1.7,1.7,12,Alto,75.6
Hungary,European Union,Developed,2014,4.5,5.4,131.9085,Medio,10.92,88,99,27.1,99,99,0.08,12237,Alto,9.87,1.7,1.6,11.8,Alto,75.8
Hungary,European Union,Developed,2015,4.2,5.1,131.7765,Medio,10.95,88,99,27.2,99,99,0.08,12721,Alto,9.84,1.6,1.6,11.8,Alto,75.6
Iceland,Rest of Europe,Developed,2000,3.2,4.1,78.916,Bajo,6.14,88,91,25.5,98,98,0.02,42175,Alto,0.28,1,0.9,9.4,Medio,79.7
Iceland,Rest of Europe,Developed,2001,3.1,3.9,69.582,Bajo,6.32,88,90,25.6,92,92,0.02,43288,Alto,0.28,1,0.9,9.6,Alto,80.7
Iceland,Rest of Europe,Developed,2002,2.9,3.7,68.5245,Bajo,6.53,88,90,25.6,95,95,0.03,43143,Alto,0.29,1,0.9,9.7,Alto,80.5
Iceland,Rest of Europe,Developed,2003,2.8,3.5,58.787,Bajo,6.52,88,92,25.7,97,97,0.03,43764,Alto,0.29,1,0.9,9.8,Alto,81
Iceland,Rest of Europe,Developed,2004,2.7,3.4,61.9875,Bajo,6.71,88,89,25.7,99,99,0.03,46766,Alto,0.29,1,0.9,9.9,Alto,81
Iceland,Rest of Europe,Developed,2005,2.6,3.2,58.873,Bajo,7.05,88,90,25.8,95,95,0.03,48851,Alto,0.3,0.9,0.9,10,Alto,81.5
Iceland,Rest of Europe,Developed,2006,2.5,3.1,64.745,Bajo,7.2,88,93,25.9,97,97,0.03,50732,Alto,0.3,0.9,0.9,10.2,Alto,81.2
Iceland,Rest of Europe,Developed,2007,2.4,3,58.3265,Bajo,7.53,88,95,25.9,97,97,0.04,53646,Alto,0.31,0.9,0.9,10.3,Alto,81.5
Iceland,Rest of Europe,Developed,2008,2.3,2.9,51.6075,Bajo,7.19,88,94,26,98,98,0.04,53821,Alto,0.32,0.9,0.9,10.4,Alto,81.6
Iceland,Rest of Europe,Developed,2009,2.2,2.8,56.594,Bajo,7.24,88,93,26,96,96,0.05,49527,Alto,0.32,0.9,0.9,10.5,Alto,81.8
Iceland,Rest of Europe,Developed,2010,2.2,2.7,53.441,Bajo,6.79,88,92,26,96,96,0.05,48194,Alto,0.32,0.9,0.9,10.6,Alto,81.9
Iceland,Rest of Europe,Developed,2011,2.1,2.6,50.5745,Bajo,6.84,88,90,26.1,95,95,0.05,48934,Alto,0.32,0.9,0.9,11,Alto,82.4
Iceland,Rest of Europe,Developed,2012,2,2.5,50.618,Bajo,6.82,88,97,26.1,89,89,0.05,49192,Alto,0.32,1,0.9,11.5,Alto,82.9
Iceland,Rest of Europe,Developed,2013,1.9,2.4,53.1585,Bajo,6.8,88,94,26.1,91,91,0.05,50947,Alto,0.32,1,0.9,11.9,Alto,82.1
Iceland,Rest of Europe,Developed,2014,1.9,2.4,55.2385,Bajo,7.01,88,93,26.2,90,90,0.05,51233,Alto,0.33,1,0.9,12.2,Alto,82.9
Iceland,Rest of Europe,Developed,2015,1.8,2.3,55.359,Bajo,7.66,88,94,26.2,92,92,0.05,52952,Alto,0.33,1,0.9,12.2,Alto,82.5
India,Asia,Developing,2000,66.7,91.7,221.6305,Alto,0.93,67,34,20.7,57,58,0.34,758,Bajo,1056.58,27.7,28.6,4.4,Bajo,62.5
India,Asia,Developing,2001,64.4,88.1,218.9925,Alto,0.98,67,34,20.7,58,59,0.27,781,Bajo,1075,27.5,28.5,4.5,Bajo,62.9
India,Asia,Developing,2002,62.1,84.5,216.3545,Alto,1.08,67,34,20.8,58,59,0.22,797,Bajo,1093.32,27.4,28.4,4.6,Bajo,63.3
India,Asia,Developing,2003,60,81.1,213.299,Alto,1.17,67,34,20.9,57,61,0.19,845,Bajo,1111.52,27.3,28.3,4.7,Bajo,63.7
India,Asia,Developing,2004,57.8,77.8,210.2435,Medio,1.18,60,34,21,58,63,0.17,898,Bajo,1129.62,27.2,28.2,4.7,Bajo,64.1
India,Asia,Developing,2005,55.7,74.4,207.188,Medio,1.25,80,34,21,65,65,0.16,954,Bajo,1147.61,27.2,28.1,4.8,Bajo,64.5
India,Asia,Developing,2006,53.6,71.1,204.132,Medio,1.35,60,34,21.1,66,65,0.14,1015,Bajo,1165.49,27.1,28,4.9,Bajo,64.9
India,Asia,Developing,2007,51.5,67.9,201.0765,Medio,1.57,60,35,21.2,67,64,0.13,1076,Bajo,1183.21,27.1,28,5,Bajo,65.4
India,Asia,Developing,2008,49.4,64.6,197.9155,Medio,1.92,29,33,21.2,69,70,0.12,1093,Bajo,1200.67,27,27.9,5.2,Bajo,65.8
India,Asia,Developing,2009,47.2,61.4,194.7545,Medio,2.46,37,34,21.3,73,74,0.11,1162,Bajo,1217.73,27,27.8,5.3,Bajo,66.2
India,Asia,Developing,2010,45.1,58.2,191.5935,Medio,2.73,38,38,21.4,76,79,0.1,1244,Bajo,1234.28,27,27.8,5.4,Bajo,66.7
India,Asia,Developing,2011,43,55,188.4325,Medio,2.95,44,27,21.4,79,82,0.09,1293,Bajo,1250.29,26.9,27.7,5.4,Bajo,67.1
India,Asia,Developing,2012,40.9,52,185.272,Medio,3.04,73,36,21.5,79,82,0.08,1347,Bajo,1265.78,26.9,27.6,5.6,Bajo,67.5
India,Asia,Developing,2013,38.8,49,182.8295,Medio,3.03,70,51,21.6,82,83,0.08,1416,Bajo,1280.84,26.8,27.5,5.8,Bajo,67.9
India,Asia,Developing,2014,36.9,46.2,180.388,Medio,3,79,60,21.7,84,85,0.07,1503,Bajo,1295.6,26.8,27.4,6.1,Bajo,68.3
India,Asia,Developing,2015,34.9,43.5,177.9465,Medio,3,87,69,21.7,86,87,0.06,1606,Bajo,1310.15,26.7,27.3,6.3,Medio,68.6
Indonesia,Asia,Developing,2000,41,52.2,190.7545,Medio,0.063,65,23,21.6,72,75,0.06,1868,Bajo,211.51,11,11.2,6.7,Medio,65.8
Indonesia,Asia,Developing,2001,39.4,49.8,191.422,Medio,0.06,62,25,21.7,77,76,0.11,1909,Bajo,214.43,11,11.1,6.9,Medio,66
Indonesia,Asia,Developing,2002,37.8,47.6,192.0885,Medio,0.054,63,24,21.8,80,70,0.17,1968,Bajo,217.36,11,11.1,7,Medio,66.3
Indonesia,Asia,Developing,2003,36.4,45.5,191.3535,Medio,0.05,64,21,21.9,80,71,0.19,2035,Bajo,220.31,10.9,11,7.2,Medio,66.6
Indonesia,Asia,Developing,2004,37.1,49.6,190.6185,Medio,0.054,64,29,22,79,71,0.2,2109,Bajo,223.29,10.9,10.9,7.3,Medio,67
Indonesia,Asia,Developing,2005,33.6,41.7,189.8835,Medio,0.059,65,23,22.1,79,72,0.21,2199,Medio,226.29,10.9,10.9,7.4,Medio,67.3
Indonesia,Asia,Developing,2006,32.4,39.9,189.1485,Medio,0.062,66,50,22.2,78,72,0.22,2289,Medio,229.32,10.8,10.8,7.9,Medio,67.7
Indonesia,Asia,Developing,2007,31.2,38.3,188.414,Medio,0.061,76,73,22.2,77,73,0.22,2403,Medio,232.37,10.8,10.7,7.1,Medio,68.1
Indonesia,Asia,Developing,2008,30,36.7,186.9555,Medio,0.071,82,66,22.3,83,77,0.21,2514,Medio,235.47,10.7,10.7,7.1,Medio,68.5
Indonesia,Asia,Developing,2009,29,35.2,185.497,Medio,0.074,82,67,22.4,85,78,0.21,2595,Medio,238.62,10.7,10.6,7.4,Medio,68.9
Indonesia,Asia,Developing,2010,27.9,33.8,184.039,Medio,0.08,83,74,22.5,82,81,0.21,2720,Medio,241.83,10.6,10.5,7.4,Medio,69.2
Indonesia,Asia,Developing,2011,26.9,32.5,182.5805,Medio,0.08,81,76,22.6,81,81,0.2,2849,Medio,245.12,10.6,10.5,7.6,Medio,69.5
Indonesia,Asia,Developing,2012,25.9,31.2,181.1225,Medio,0.08,83,78,22.7,87,83,0.2,2981,Medio,248.45,10.5,10.4,7.6,Medio,69.9
Indonesia,Asia,Developing,2013,25,30,179.2695,Medio,0.09,85,76,22.8,92,85,0.18,3104,Medio,251.81,10.5,10.3,7.8,Medio,70.2
Indonesia,Asia,Developing,2014,24.1,28.8,177.417,Medio,0.09,78,28,22.9,90,78,0.17,3217,Medio,255.13,10.4,10.2,7.8,Medio,70.5
Indonesia,Asia,Developing,2015,23.2,27.7,175.564,Medio,0.08,78,31,23,85,78,0.15,3332,Medio,258.38,10.4,10.2,7.9,Medio,70.8
"Iran, Islamic Rep.",Middle East,Developing,2000,29.7,36.2,151.603,Medio,0.012,99,65,25,99,99,0.08,3923,Medio,65.62,7.8,7.9,6.2,Medio,70.2
"Iran, Islamic Rep.",Middle East,Developing,2001,28.2,34.2,147.7055,Medio,0.012,94,65,25.1,95,96,0.11,3967,Medio,66.45,7.7,7.8,6.4,Medio,70.6
"Iran, Islamic Rep.",Middle East,Developing,2002,26.7,32.2,143.8085,Medio,0.012,99,65,25.2,99,99,0.13,4234,Medio,67.28,7.6,7.7,6.5,Medio,70.9
"Iran, Islamic Rep.",Middle East,Developing,2003,25.1,30.2,141.0335,Medio,0.012,98,65,25.3,99,99,0.15,4543,Medio,68.12,7.5,7.7,6.7,Medio,71.3
"Iran, Islamic Rep.",Middle East,Developing,2004,23.6,28.2,138.2585,Medio,0.012,95,65,25.4,98,99,0.16,4683,Medio,68.95,7.4,7.7,6.9,Medio,71.6
"Iran, Islamic Rep.",Middle East,Developing,2005,22.2,26.4,135.4835,Medio,0.012,94,65,25.4,95,95,0.16,4777,Medio,69.76,7.4,7.7,7,Medio,71.9
"Iran, Islamic Rep.",Middle East,Developing,2006,20.9,24.7,132.7085,Medio,0.017,98,65,25.5,99,98,0.15,4959,Medio,70.55,7.4,7.7,9.1,Medio,72.3
"Iran, Islamic Rep.",Middle East,Developing,2007,19.7,23.1,129.9335,Medio,0.023,97,65,25.6,98,99,0.14,5305,Medio,71.34,7.5,7.8,8.9,Medio,72.6
"Iran, Islamic Rep.",Middle East,Developing,2008,18.5,21.7,121.2965,Bajo,0.026,99,65,25.6,99,99,0.12,5260,Medio,72.12,7.6,7.8,8.6,Medio,73
"Iran, Islamic Rep.",Middle East,Developing,2009,17.4,20.4,112.6595,Bajo,0.027,99,65,25.7,99,99,0.1,5255,Medio,72.92,7.7,7.9,8.8,Medio,73.5
"Iran, Islamic Rep.",Middle East,Developing,2010,16.5,19.3,104.022,Bajo,0.03,99,65,25.8,99,99,0.08,5496,Medio,73.76,7.8,8,9,Medio,73.9
"Iran, Islamic Rep.",Middle East,Developing,2011,15.7,18.3,95.385,Bajo,0.03,99,65,25.8,99,99,0.07,5576,Medio,74.63,7.9,8.1,9.2,Medio,74.4
"Iran, Islamic Rep.",Middle East,Developing,2012,15,17.5,86.748,Bajo,0.02,98,65,25.9,99,99,0.05,5302,Medio,75.54,8,8.2,9.5,Medio,74.8
"Iran, Islamic Rep.",Middle East,Developing,2013,14.4,16.8,85.1195,Bajo,0.01,99,65,26,98,98,0.05,5157,Medio,76.48,8.2,8.3,9.8,Alto,75.2
"Iran, Islamic Rep.",Middle East,Developing,2014,13.8,16.1,83.49,Bajo,0.01,99,65,26,99,99,0.04,5346,Medio,77.47,8.3,8.4,9.8,Alto,75.5
"Iran, Islamic Rep.",Middle East,Developing,2015,13.3,15.5,81.8615,Bajo,0.01,98,65,26.1,98,98,0.04,5201,Medio,78.49,8.5,8.6,9.8,Alto,75.8
Iraq,Middle East,Developing,2000,35.6,44.5,163.596,Medio,0.22,67,48,27,83,80,0.13,4337,Medio,23.5,5.6,5.4,5,Bajo,69.1
Iraq,Middle East,Developing,2001,34.9,43.5,165.8675,Medio,0.19,66,52,27.1,80,78,0.13,4284,Medio,24.21,5.6,5.3,5.2,Bajo,69
Iraq,Middle East,Developing,2002,34.3,42.6,168.139,Medio,0.17,65,48,27.2,76,77,0.13,3819,Medio,24.93,5.5,5.3,5.4,Bajo,68.8
Iraq,Middle East,Developing,2003,33.7,41.8,172.033,Medio,0.083,63,45,27.3,73,75,0.13,2352,Medio,25.64,5.5,5.2,5.5,Bajo,68.6
Iraq,Middle East,Developing,2004,33.1,40.9,175.9275,Medio,0.33,62,41,27.4,69,74,0.13,3515,Medio,26.31,5.4,5.2,5.7,Bajo,68.4
Iraq,Middle East,Developing,2005,32.4,40,179.8215,Medio,0.18,65,58,27.5,69,65,0.13,3493,Medio,26.92,5.4,5.2,5.8,Bajo,68.3
Iraq,Middle East,Developing,2006,31.8,39.1,183.716,Medio,0.035,59,52,27.6,63,59,0.13,3620,Medio,27.45,5.4,5.1,5.9,Bajo,68.2
Iraq,Middle East,Developing,2007,31.1,38.1,187.6105,Medio,0.15,56,64,27.7,74,57,0.13,3627,Medio,27.91,5.4,5.1,6.1,Bajo,68.1
Iraq,Middle East,Developing,2008,30.3,37.1,183.7195,Medio,0.17,66,76,27.8,71,69,0.13,3860,Medio,28.39,5.4,5.1,6.2,Medio,68.2
Iraq,Middle East,Developing,2009,29.5,36,179.8285,Medio,0.2,75,87,27.9,78,78,0.13,3909,Medio,28.97,5.4,5.1,6.3,Medio,68.3
Iraq,Middle East,Developing,2010,28.7,34.9,175.9375,Medio,0.16,72,77,28,74,74,0.13,4052,Medio,29.74,5.3,5.1,6.4,Medio,68.6
Iraq,Middle East,Developing,2011,27.9,33.8,172.0465,Medio,0.18,77,77,28.1,82,79,0.13,4218,Medio,30.73,5.3,5.1,6.6,Medio,68.8
Iraq,Middle East,Developing,2012,27.1,32.8,168.1555,Medio,0.17,61,68,28.3,73,69,0.13,4631,Medio,31.89,5.3,5.1,6.6,Medio,69.1
Iraq,Middle East,Developing,2013,26.3,31.7,166.4095,Medio,0.16,66,57,28.4,75,68,0.13,4794,Medio,33.16,5.3,5.1,6.6,Medio,69.4
Iraq,Middle East,Developing,2014,25.5,30.7,164.663,Medio,0.15,62,67,28.5,76,64,0.13,4628,Medio,34.41,5.3,5.1,6.6,Medio,69.7
Iraq,Middle East,Developing,2015,24.8,29.7,162.9175,Medio,0.16,56,76,28.6,72,58,0.13,4688,Medio,35.57,5.3,5.1,6.6,Medio,69.9
Ireland,European Union,Developed,2000,6,7.1,94.6415,Bajo,13.84,95,86,26.3,86,86,0.04,41623,Alto,3.81,0.3,0.3,10.8,Alto,76.5
Ireland,European Union,Developed,2001,5.8,6.9,89.055,Bajo,14.04,95,86,26.4,84,84,0.05,43139,Alto,3.87,0.3,0.3,11,Alto,77.1
Ireland,European Union,Developed,2002,5.5,6.5,86.879,Bajo,13.95,95,86,26.5,83,83,0.05,44919,Alto,3.93,0.3,0.3,11.2,Alto,77.6
Ireland,European Union,Developed,2003,5.1,6,81.688,Bajo,13.04,95,86,26.6,86,86,0.05,45523,Alto,4,0.3,0.2,11.4,Alto,78.1
Ireland,European Union,Developed,2004,4.7,5.6,81.2525,Bajo,13.11,95,86,26.7,89,89,0.06,47731,Alto,4.07,0.3,0.2,11.6,Alto,78.5
Ireland,European Union,Developed,2005,4.4,5.2,77.6135,Bajo,13.06,95,86,26.8,90,90,0.06,49382,Alto,4.16,0.3,0.2,11.7,Alto,78.9
Ireland,European Union,Developed,2006,4.1,4.9,76.8165,Bajo,13.12,95,86,26.8,91,91,0.06,50462,Alto,4.27,0.3,0.2,11.8,Alto,79.2
Ireland,European Union,Developed,2007,3.9,4.6,73.766,Bajo,13.17,95,86,26.9,92,92,0.06,51625,Alto,4.4,0.3,0.2,11.9,Alto,79.6
Ireland,European Union,Developed,2008,3.8,4.4,73.6315,Bajo,12.18,95,86,27,93,93,0.07,48314,Alto,4.49,0.3,0.2,12,Alto,80.1
Ireland,European Union,Developed,2009,3.6,4.3,73.9955,Bajo,10.93,95,86,27.1,94,94,0.07,45386,Alto,4.54,0.3,0.2,12.1,Alto,80.2
Ireland,European Union,Developed,2010,3.5,4.2,68.771,Bajo,11.57,95,86,27.1,94,94,0.07,45932,Alto,4.56,0.3,0.2,12.2,Alto,80.7
Ireland,European Union,Developed,2011,3.5,4.1,68.994,Bajo,11.49,95,86,27.2,95,95,0.07,46221,Alto,4.58,0.3,0.2,10.9,Alto,80.7
Ireland,European Union,Developed,2012,3.4,4,67.3805,Bajo,11.38,95,86,27.2,95,95,0.07,46001,Alto,4.6,0.3,0.2,11.3,Alto,80.8
Ireland,European Union,Developed,2013,3.3,3.9,64.5655,Bajo,10.51,95,86,27.3,96,96,0.07,46339,Alto,4.62,0.3,0.2,11.8,Alto,80.9
Ireland,European Union,Developed,2014,3.3,3.8,62.447,Bajo,10.88,95,86,27.3,96,96,0.07,50010,Alto,4.66,0.3,0.2,12.3,Alto,81.3
Ireland,European Union,Developed,2015,3.2,3.7,61.0195,Bajo,10.81,95,86,27.4,95,95,0.07,62012,Alto,4.7,0.3,0.2,12.3,Alto,81.5
Israel,Middle East,Developed,2000,5.6,6.9,78.6545,Bajo,2.58,98,97,26.1,93,93,0.08,28748,Alto,6.29,1.1,1.1,12,Alto,79
Israel,Middle East,Developed,2001,5.4,6.6,76.0075,Bajo,2.83,96,97,26.2,93,92,0.08,28107,Alto,6.44,1.1,1.1,12.1,Alto,79.4
Israel,Middle East,Developed,2002,5.2,6.4,76.0535,Bajo,2.79,98,97,26.3,91,90,0.08,27493,Alto,6.57,1.1,1.1,12.1,Alto,79.5
Israel,Middle East,Developed,2003,4.9,6.1,72.394,Bajo,2.58,98,97,26.4,93,93,0.08,27311,Alto,6.69,1.1,1.1,12.2,Alto,79.6
Israel,Middle East,Developed,2004,4.7,5.8,69.781,Bajo,2.44,99,97,26.5,95,95,0.08,28151,Alto,6.81,1.1,1.1,12.2,Alto,80.1
Israel,Middle East,Developed,2005,4.5,5.6,69.3715,Bajo,2.46,96,96,26.6,95,93,0.08,28810,Alto,6.93,1.1,1.1,12.3,Alto,80.2
Israel,Middle East,Developed,2006,4.3,5.3,67.264,Bajo,2.3,96,96,26.6,94,95,0.08,29940,Alto,7.05,1.1,1.1,12.1,Alto,80.6
Israel,Middle East,Developed,2007,4.1,5.1,65.745,Bajo,2.46,99,90,26.7,95,95,0.08,31208,Alto,7.18,1.1,1.1,12.5,Alto,80.5
Israel,Middle East,Developed,2008,3.9,4.9,64.414,Bajo,2.59,99,91,26.8,94,94,0.08,31718,Alto,7.31,1.1,1.1,12.6,Alto,81
Israel,Middle East,Developed,2009,3.8,4.7,61.931,Bajo,2.67,98,92,26.9,96,96,0.08,31323,Alto,7.49,1.2,1.1,12.6,Alto,81.4
Israel,Middle East,Developed,2010,3.7,4.6,60.016,Bajo,2.78,97,93,26.9,95,95,0.08,32505,Alto,7.62,1.2,1.1,12.6,Alto,81.6
Israel,Middle East,Developed,2011,3.5,4.4,59.725,Bajo,2.81,98,87,27,94,94,0.08,33678,Alto,7.77,1.2,1.1,12.7,Alto,81.7
Israel,Middle East,Developed,2012,3.4,4.3,57.951,Bajo,2.89,97,89,27,94,94,0.08,33995,Alto,7.91,1.2,1.1,12.8,Alto,81.7
Israel,Middle East,Developed,2013,3.3,4.1,58.2,Bajo,2.9,97,95,27.1,96,96,0.08,34961,Alto,8.06,1.2,1.1,12.8,Alto,82.1
Israel,Middle East,Developed,2014,3.2,4,56.744,Bajo,2.71,97,96,27.2,95,95,0.08,35711,Alto,8.22,1.2,1.1,12.9,Alto,82.2
Israel,Middle East,Developed,2015,3.2,3.9,56.337,Bajo,2.74,96,97,27.2,95,95,0.08,35808,Alto,8.38,1.2,1.1,13,Alto,82.1
Italy,European Union,Developed,2000,4.7,5.6,76.0095,Bajo,9.78,94,83,25.4,97,87,0.1,32351,Alto,56.94,0.5,0.5,8.6,Medio,79.8
Italy,European Union,Developed,2001,4.5,5.3,74.622,Bajo,9.68,95,84,25.4,96,93,0.1,32964,Alto,56.97,0.5,0.5,8.7,Medio,80.1
Italy,European Union,Developed,2002,4.3,5,72.478,Bajo,9.25,95,84,25.5,96,93,0.09,32998,Alto,57.06,0.5,0.5,8.8,Medio,80.2
Italy,European Union,Developed,2003,4.1,4.8,70.0145,Bajo,9.3,95,83,25.5,97,96,0.09,32897,Alto,57.31,0.5,0.5,8.9,Medio,80
Italy,European Union,Developed,2004,3.9,4.6,65.986,Bajo,8.98,96,84,25.6,97,94,0.09,33150,Alto,57.69,0.5,0.5,9.1,Medio,80.8
Italy,European Union,Developed,2005,3.8,4.5,64.2915,Bajo,8.65,96,84,25.6,97,95,0.09,33258,Alto,57.97,0.5,0.5,9.2,Medio,80.8
Italy,European Union,Developed,2006,3.7,4.3,62.934,Bajo,8.44,96,83,25.6,97,96,0.09,33752,Alto,58.14,0.5,0.5,9.3,Medio,81.3
Italy,European Union,Developed,2007,3.6,4.2,61.3625,Bajo,8.37,97,84,25.7,97,97,0.08,34081,Alto,58.44,0.5,0.5,9.4,Medio,81.4
Italy,European Union,Developed,2008,3.5,4.1,60.1245,Bajo,7.96,96,83,25.7,96,96,0.08,33530,Alto,58.83,0.5,0.5,9.5,Medio,81.5
Italy,European Union,Developed,2009,3.4,4.1,59.186,Bajo,7.25,96,83,25.7,96,96,0.08,31615,Alto,59.1,0.5,0.5,9.6,Alto,81.6
Italy,European Union,Developed,2010,3.4,4,56.6155,Bajo,6.95,96,84,25.7,96,96,0.08,32058,Alto,59.28,0.5,0.5,9.7,Alto,82
Italy,European Union,Developed,2011,3.3,3.9,56.2325,Bajo,6.98,96,83,25.7,96,96,0.08,32229,Alto,59.38,0.5,0.5,9.8,Alto,82.2
Italy,European Union,Developed,2012,3.2,3.8,55.1645,Bajo,7.48,96,83,25.7,96,97,0.07,31185,Alto,59.54,0.5,0.6,9.9,Alto,82.2
Italy,European Union,Developed,2013,3.1,3.7,53.267,Bajo,7.35,96,84,25.6,96,96,0.07,30258,Alto,60.23,0.5,0.6,10.3,Alto,82.7
Italy,European Union,Developed,2014,3,3.6,51.776,Bajo,7.56,95,83,25.6,95,95,0.07,29980,Alto,60.79,0.6,0.6,10.1,Alto,83.1
Italy,European Union,Developed,2015,3,3.5,52.9595,Bajo,7.14,93,83,25.6,93,93,0.06,30242,Alto,60.73,0.6,0.6,10.2,Alto,82.5
Jamaica,Central America and Caribbean,Developing,2000,18.9,22.2,168.4155,Medio,3.77,98,96,25.5,95,93,0.87,4841,Medio,2.65,2,1.9,7.3,Medio,74.1
Jamaica,Central America and Caribbean,Developing,2001,18.4,21.6,167.429,Medio,3.72,98,96,25.6,99,99,0.85,4870,Medio,2.67,2,1.8,7.5,Medio,74.1
Jamaica,Central America and Caribbean,Developing,2002,18,21.1,166.4425,Medio,3.61,98,96,25.8,99,99,0.84,4934,Medio,2.69,2,1.8,7.7,Medio,74.1
Jamaica,Central America and Caribbean,Developing,2003,17.6,20.7,162.465,Medio,3.43,98,95,25.9,99,96,0.83,5083,Medio,2.71,1.9,1.8,7.8,Medio,74.1
Jamaica,Central America and Caribbean,Developing,2004,17.3,20.3,158.488,Medio,3.32,98,95,26.1,97,98,0.83,5121,Medio,2.73,1.9,1.8,8,Medio,74.1
Jamaica,Central America and Caribbean,Developing,2005,17,19.9,154.5105,Medio,3.36,99,91,26.2,99,99,0.79,5138,Medio,2.74,1.9,1.7,8.1,Medio,74.1
Jamaica,Central America and Caribbean,Developing,2006,16.7,19.6,150.5335,Medio,3.35,97,88,26.4,99,95,0.69,5260,Medio,2.75,1.9,1.7,8.3,Medio,74.1
Jamaica,Central America and Caribbean,Developing,2007,16.5,19.2,146.556,Medio,3.31,92,84,26.5,94,92,0.67,5308,Medio,2.77,1.9,1.7,8.4,Medio,74.1
Jamaica,Central America and Caribbean,Developing,2008,16.2,18.9,144.357,Medio,3.35,92,80,26.6,91,91,0.63,5240,Medio,2.78,1.9,1.7,8.6,Medio,74.1
Jamaica,Central America and Caribbean,Developing,2009,15.8,18.5,142.157,Medio,3.24,90,78,26.8,90,90,0.62,4987,Medio,2.8,1.9,1.7,8.8,Medio,74.1
Jamaica,Central America and Caribbean,Developing,2010,15.4,18,139.9575,Medio,2.94,94,56,26.9,94,94,0.58,4889,Medio,2.81,1.8,1.7,8.9,Medio,74
Jamaica,Central America and Caribbean,Developing,2011,15.1,17.5,137.7585,Medio,2.99,92,60,27.1,93,92,0.57,4946,Medio,2.83,1.8,1.7,9,Medio,74
Jamaica,Central America and Caribbean,Developing,2012,14.6,17,135.5585,Medio,3.02,96,76,27.2,96,96,0.56,4888,Medio,2.84,1.8,1.7,9.2,Medio,74
Jamaica,Central America and Caribbean,Developing,2013,14.2,16.5,134.4545,Medio,3.16,93,71,27.4,86,93,0.54,4884,Medio,2.86,1.8,1.7,9.4,Medio,74
Jamaica,Central America and Caribbean,Developing,2014,13.8,16,133.3495,Medio,3.2,92,72,27.5,93,92,0.5,4890,Medio,2.88,1.8,1.7,9.6,Alto,74
Jamaica,Central America and Caribbean,Developing,2015,13.4,15.5,132.2455,Medio,3.27,91,83,27.6,91,91,0.47,4908,Medio,2.89,1.8,1.7,9.6,Alto,74.1
Japan,Asia,Developed,2000,3.3,4.5,72.954,Bajo,7.96,83,86,22.5,98,85,0.17,31431,Alto,126.84,1.6,1.4,10.7,Alto,81.1
Japan,Asia,Developed,2001,3.1,4.3,71.4415,Bajo,8.01,83,86,22.5,81,95,0.17,31476,Alto,127.15,1.7,1.4,10.8,Alto,81.4
Japan,Asia,Developed,2002,3,4.1,70.123,Bajo,7.86,83,86,22.5,89,96,0.17,31416,Alto,127.45,1.7,1.4,10.9,Alto,81.6
Japan,Asia,Developed,2003,2.9,4,70.306,Bajo,7.82,83,86,22.5,97,97,0.17,31830,Alto,127.72,1.7,1.4,11,Alto,81.8
Japan,Asia,Developed,2004,2.8,3.9,68.9285,Bajo,7.69,83,87,22.6,97,99,0.17,32515,Alto,127.76,1.7,1.4,11.1,Alto,82
Japan,Asia,Developed,2005,2.8,3.7,68.768,Bajo,7.98,83,84,22.6,95,98,0.17,33099,Alto,127.77,1.7,1.5,11.2,Alto,81.9
Japan,Asia,Developed,2006,2.7,3.6,66.533,Bajo,7.48,83,86,22.6,95,98,0.17,33532,Alto,127.85,1.7,1.5,11.2,Alto,82.3
Japan,Asia,Developed,2007,2.6,3.5,65.136,Bajo,7.28,83,89,22.6,97,98,0.17,33990,Alto,128,1.8,1.5,11.3,Alto,82.5
Japan,Asia,Developed,2008,2.5,3.4,64.0215,Bajo,7.06,83,78,22.6,98,98,0.17,33558,Alto,128.06,1.8,1.5,11.4,Alto,82.6
Japan,Asia,Developed,2009,2.4,3.3,63.037,Bajo,6.98,83,92,22.7,99,97,0.17,31651,Alto,128.05,1.8,1.6,11.4,Alto,82.9
Japan,Asia,Developed,2010,2.4,3.2,62.1335,Bajo,8.28,83,97,22.7,98,97,0.17,32942,Alto,128.07,1.9,1.6,11.5,Alto,82.8
Japan,Asia,Developed,2011,2.3,3.2,64.2585,Bajo,8.41,83,92,22.7,96,97,0.17,33011,Alto,127.83,1.9,1.6,11.8,Alto,82.6
Japan,Asia,Developed,2012,2.2,3,58.395,Bajo,8.5,83,92,22.7,99,97,0.17,33518,Alto,127.63,1.9,1.7,12,Alto,83.1
Japan,Asia,Developed,2013,2.1,2.9,57.102,Bajo,8.65,83,93,22.7,99,96,0.17,34240,Alto,127.45,2,1.7,12.2,Alto,83.3
Japan,Asia,Developed,2014,2.1,2.8,55.582,Bajo,8.4,83,94,22.7,99,96,0.17,34387,Alto,127.28,2,1.7,12.5,Alto,83.6
Japan,Asia,Developed,2015,2,2.7,53.586,Bajo,8.55,83,93,22.7,99,96,0.17,34961,Alto,127.14,2.1,1.8,12.5,Alto,83.8
Jordan,Middle East,Developing,2000,22.5,26.8,131.69,Medio,0.47,93,83,27.8,94,91,0.13,3588,Medio,5.12,4,4,9.5,Medio,71.7
Jordan,Middle East,Developing,2001,22,26.1,129.764,Medio,0.52,97,87,27.9,97,99,0.13,3708,Medio,5.22,4,3.9,9.6,Alto,71.9
Jordan,Middle East,Developing,2002,21.4,25.3,127.8375,Bajo,0.51,95,90,28,95,95,0.13,3849,Medio,5.32,3.9,3.9,9.6,Alto,72.1
Jordan,Middle East,Developing,2003,20.8,24.6,126.1305,Bajo,0.5,97,91,28,97,97,0.13,3923,Medio,5.43,3.9,3.9,9.7,Alto,72.3
Jordan,Middle East,Developing,2004,20.2,23.9,124.424,Bajo,0.5,95,98,28.1,95,95,0.13,4148,Medio,5.58,3.9,3.8,9.7,Alto,72.4
Jordan,Middle East,Developing,2005,19.7,23.2,122.7175,Bajo,0.51,95,92,28.2,95,95,0.13,4341,Medio,5.77,3.9,3.8,9.7,Alto,72.6
Jordan,Middle East,Developing,2006,19.2,22.5,121.011,Bajo,0.55,98,88,28.3,98,98,0.13,4516,Medio,5.99,3.9,3.8,9.8,Alto,72.8
Jordan,Middle East,Developing,2007,18.7,21.9,119.304,Bajo,0.56,98,97,28.3,98,98,0.13,4679,Medio,6.26,3.8,3.8,9.8,Alto,72.9
Jordan,Middle East,Developing,2008,18.1,21.3,118.1005,Bajo,0.58,97,90,28.4,98,97,0.13,4787,Medio,6.56,3.8,3.8,9.8,Alto,73.1
Jordan,Middle East,Developing,2009,17.6,20.7,116.897,Bajo,0.56,98,90,28.5,98,98,0.13,4782,Medio,6.89,3.8,3.8,9.9,Alto,73.3
Jordan,Middle East,Developing,2010,17.2,20.1,115.693,Bajo,0.46,98,95,28.5,98,98,0.13,4644,Medio,7.26,3.8,3.8,9.8,Alto,73.4
Jordan,Middle East,Developing,2011,16.7,19.5,114.4895,Bajo,0.38,98,95,28.6,98,98,0.13,4521,Medio,7.66,3.8,3.9,9.9,Alto,73.6
Jordan,Middle East,Developing,2012,16.2,19,113.2855,Bajo,0.36,98,96,28.7,98,98,0.13,4387,Medio,8.09,3.9,3.9,9.9,Alto,73.7
Jordan,Middle East,Developing,2013,15.8,18.4,112.171,Bajo,0.35,98,98,28.8,98,98,0.13,4275,Medio,8.52,3.9,3.9,9.9,Alto,73.9
Jordan,Middle East,Developing,2014,15.4,17.9,111.057,Bajo,0.35,98,98,28.8,98,98,0.13,4221,Medio,8.92,3.9,3.9,10.1,Alto,74
Jordan,Middle East,Developing,2015,15,17.5,109.942,Bajo,0.3,99,96,28.9,99,99,0.13,4164,Medio,9.27,4,4,10.3,Alto,74.1
Kazakhstan,Asia,Developing,2000,36.7,42.5,290.732,Alto,5.81,99,98,25.6,96,97,0.02,4446,Medio,14.88,2.7,2.7,10.5,Alto,65.5
Kazakhstan,Asia,Developing,2001,34.6,39.9,287.784,Alto,5.55,95,95,25.6,95,95,0.03,5055,Medio,14.86,2.6,2.7,10.7,Alto,65.8
Kazakhstan,Asia,Developing,2002,32.6,37.5,284.836,Alto,5.78,95,98,25.7,95,95,0.04,5551,Medio,14.86,2.6,2.6,11,Alto,66
Kazakhstan,Asia,Developing,2003,30.8,35.2,281.374,Alto,6.22,99,99,25.7,99,99,0.05,6046,Medio,14.91,2.5,2.6,11.2,Alto,65.7
Kazakhstan,Asia,Developing,2004,29,33.1,277.9125,Alto,6.23,99,99,25.7,99,82,0.06,6581,Medio,15.01,2.5,2.6,11.5,Alto,66.1
Kazakhstan,Asia,Developing,2005,27.3,31,274.4505,Alto,6.57,94,96,25.8,99,98,0.07,7155,Medio,15.15,2.4,2.5,11.7,Alto,65.9
Kazakhstan,Asia,Developing,2006,25.6,29,270.9885,Alto,6.76,99,99,25.8,99,99,0.08,7838,Medio,15.31,2.4,2.5,11.7,Alto,66.2
Kazakhstan,Asia,Developing,2007,23.8,26.8,267.527,Alto,3.99,94,99,25.9,94,93,0.09,8438,Medio,15.48,2.4,2.5,11.6,Alto,66.3
Kazakhstan,Asia,Developing,2008,21.9,24.7,257.3335,Alto,3.42,99,99,25.9,99,99,0.1,8555,Alto,15.78,2.4,2.5,11.5,Alto,67.1
Kazakhstan,Asia,Developing,2009,20,22.5,247.1405,Alto,3.16,99,99,26,99,98,0.11,8488,Alto,16.09,2.3,2.5,11.5,Alto,68.4
Kazakhstan,Asia,Developing,2010,18.2,20.4,236.9465,Alto,3.94,99,99,26,98,99,0.11,8979,Alto,16.32,2.3,2.5,11.4,Alto,68.5
Kazakhstan,Asia,Developing,2011,16.4,18.3,226.753,Alto,3.41,99,99,26.1,99,99,0.12,9507,Alto,16.56,2.3,2.5,11.5,Alto,68.7
Kazakhstan,Asia,Developing,2012,14.6,16.3,216.56,Alto,3.73,95,97,26.1,98,99,0.13,9824,Alto,16.79,2.4,2.5,11.5,Alto,69.5
Kazakhstan,Asia,Developing,2013,13,14.6,205.077,Medio,3.8,99,99,26.2,98,98,0.13,10264,Alto,17.04,2.4,2.5,11.6,Alto,70.6
Kazakhstan,Asia,Developing,2014,11.6,13,193.594,Medio,3.64,95,99,26.3,95,95,0.14,10539,Alto,17.29,2.4,2.5,11.7,Alto,71.4
Kazakhstan,Asia,Developing,2015,10.6,11.9,182.111,Medio,3.33,98,98,26.3,98,98,0.14,10511,Alto,17.54,2.4,2.5,11.7,Alto,72
Kenya,Africa,Developing,2000,59.9,98.5,480.3625,Alto,1.51,77,28,22,80,82,4.78,1146,Bajo,31.96,9.2,9.1,5.3,Bajo,50.9
Kenya,Africa,Developing,2001,57.8,94.2,484.2665,Alto,1.64,77,28,22.1,77,80,4.36,1157,Bajo,32.85,9,9,5.4,Bajo,51.1
Kenya,Africa,Developing,2002,55.5,89.8,488.1705,Alto,1.67,84,28,22.2,83,84,4.06,1132,Bajo,33.75,8.9,8.9,5.5,Bajo,51.6
Kenya,Africa,Developing,2003,53.2,85.4,459.654,Alto,1.5,73,28,22.2,75,73,3.71,1135,Bajo,34.68,8.8,8.8,5.6,Bajo,52.4
Kenya,Africa,Developing,2004,50.8,81,431.137,Alto,0.69,73,28,22.3,73,73,3.45,1160,Bajo,35.64,8.7,8.6,5.7,Bajo,53.5
Kenya,Africa,Developing,2005,48,76.3,402.62,Alto,0.88,76,28,22.4,70,76,3.19,1196,Bajo,36.62,8.6,8.5,5.8,Bajo,54.7
Kenya,Africa,Developing,2006,45.7,72,374.103,Alto,0.86,80,28,22.5,77,80,2.92,1239,Bajo,37.65,8.5,8.4,5.9,Bajo,56.1
Kenya,Africa,Developing,2007,43.7,68,345.5865,Alto,1.2,81,28,22.6,76,81,2.73,1287,Bajo,38.71,8.4,8.3,6,Bajo,57.5
Kenya,Africa,Developing,2008,41.4,63.5,324.2835,Alto,1.32,88,28,22.7,88,88,2.33,1255,Bajo,39.79,8.3,8.2,6,Bajo,58.8
Kenya,Africa,Developing,2009,40.4,59.9,302.9805,Alto,1.17,88,28,22.8,89,88,2.21,1261,Bajo,40.9,8.2,8.1,6.1,Bajo,59.9
Kenya,Africa,Developing,2010,39.3,57.4,281.6775,Alto,1.52,90,28,22.8,90,90,2.04,1326,Bajo,42.03,8.2,8,6.1,Bajo,61
Kenya,Africa,Developing,2011,38.5,55.5,260.375,Alto,1.47,96,28,22.9,97,96,1.8,1357,Bajo,43.18,8.1,7.9,6.2,Medio,61.9
Kenya,Africa,Developing,2012,38.2,54.1,239.072,Alto,1.49,94,28,23,94,94,1.69,1382,Bajo,44.34,8,7.8,6.2,Medio,62.7
Kenya,Africa,Developing,2013,37.4,52.3,233.9175,Alto,1.53,93,28,23.1,94,87,1.54,1397,Bajo,45.52,7.9,7.7,6.3,Medio,63.4
Kenya,Africa,Developing,2014,36.4,50.6,228.7625,Alto,1.45,92,28,23.2,93,92,1.36,1430,Bajo,46.7,7.8,7.7,6.3,Medio,64.1
Kenya,Africa,Developing,2015,35.2,48.9,223.608,Alto,1.65,89,28,23.3,83,89,1.15,1465,Bajo,47.88,7.8,7.6,6.3,Medio,64.8
Kiribati,Oceania,Developing,2000,51.7,68.1,222.442,Alto,0.56,90,35,28.7,90,90,0.17,1554,Bajo,0.08,0.2,0.2,6.8,Medio,63.1
Kiribati,Oceania,Developing,2001,50.7,66.6,219.7965,Alto,0.71,85,35,28.8,88,85,0.17,1506,Bajo,0.09,0.2,0.2,6.9,Medio,63.4
Kiribati,Oceania,Developing,2002,50,65.5,217.1505,Alto,0.51,79,35,28.9,96,77,0.17,1537,Bajo,0.09,0.2,0.2,7,Medio,63.7
Kiribati,Oceania,Developing,2003,49.5,64.8,215.9625,Alto,0.44,73,35,29,79,70,0.17,1541,Bajo,0.09,0.2,0.2,7.1,Medio,64
Kiribati,Oceania,Developing,2004,49.4,64.6,214.7745,Alto,0.49,67,34,29.1,61,62,0.17,1488,Bajo,0.09,0.2,0.2,7.2,Medio,64.2
Kiribati,Oceania,Developing,2005,49.4,64.7,213.586,Alto,0.61,50,35,29.2,74,79,0.17,1531,Bajo,0.09,0.2,0.2,7.3,Medio,64.5
Kiribati,Oceania,Developing,2006,49.7,65.1,212.398,Alto,0.69,88,35,29.3,86,86,0.17,1497,Bajo,0.09,0.2,0.1,7.4,Medio,64.7
Kiribati,Oceania,Developing,2007,50,65.5,211.21,Medio,0.55,96,32,29.3,93,94,0.17,1493,Bajo,0.1,0.2,0.1,7.5,Medio,65
Kiribati,Oceania,Developing,2008,50,65.6,209.8995,Medio,0.46,83,39,29.4,74,82,0.17,1429,Bajo,0.1,0.2,0.1,7.6,Medio,65.2
Kiribati,Oceania,Developing,2009,49.8,65.2,208.5885,Medio,0.54,86,35,29.5,84,86,0.17,1409,Bajo,0.1,0.1,0.1,7.8,Medio,65.5
Kiribati,Oceania,Developing,2010,49.3,64.4,207.2785,Medio,0.49,91,21,29.6,95,91,0.17,1366,Bajo,0.1,0.1,0.1,7.9,Medio,65.8
Kiribati,Oceania,Developing,2011,48.6,63.3,205.968,Medio,0.54,95,61,29.7,95,99,0.17,1366,Bajo,0.1,0.1,0.1,7.9,Medio,66.1
Kiribati,Oceania,Developing,2012,47.8,62.1,204.6575,Medio,0.38,94,80,29.7,92,94,0.17,1415,Bajo,0.11,0.1,0.1,7.9,Medio,66.4
Kiribati,Oceania,Developing,2013,46.8,60.8,202.588,Medio,0.73,95,84,29.8,91,95,0.17,1453,Bajo,0.11,0.1,0.1,7.9,Medio,66.7
Kiribati,Oceania,Developing,2014,45.8,59.2,200.5185,Medio,0.33,75,80,29.9,79,75,0.17,1417,Bajo,0.11,0.1,0.1,7.9,Medio,67
Kiribati,Oceania,Developing,2015,44.7,57.6,198.449,Medio,0.35,82,76,30,80,78,0.17,1535,Bajo,0.11,0.1,0.1,7.9,Medio,67.3
Kuwait,Middle East,Developing,2000,10.7,12.4,89.1345,Bajo,0.013,95,86,28.3,94,98,0.13,29952,Alto,2.05,3.2,3.1,6.2,Medio,73.1
Kuwait,Middle East,Developing,2001,10.5,12.2,88.2055,Bajo,0.013,99,86,28.4,99,99,0.13,29186,Alto,2.1,3.2,3,6.2,Medio,73.2
Kuwait,Middle East,Developing,2002,10.3,12,87.276,Bajo,0.011,99,84,28.4,99,99,0.13,29591,Alto,2.14,3.2,3,6.1,Bajo,73.3
Kuwait,Middle East,Developing,2003,10.1,11.8,85.484,Bajo,0.012,99,87,28.5,99,99,0.13,34322,Alto,2.16,3.2,3,6.1,Bajo,73.4
Kuwait,Middle East,Developing,2004,10,11.6,83.6915,Bajo,0.018,94,88,28.6,98,98,0.13,37169,Alto,2.2,3.2,3,6.1,Bajo,73.4
Kuwait,Middle East,Developing,2005,9.8,11.4,81.8995,Bajo,0.013,99,77,28.7,99,99,0.13,39850,Alto,2.27,3.2,3.1,5.8,Bajo,73.5
Kuwait,Middle East,Developing,2006,9.7,11.2,80.1065,Bajo,0.015,99,96,28.7,99,99,0.13,40977,Alto,2.37,3.2,3.1,6.2,Medio,73.7
Kuwait,Middle East,Developing,2007,9.5,11.1,78.3145,Bajo,0.029,99,90,28.8,99,99,0.13,41171,Alto,2.5,3.2,3.1,6.3,Medio,73.8
Kuwait,Middle East,Developing,2008,9.4,10.9,74.978,Bajo,0.032,99,86,28.9,99,99,0.13,39777,Alto,2.66,3.3,3.1,6.5,Medio,74
Kuwait,Middle East,Developing,2009,9.2,10.7,71.642,Bajo,0.1,99,94,29,99,99,0.13,34800,Alto,2.82,3.3,3.2,6.6,Medio,74.2
Kuwait,Middle East,Developing,2010,8.9,10.4,68.3055,Bajo,0,99,99,29,98,98,0.13,32035,Alto,2.99,3.3,3.2,6.8,Medio,74.4
Kuwait,Middle East,Developing,2011,8.5,10,64.969,Bajo,0,99,99,29.1,99,99,0.13,33167,Alto,3.17,3.3,3.2,7,Medio,74.6
Kuwait,Middle East,Developing,2012,8.2,9.6,61.6325,Bajo,0,98,99,29.2,98,98,0.13,33455,Alto,3.35,3.4,3.3,7.2,Medio,74.7
Kuwait,Middle East,Developing,2013,7.9,9.2,60.4675,Bajo,0,99,99,29.3,99,99,0.13,32136,Alto,3.53,3.4,3.3,6.7,Medio,74.9
Kuwait,Middle East,Developing,2014,7.7,8.9,59.3025,Bajo,0,96,86,29.4,94,95,0.13,30857,Alto,3.69,3.4,3.4,6.9,Medio,75
Kuwait,Middle East,Developing,2015,7.5,8.8,58.1365,Bajo,0,99,96,29.5,99,99,0.13,29870,Alto,3.84,3.5,3.4,7.1,Medio,75.1
Kyrgyz Republic,Asia,Developing,2000,42.5,49.8,223.7235,Alto,5.33,44,65,24.7,99,99,0.02,718,Bajo,4.9,3.6,3.6,9.8,Alto,68.6
Kyrgyz Republic,Asia,Developing,2001,40.6,47.4,223.721,Alto,5.7,57,65,24.8,99,99,0.03,749,Bajo,4.95,3.6,3.6,9.9,Alto,68.7
Kyrgyz Republic,Asia,Developing,2002,38.8,45.2,223.718,Alto,5.84,99,65,24.9,99,98,0.04,742,Bajo,4.99,3.5,3.5,10,Alto,68.2
Kyrgyz Republic,Asia,Developing,2003,37.1,43.1,223.222,Alto,6.35,99,65,25,98,98,0.06,786,Bajo,5.04,3.5,3.5,10,Alto,68.3
Kyrgyz Republic,Asia,Developing,2004,35.6,41.1,222.7265,Alto,6.65,99,65,25.1,98,99,0.08,831,Bajo,5.1,3.4,3.4,10.1,Alto,68.2
Kyrgyz Republic,Asia,Developing,2005,34.1,39.2,222.2305,Alto,6.52,97,65,25.2,98,98,0.1,821,Bajo,5.16,3.4,3.4,10.2,Alto,68
Kyrgyz Republic,Asia,Developing,2006,32.7,37.5,221.7345,Alto,6.78,90,65,25.4,93,92,0.13,837,Bajo,5.22,3.3,3.4,10.2,Alto,67.7
Kyrgyz Republic,Asia,Developing,2007,31.2,35.7,221.239,Alto,6.98,94,65,25.5,94,94,0.17,900,Bajo,5.27,3.3,3.4,10.3,Alto,67.9
Kyrgyz Republic,Asia,Developing,2008,29.6,33.7,213.764,Alto,7.29,97,65,25.6,95,95,0.21,966,Bajo,5.32,3.3,3.4,10.3,Alto,68.5
Kyrgyz Republic,Asia,Developing,2009,27.8,31.6,206.2885,Medio,5.98,96,65,25.7,96,95,0.21,982,Bajo,5.38,3.3,3.4,10.4,Alto,69.1
Kyrgyz Republic,Asia,Developing,2010,26.1,29.5,198.813,Medio,6.02,96,65,25.8,88,96,0.16,966,Bajo,5.45,3.2,3.3,10.6,Alto,69.3
Kyrgyz Republic,Asia,Developing,2011,24.5,27.7,191.338,Medio,5.95,96,65,26,94,96,0.14,1011,Bajo,5.51,3.2,3.3,10.6,Alto,69.6
Kyrgyz Republic,Asia,Developing,2012,23.2,26.1,183.8625,Medio,5.98,96,65,26.1,94,96,0.14,994,Bajo,5.61,3.2,3.3,10.7,Alto,70
Kyrgyz Republic,Asia,Developing,2013,22,24.7,177.8395,Medio,6.03,97,65,26.2,97,97,0.13,1081,Bajo,5.72,3.3,3.3,10.7,Alto,70.2
Kyrgyz Republic,Asia,Developing,2014,20.9,23.5,171.816,Medio,6.18,96,65,26.4,95,96,0.13,1102,Bajo,5.84,3.3,3.4,10.8,Alto,70.4
Kyrgyz Republic,Asia,Developing,2015,19.9,22.3,165.7935,Medio,5.37,97,65,26.5,97,97,0.12,1121,Bajo,5.96,3.3,3.4,10.8,Alto,70.7
Lao PDR,Asia,Developing,2000,76.5,107.2,274.451,Alto,5.19,48,65,21.1,57,51,0.1,936,Bajo,5.32,10.5,10.5,3.9,Bajo,58.8
Lao PDR,Asia,Developing,2001,73.9,103.1,268.307,Alto,3.14,48,65,21.2,55,52,0.14,974,Bajo,5.41,10.4,10.5,4,Bajo,59.4
Lao PDR,Asia,Developing,2002,71.3,98.9,262.1635,Alto,3.35,48,65,21.3,55,53,0.15,1016,Bajo,5.49,10.3,10.4,4,Bajo,59.9
Lao PDR,Asia,Developing,2003,68.7,94.8,256.0445,Alto,3.43,50,65,21.4,52,49,0.15,1061,Bajo,5.58,10.2,10.3,4.1,Bajo,60.5
Lao PDR,Asia,Developing,2004,66.1,90.8,249.926,Alto,3.54,45,65,21.5,46,45,0.15,1112,Bajo,5.66,10.1,10.2,4.2,Bajo,61.1
Lao PDR,Asia,Developing,2005,63.6,86.8,243.807,Alto,3.69,49,65,21.6,50,49,0.16,1172,Bajo,5.75,10,10.1,4.2,Bajo,61.6
Lao PDR,Asia,Developing,2006,61.1,82.9,237.688,Alto,3.71,57,65,21.7,56,57,0.16,1253,Bajo,5.85,9.9,9.9,4.3,Bajo,62.2
Lao PDR,Asia,Developing,2007,58.7,79.1,231.569,Alto,5.03,50,65,21.8,46,50,0.17,1325,Bajo,5.94,9.7,9.8,4.4,Bajo,62.7
Lao PDR,Asia,Developing,2008,56.3,75.4,226.723,Alto,5.15,61,65,22,60,61,0.17,1405,Bajo,6.05,9.6,9.7,4.4,Bajo,63.3
Lao PDR,Asia,Developing,2009,54,71.7,221.876,Alto,5.25,67,65,22.1,67,67,0.17,1485,Bajo,6.15,9.4,9.6,4.5,Bajo,63.8
Lao PDR,Asia,Developing,2010,51.8,68.3,217.0295,Alto,6.1,74,65,22.2,76,74,0.17,1586,Bajo,6.25,9.3,9.5,4.6,Bajo,64.3
Lao PDR,Asia,Developing,2011,49.7,65.1,212.1825,Alto,6.3,78,65,22.3,79,78,0.17,1687,Bajo,6.35,9.2,9.4,4.8,Bajo,64.8
Lao PDR,Asia,Developing,2012,47.6,61.9,207.3365,Medio,6.33,79,65,22.4,78,79,0.16,1795,Bajo,6.44,9.1,9.2,5,Bajo,65.3
Lao PDR,Asia,Developing,2013,45.7,59,203.4325,Medio,6.25,87,65,22.6,86,87,0.16,1911,Bajo,6.54,9,9.1,5.1,Bajo,65.7
Lao PDR,Asia,Developing,2014,43.8,56.3,199.529,Medio,6.74,88,65,22.7,88,88,0.16,2025,Bajo,6.64,8.9,9,5,Bajo,66.1
Lao PDR,Asia,Developing,2015,42.1,53.8,195.625,Medio,7.09,89,65,22.8,89,89,0.15,2140,Bajo,6.74,8.8,8.9,5.1,Bajo,66.5
Latvia,European Union,Developed,2000,11.5,14.2,225.812,Alto,7.13,95,90,25.6,96,96,0.25,6727,Medio,2.37,2.8,2.8,9.5,Medio,70.3
Latvia,European Union,Developed,2001,10.8,13.3,232.029,Alto,6.68,96,95,25.6,97,97,0.21,7245,Medio,2.34,2.8,2.8,10,Alto,70.8
Latvia,European Union,Developed,2002,10.2,12.6,225.2175,Alto,7.44,98,96,25.7,98,97,0.19,7849,Medio,2.31,2.7,2.7,10.6,Alto,71
Latvia,European Union,Developed,2003,9.7,11.9,217.6585,Alto,8.24,98,97,25.8,98,98,0.17,8593,Alto,2.29,2.6,2.6,11.2,Alto,71.3
Latvia,European Union,Developed,2004,9.2,11.2,213.151,Alto,8.81,98,98,25.9,99,99,0.16,9407,Alto,2.26,2.5,2.6,11.7,Alto,72
Latvia,European Union,Developed,2005,8.6,10.5,221.1375,Alto,9.92,99,99,25.9,99,99,0.15,10528,Alto,2.24,2.5,2.5,12.1,Alto,71.4
Latvia,European Union,Developed,2006,8.1,9.8,231.0145,Alto,10.4,94,99,26,96,96,0.17,11896,Alto,2.22,2.4,2.5,12.2,Alto,70.9
Latvia,European Union,Developed,2007,7.7,9.3,220.941,Alto,12.12,91,98,26.1,94,94,0.18,13186,Alto,2.2,2.4,2.4,12.3,Alto,71
Latvia,European Union,Developed,2008,7.3,8.8,198.7445,Medio,11.84,93,94,26.2,94,94,0.19,12893,Alto,2.18,2.3,2.4,12.2,Alto,72.4
Latvia,European Union,Developed,2009,6.9,8.3,185.722,Medio,9.85,92,92,26.2,94,94,0.2,11240,Alto,2.14,2.3,2.3,12.3,Alto,73.1
Latvia,European Union,Developed,2010,6.5,7.8,180.8715,Medio,9.83,91,93,26.3,92,92,0.22,10964,Alto,2.1,2.2,2.3,12.5,Alto,73.5
Latvia,European Union,Developed,2011,6.1,7.2,171.138,Medio,10.11,89,92,26.3,92,92,0.23,11451,Alto,2.06,2.2,2.3,12.6,Alto,73.6
Latvia,European Union,Developed,2012,5.6,6.6,165.2735,Medio,10.2,90,92,26.4,91,91,0.24,12410,Alto,2.03,2.2,2.2,12.6,Alto,73.8
Latvia,European Union,Developed,2013,5.1,6,167.92,Medio,10.43,94,92,26.5,94,94,0.26,12796,Alto,2.01,2.2,2.2,12.7,Alto,74
Latvia,European Union,Developed,2014,4.6,5.5,165.1905,Medio,10.6,92,89,26.5,92,92,0.28,13163,Alto,1.99,2.2,2.2,12.9,Alto,74.1
Latvia,European Union,Developed,2015,4.3,5,160.237,Medio,10.8,94,92,26.6,94,95,0.29,13786,Alto,1.98,2.2,2.1,12.8,Alto,74.5
Lebanon,Middle East,Developing,2000,17,19.9,102.479,Bajo,2.37,83,56,26.4,83,83,0.02,6713,Medio,3.84,4.9,4.8,7.5,Medio,74.5
Lebanon,Middle East,Developing,2001,16,18.7,97.5565,Bajo,2.32,80,42,26.4,80,80,0.02,6712,Medio,3.99,4.9,4.7,7.5,Medio,75
Lebanon,Middle East,Developing,2002,15.1,17.5,92.6345,Bajo,2.06,77,28,26.5,77,77,0.02,6625,Medio,4.18,4.8,4.7,7.5,Medio,75.5
Lebanon,Middle East,Developing,2003,14.1,16.4,88.761,Bajo,1.96,74,14,26.6,74,74,0.02,6517,Medio,4.39,4.8,4.7,7.5,Medio,76
Lebanon,Middle East,Developing,2004,13.1,15.2,84.8885,Bajo,1.87,75,24,26.7,74,75,0.03,6677,Medio,4.57,4.7,4.6,7.5,Medio,76.4
Lebanon,Middle East,Developing,2005,12.1,14.1,81.015,Bajo,1.73,77,34,26.7,74,77,0.03,6668,Medio,4.7,4.7,4.6,7.5,Medio,76.9
Lebanon,Middle East,Developing,2006,11.2,13,77.1425,Bajo,1.65,78,45,26.8,75,78,0.03,6684,Medio,4.76,4.7,4.6,7.6,Medio,77.3
Lebanon,Middle East,Developing,2007,10.4,12.1,73.269,Bajo,1.59,80,55,26.9,75,80,0.03,7295,Medio,4.77,4.7,4.6,7.8,Medio,77.6
Lebanon,Middle East,Developing,2008,9.8,11.4,71.4135,Bajo,1.57,81,65,27,75,81,0.03,7961,Medio,4.76,4.7,4.7,7.8,Medio,77.9
Lebanon,Middle East,Developing,2009,9.2,10.7,69.5575,Bajo,1.53,81,75,27,76,81,0.03,8687,Alto,4.81,4.7,4.7,7.9,Medio,78.2
Lebanon,Middle East,Developing,2010,8.7,10.2,67.7015,Bajo,1.37,81,73,27.1,77,81,0.03,9115,Alto,4.95,4.7,4.7,7.9,Medio,78.4
Lebanon,Middle East,Developing,2011,8.3,9.7,65.846,Bajo,1.3,81,70,27.2,79,81,0.03,8754,Alto,5.2,4.7,4.7,8,Medio,78.5
Lebanon,Middle East,Developing,2012,8,9.3,63.99,Bajo,1.24,81,68,27.3,80,81,0.04,8434,Medio,5.54,4.8,4.8,8.1,Medio,78.6
Lebanon,Middle East,Developing,2013,7.7,9,62.766,Bajo,1.18,81,65,27.4,81,81,0.04,8201,Medio,5.91,4.8,4.8,8.3,Medio,78.7
Lebanon,Middle East,Developing,2014,7.4,8.6,61.5415,Bajo,1.18,81,63,27.5,81,81,0.04,7938,Medio,6.26,4.8,4.9,8.4,Medio,78.7
Lebanon,Middle East,Developing,2015,7.1,8.3,60.3175,Bajo,1.15,81,63,27.5,81,81,0.04,7643,Medio,6.53,4.9,4.9,8.5,Medio,78.8
Lesotho,Africa,Developing,2000,70,106.9,568.77,Alto,3.09,79,48,24,82,83,18.69,715,Bajo,2.03,11.5,11.6,4.9,Bajo,47.7
Lesotho,Africa,Developing,2001,70.5,108.8,605.593,Alto,2.85,79,46,24.1,78,78,17.55,739,Bajo,2.04,11.1,11.1,5,Bajo,46.2
Lesotho,Africa,Developing,2002,71.2,110.7,642.4155,Alto,2.93,79,50,24.1,84,84,17.08,747,Bajo,2.03,10.6,10.6,5.1,Bajo,44.9
Lesotho,Africa,Developing,2003,72.2,112.7,629.815,Alto,1.97,79,47,24.2,90,90,16.46,785,Bajo,2.02,10.2,10.1,5.1,Bajo,43.8
Lesotho,Africa,Developing,2004,73,114.5,617.2135,Alto,1.78,60,56,24.3,89,90,16.29,804,Bajo,2.01,9.7,9.7,5.2,Bajo,43.1
Lesotho,Africa,Developing,2005,74,116.1,604.613,Alto,1.94,87,68,24.3,88,89,16.19,836,Bajo,2,9.3,9.2,5.3,Bajo,42.7
Lesotho,Africa,Developing,2006,74.5,116.5,592.0125,Alto,2.77,91,80,24.4,88,89,16.06,874,Bajo,1.99,8.8,8.7,5.4,Bajo,42.6
Lesotho,Africa,Developing,2007,73.8,114.3,579.412,Alto,2.85,90,80,24.5,87,88,15.31,912,Bajo,1.99,8.4,8.3,5.5,Bajo,42.9
Lesotho,Africa,Developing,2008,77.1,113,569.1065,Alto,2.91,88,80,24.5,86,88,14.53,962,Bajo,1.99,8,7.8,5.4,Bajo,43.4
Lesotho,Africa,Developing,2009,73.6,104.2,558.8015,Alto,2.92,91,81,24.6,89,91,13.42,948,Bajo,1.99,7.6,7.4,5.9,Bajo,44.1
Lesotho,Africa,Developing,2010,70.9,96.4,548.4965,Alto,2.75,93,81,24.7,92,93,12.44,996,Bajo,2,7.2,7,5.6,Bajo,45.1
Lesotho,Africa,Developing,2011,69,93.9,538.191,Alto,2.38,96,82,24.7,95,96,11.51,1037,Bajo,2,6.8,6.6,5.8,Bajo,46.2
Lesotho,Africa,Developing,2012,70.2,92.7,527.8865,Alto,2.47,95,82,24.8,93,95,11.57,1097,Bajo,2.01,6.4,6.2,5.9,Bajo,47.4
Lesotho,Africa,Developing,2013,71,92.6,523.0825,Alto,2.55,93,82,24.8,90,93,11.55,1109,Bajo,2.03,6.1,5.9,6,Bajo,48.7
Lesotho,Africa,Developing,2014,71.9,94.2,518.279,Alto,2.75,93,82,24.9,88,93,10.88,1120,Bajo,2.04,5.8,5.6,6.1,Bajo,49.9
Lesotho,Africa,Developing,2015,72.6,94.6,513.4755,Alto,3.07,93,82,24.9,85,93,10,1146,Bajo,2.06,5.5,5.3,6.1,Bajo,51
Liberia,Africa,Developing,2000,127.9,189.7,316.589,Alto,4.47,58,64,23,56,46,3.5,776,Bajo,2.85,9.2,9.2,3.5,Bajo,51.7
Liberia,Africa,Developing,2001,119.7,176.6,330.7235,Alto,4.42,58,64,23.1,54,42,3.5,770,Bajo,2.95,9,9,3.5,Bajo,52.2
Liberia,Africa,Developing,2002,111.9,163.7,344.857,Alto,4.29,58,64,23.2,51,39,3.5,780,Bajo,3.02,8.8,8.9,3.6,Bajo,52.8
Liberia,Africa,Developing,2003,104.3,151.3,332.2065,Alto,4.23,58,64,23.2,49,35,3.5,536,Bajo,3.08,8.7,8.7,3.7,Bajo,53.6
Liberia,Africa,Developing,2004,97.2,139.8,319.556,Alto,4.25,58,64,23.3,47,31,3.5,540,Bajo,3.14,8.5,8.5,3.7,Bajo,54.4
Liberia,Africa,Developing,2005,90.7,129.6,306.9055,Alto,4.2,58,64,23.4,66,60,3.5,554,Bajo,3.22,8.3,8.3,3.8,Bajo,55.4
Liberia,Africa,Developing,2006,85.3,121,294.2555,Alto,4.06,58,64,23.5,66,60,3.5,578,Bajo,3.33,8.1,8.1,3.8,Bajo,56.4
Liberia,Africa,Developing,2007,80.8,114,281.605,Alto,4.05,58,64,23.6,67,65,3.5,609,Bajo,3.46,7.9,7.8,3.9,Bajo,57.4
Liberia,Africa,Developing,2008,77.2,108.2,276.8845,Alto,3.9,64,64,23.7,79,75,3.5,626,Bajo,3.61,7.7,7.6,4,Bajo,58.2
Liberia,Africa,Developing,2009,74.2,103.6,272.1635,Alto,3.76,64,64,23.7,84,81,3.5,634,Bajo,3.75,7.6,7.4,4,Bajo,59
Liberia,Africa,Developing,2010,71.8,99.8,267.442,Alto,3.65,47,64,23.8,71,70,3.5,649,Bajo,3.89,7.4,7.2,4.1,Bajo,59.6
Liberia,Africa,Developing,2011,69.9,96.7,262.7215,Alto,3.73,77,64,23.9,77,77,3.5,680,Bajo,4.02,7.2,7,4.2,Bajo,60.1
Liberia,Africa,Developing,2012,68.3,94.2,258.0005,Alto,3.75,80,64,23.9,80,80,3.5,713,Bajo,4.14,7,6.9,4.3,Bajo,60.7
Liberia,Africa,Developing,2013,66.9,92,252.3375,Alto,3.74,76,64,24,80,76,3.5,754,Bajo,4.25,6.8,6.7,4.4,Bajo,61.2
Liberia,Africa,Developing,2014,66,92.1,246.675,Alto,3.02,63,64,24,62,50,3.5,740,Bajo,4.36,6.7,6.5,4.4,Bajo,61.7
Liberia,Africa,Developing,2015,64.4,88.3,241.0125,Alto,3.18,52,64,24,65,52,3.5,722,Bajo,4.47,6.5,6.4,4.4,Bajo,62.3
Libya,Africa,Developing,2000,24.1,28.1,144.2975,Medio,0.012,92,86,26.9,94,94,0.05,10747,Alto,5.36,5.7,5.5,5.6,Bajo,70.9
Libya,Africa,Developing,2001,23.4,27.3,143.011,Medio,0.002,93,81,26.9,94,94,0.05,10392,Alto,5.44,5.6,5.5,5.8,Bajo,71
Libya,Africa,Developing,2002,22.7,26.5,141.7245,Medio,0.002,91,86,27,93,93,0.06,10129,Alto,5.53,5.6,5.4,5.9,Bajo,71.2
Libya,Africa,Developing,2003,21.9,25.5,139.5715,Medio,0.012,96,90,27.1,95,95,0.06,11265,Alto,5.62,5.6,5.4,6.1,Bajo,71.5
Libya,Africa,Developing,2004,21,24.4,137.419,Medio,0.012,99,95,27.1,97,97,0.07,11583,Alto,5.71,5.5,5.4,6.3,Medio,71.7
Libya,Africa,Developing,2005,19.8,23.1,135.266,Medio,0.005,97,95,27.2,98,98,0.08,12760,Alto,5.8,5.5,5.4,6.4,Medio,71.9
Libya,Africa,Developing,2006,18.6,21.7,133.113,Medio,0.011,98,96,27.3,98,98,0.08,13386,Alto,5.89,5.5,5.4,6.6,Medio,72.1
Libya,Africa,Developing,2007,17.3,20.2,130.9605,Medio,0.007,98,97,27.4,98,98,0.09,14010,Alto,5.97,5.5,5.4,6.8,Medio,72.2
Libya,Africa,Developing,2008,16.1,18.8,132.4335,Medio,0.011,98,97,27.4,98,98,0.09,13794,Alto,6.06,5.5,5.4,7,Medio,72.2
Libya,Africa,Developing,2009,15.1,17.6,133.9065,Medio,0.014,98,97,27.5,98,98,0.09,13025,Alto,6.13,5.6,5.4,7.1,Medio,72.1
Libya,Africa,Developing,2010,14.2,16.6,135.3795,Medio,0,98,97,27.6,98,98,0.09,13539,Alto,6.2,5.6,5.4,7.3,Medio,72
Libya,Africa,Developing,2011,14.9,19.4,136.8525,Medio,0.01,98,97,27.7,98,98,0.09,6670,Medio,6.25,5.6,5.4,7.3,Medio,72
Libya,Africa,Developing,2012,12.9,15,138.3255,Medio,0.01,98,97,27.7,98,98,0.09,12386,Alto,6.29,5.6,5.4,7.3,Medio,71.9
Libya,Africa,Developing,2013,12.3,14.4,137.147,Medio,0.01,96,95,27.8,96,96,0.08,10101,Alto,6.32,5.7,5.5,7.3,Medio,71.9
Libya,Africa,Developing,2014,11.8,13.8,135.968,Medio,0.01,94,92,27.9,94,94,0.08,7723,Medio,6.36,5.7,5.5,7.3,Medio,72
Libya,Africa,Developing,2015,11.4,13.3,134.7895,Medio,0.01,97,97,28,97,97,0.08,7590,Medio,6.42,5.8,5.5,7.3,Medio,72.1
Lithuania,European Union,Developed,2000,8.6,10.7,197.9555,Medio,9.87,98,97,26,92,94,0.04,6423,Medio,3.5,3.4,3.4,10.7,Alto,72
Lithuania,European Union,Developed,2001,8.2,10.3,210.133,Medio,10.2,95,96,26,97,95,0.12,6899,Medio,3.47,3.3,3.3,10.9,Alto,71.7
Lithuania,European Union,Developed,2002,7.9,9.9,204.012,Medio,11,94,95,26.1,97,95,0.05,7424,Medio,3.44,3.3,3.3,11.1,Alto,71.8
Lithuania,European Union,Developed,2003,7.6,9.5,205.7495,Medio,11.29,95,93,26.1,91,94,0.05,8276,Medio,3.42,3.2,3.2,11.3,Alto,72.1
Lithuania,European Union,Developed,2004,7.4,9.3,205.9795,Medio,12.1,94,93,26.1,90,94,0.06,8919,Alto,3.38,3.1,3.1,11.5,Alto,72
Lithuania,European Union,Developed,2005,7.3,9,222.069,Alto,12.42,95,95,26.2,93,94,0.06,9766,Alto,3.32,3,3.1,11.8,Alto,71.3
Lithuania,European Union,Developed,2006,6.9,8.6,229.4005,Alto,13.34,95,94,26.2,94,94,0.07,10659,Alto,3.27,3,3,12,Alto,71.1
Lithuania,European Union,Developed,2007,6.5,8,237.8385,Alto,13.79,96,96,26.2,95,95,0.07,11985,Alto,3.23,2.9,3,12.1,Alto,70.9
Lithuania,European Union,Developed,2008,5.9,7.3,222.743,Alto,13.79,96,96,26.3,96,96,0.08,12425,Alto,3.2,2.9,2.9,12.2,Alto,71.8
Lithuania,European Union,Developed,2009,5.4,6.7,193.3095,Medio,12.97,95,94,26.3,98,98,0.08,10700,Alto,3.16,2.8,2.9,11.5,Alto,72.9
Lithuania,European Union,Developed,2010,4.9,6,191.1515,Medio,13.22,94,95,26.3,95,95,0.08,11107,Alto,3.1,2.8,2.8,11.6,Alto,73.3
Lithuania,European Union,Developed,2011,4.5,5.5,184.524,Medio,14.76,95,94,26.3,92,92,0.09,12047,Alto,3.03,2.7,2.8,11.8,Alto,73.6
Lithuania,European Union,Developed,2012,4.2,5.2,179.772,Medio,14.97,93,93,26.4,93,93,0.09,12679,Alto,2.99,2.7,2.7,11.7,Alto,73.9
Lithuania,European Union,Developed,2013,4.1,5,178.7025,Medio,14.92,93,92,26.4,93,93,0.09,13262,Alto,2.96,2.7,2.7,11.9,Alto,73.9
Lithuania,European Union,Developed,2014,4,4.9,167.375,Medio,14.9,94,92,26.4,93,93,0.09,13850,Alto,2.93,2.6,2.7,13,Alto,74.5
Lithuania,European Union,Developed,2015,4,4.9,165.233,Medio,14.2,94,92,26.4,93,93,0.09,14264,Alto,2.9,2.6,2.6,13,Alto,74.3
Luxembourg,European Union,Developed,2000,3.7,4.5,100.072,Bajo,13.21,77,86,25.6,99,99,0.06,92528,Alto,0.44,1,1,10.3,Alto,77.9
Luxembourg,European Union,Developed,2001,3.5,4.2,94.658,Bajo,13.1,86,86,25.6,99,99,0.06,94244,Alto,0.44,1,1,10.5,Alto,77.8
Luxembourg,European Union,Developed,2002,3.3,4,98.426,Bajo,12.88,95,86,25.7,99,99,0.07,96270,Alto,0.45,1,0.9,10.7,Alto,78
Luxembourg,European Union,Developed,2003,3.1,3.8,87.4675,Bajo,12.52,95,86,25.7,99,98,0.07,97598,Alto,0.45,1,0.9,10.9,Alto,77.7
Luxembourg,European Union,Developed,2004,2.9,3.5,86.0865,Bajo,12.34,94,86,25.8,99,99,0.07,100293,Alto,0.46,1,0.9,11.1,Alto,79.1
Luxembourg,European Union,Developed,2005,2.8,3.4,79.786,Bajo,12.31,95,86,25.9,99,99,0.08,101222,Alto,0.47,1,0.9,11.3,Alto,79.4
Luxembourg,European Union,Developed,2006,2.6,3.2,87.8075,Bajo,12.5,95,86,25.9,99,99,0.08,105614,Alto,0.47,0.9,0.9,11.5,Alto,79.3
Luxembourg,European Union,Developed,2007,2.5,3.1,78.1125,Bajo,12.27,87,86,26,96,99,0.09,112418,Alto,0.48,0.9,0.9,11.7,Alto,79.4
Luxembourg,European Union,Developed,2008,2.4,3,71.6035,Bajo,11.99,94,86,26,96,99,0.09,110095,Alto,0.49,0.9,0.9,11.7,Alto,80.5
Luxembourg,European Union,Developed,2009,2.4,2.9,73.2125,Bajo,11.98,95,86,26.1,96,99,0.09,104574,Alto,0.5,0.9,0.9,11.8,Alto,80.6
Luxembourg,European Union,Developed,2010,2.3,2.8,74.016,Bajo,11.84,94,86,26.1,96,99,0.1,106544,Alto,0.51,0.9,0.9,11.8,Alto,80.6
Luxembourg,European Union,Developed,2011,2.3,2.8,66.33,Bajo,11.74,95,86,26.1,96,99,0.1,105290,Alto,0.52,0.9,0.9,11.8,Alto,81
Luxembourg,European Union,Developed,2012,2.3,2.8,68.2955,Bajo,11.67,94,86,26.2,99,99,0.1,104488,Alto,0.53,0.9,0.9,11.8,Alto,81.4
Luxembourg,European Union,Developed,2013,2.3,2.8,66.6085,Bajo,11.25,94,86,26.2,99,99,0.1,105339,Alto,0.54,0.9,0.9,11.8,Alto,81.8
Luxembourg,European Union,Developed,2014,2.3,2.8,58.7975,Bajo,11.42,94,86,26.2,99,99,0.1,105584,Alto,0.56,1,0.9,12,Alto,82.2
Luxembourg,European Union,Developed,2015,2.3,2.8,54.393,Bajo,11.37,94,86,26.3,99,99,0.1,105462,Alto,0.57,1,0.9,12,Alto,82.3
Madagascar,Africa,Developing,2000,67.5,105.4,280.972,Alto,1.17,61,64,20.6,58,57,0.02,488,Bajo,15.77,8.7,8.6,5.2,Bajo,58.5
Madagascar,Africa,Developing,2001,64.9,100.8,276.098,Alto,1.05,61,64,20.7,60,60,0.03,501,Bajo,16.26,8.6,8.5,5.2,Bajo,59.1
Madagascar,Africa,Developing,2002,62.5,96.5,271.224,Alto,0.8,51,64,20.7,61,62,0.04,426,Bajo,16.77,8.5,8.4,5.3,Bajo,59.7
Madagascar,Africa,Developing,2003,60.2,92.4,268.6985,Alto,0.83,61,64,20.8,65,66,0.04,453,Bajo,17.28,8.3,8.3,5.4,Bajo,60.3
Madagascar,Africa,Developing,2004,58,88.5,266.172,Alto,0.8,71,64,20.8,74,78,0.05,463,Bajo,17.8,8.2,8.1,5.5,Bajo,60.8
Madagascar,Africa,Developing,2005,55.9,84.8,263.646,Alto,0.74,81,64,20.9,80,85,0.06,471,Bajo,18.34,8.1,8,5.6,Bajo,61.2
Madagascar,Africa,Developing,2006,53.9,81.3,261.1205,Alto,0.59,82,64,20.9,83,85,0.08,482,Bajo,18.88,8,7.9,5.7,Bajo,61.7
Madagascar,Africa,Developing,2007,52,77.9,258.5945,Alto,0.64,84,64,20.9,83,84,0.09,495,Bajo,19.43,7.9,7.8,5.8,Bajo,62.1
Madagascar,Africa,Developing,2008,50.3,74.8,253.3645,Alto,0.61,77,64,21,77,77,0.1,514,Bajo,20,7.8,7.7,5.9,Bajo,62.5
Madagascar,Africa,Developing,2009,48.6,72,248.135,Alto,0.83,77,64,21,76,77,0.12,480,Bajo,20.57,7.7,7.6,5.9,Bajo,62.9
Madagascar,Africa,Developing,2010,47.1,69.3,242.9055,Alto,0.96,70,64,21.1,70,70,0.14,469,Bajo,21.15,7.6,7.5,6,Bajo,63.4
Madagascar,Africa,Developing,2011,45.8,67,237.6755,Alto,0.89,73,64,21.1,73,73,0.15,464,Bajo,21.74,7.5,7.4,6.1,Bajo,63.8
Madagascar,Africa,Developing,2012,44.6,64.8,232.446,Alto,0.85,68,64,21.1,71,70,0.18,465,Bajo,22.35,7.4,7.3,6.1,Bajo,64.3
Madagascar,Africa,Developing,2013,43.4,62.7,227.7835,Alto,0.85,74,64,21.2,72,74,0.2,463,Bajo,22.96,7.3,7.2,6.1,Bajo,64.7
Madagascar,Africa,Developing,2014,42.3,60.8,223.12,Alto,0.87,73,64,21.2,71,73,0.22,465,Bajo,23.59,7.2,7.1,6.1,Bajo,65.1
Madagascar,Africa,Developing,2015,41.3,59,218.4575,Alto,0.86,69,64,21.3,68,69,0.24,467,Bajo,24.23,7.1,7.1,6.1,Bajo,65.5
Malawi,Africa,Developing,2000,100.5,174.6,570.551,Alto,1.36,79,64,21.7,73,75,9.54,294,Bajo,11.15,8,7.9,3,Bajo,45.1
Malawi,Africa,Developing,2001,92.9,160.5,581.009,Alto,1.3,79,64,21.8,86,90,8.8,273,Bajo,11.43,7.9,7.7,3.1,Bajo,45.2
Malawi,Africa,Developing,2002,84.6,145.5,591.4675,Alto,1.25,64,64,21.9,79,64,8.06,271,Bajo,11.71,7.7,7.6,3.2,Bajo,45.5
Malawi,Africa,Developing,2003,76.8,131.6,570.632,Alto,1.22,84,64,22,85,84,7.52,279,Bajo,12,7.6,7.5,3.3,Bajo,46.1
Malawi,Africa,Developing,2004,70.1,119.7,549.7965,Alto,1.25,89,64,22.1,94,89,6.97,287,Bajo,12.3,7.5,7.4,3.3,Bajo,46.8
Malawi,Africa,Developing,2005,65,110.5,528.961,Alto,1.45,93,64,22.1,94,93,6.42,289,Bajo,12.63,7.4,7.2,3.4,Bajo,47.8
Malawi,Africa,Developing,2006,61.6,104.2,508.1255,Alto,1.94,99,64,22.2,99,99,5.99,295,Bajo,12.97,7.3,7.1,3.6,Bajo,49.1
Malawi,Africa,Developing,2007,59.6,99.9,487.29,Alto,1.93,87,64,22.3,88,87,5.58,314,Bajo,13.34,7.1,7,3.8,Bajo,50.6
Malawi,Africa,Developing,2008,56.5,94.5,454.9405,Alto,1.9,91,64,22.4,92,91,4.96,328,Bajo,13.73,7,6.9,3.9,Bajo,52.2
Malawi,Africa,Developing,2009,54.5,89.4,422.591,Alto,1.73,93,64,22.4,93,93,4.66,346,Bajo,14.13,6.9,6.8,4.1,Bajo,53.9
Malawi,Africa,Developing,2010,52.4,84.2,390.2415,Alto,1.69,93,64,22.5,86,93,4.4,359,Bajo,14.54,6.8,6.7,4.3,Bajo,55.6
Malawi,Africa,Developing,2011,48.8,77.6,357.892,Alto,1.88,97,64,22.6,97,97,4,366,Bajo,14.96,6.7,6.6,4.3,Bajo,57.2
Malawi,Africa,Developing,2012,45.6,70.7,325.5425,Alto,1.87,96,64,22.6,95,96,3.69,362,Bajo,15.4,6.6,6.5,4.3,Bajo,58.6
Malawi,Africa,Developing,2013,42.2,63.4,315.314,Alto,2.02,89,64,22.7,89,89,3.32,370,Bajo,15.84,6.5,6.4,4.4,Bajo,59.9
Malawi,Africa,Developing,2014,39.2,57.6,305.0855,Alto,2.01,91,64,22.8,87,91,2.95,381,Bajo,16.29,6.5,6.3,4.4,Bajo,61
Malawi,Africa,Developing,2015,36.7,53.3,294.858,Alto,2.04,88,64,22.8,88,88,2.59,381,Bajo,16.75,6.4,6.2,4.4,Bajo,62
Malaysia,Asia,Developing,2000,8.7,10.2,135.1495,Medio,0.56,97,91,23.8,98,98,0.26,6393,Medio,23.19,9.8,9.6,8.6,Medio,72.6
Malaysia,Asia,Developing,2001,8.1,9.4,132.819,Medio,0.52,95,91,24,95,96,0.27,6286,Medio,23.71,9.7,9.4,8.4,Medio,72.8
Malaysia,Asia,Developing,2002,7.6,8.9,130.4885,Medio,0.52,95,91,24.1,94,94,0.25,6488,Medio,24.21,9.5,9.3,8.2,Medio,73
Malaysia,Asia,Developing,2003,7.3,8.5,130.2105,Medio,0.51,95,91,24.2,96,96,0.24,6728,Medio,24.7,9.3,9.1,8,Medio,73.2
Malaysia,Asia,Developing,2004,7.1,8.3,129.9325,Medio,0.51,94,91,24.3,95,95,0.22,7044,Medio,25.19,9.2,8.9,7.8,Medio,73.4
Malaysia,Asia,Developing,2005,7,8.2,129.6545,Medio,0.49,96,91,24.5,96,96,0.21,7275,Medio,25.69,9,8.8,7.6,Medio,73.6
Malaysia,Asia,Developing,2006,7,8.1,129.376,Medio,0.45,95,90,24.6,95,95,0.2,7531,Medio,26.2,8.8,8.6,8.2,Medio,73.7
Malaysia,Asia,Developing,2007,6.9,8.1,129.098,Medio,0.46,96,92,24.7,97,97,0.19,7850,Medio,26.72,8.7,8.5,8.8,Medio,73.9
Malaysia,Asia,Developing,2008,6.9,8.1,128.5065,Bajo,0.5,97,93,24.8,97,97,0.18,8074,Medio,27.24,8.5,8.3,9.4,Medio,74.1
Malaysia,Asia,Developing,2009,6.9,8.1,127.9145,Bajo,0.5,96,95,24.9,97,97,0.18,7809,Medio,27.74,8.3,8.2,9.6,Alto,74.3
Malaysia,Asia,Developing,2010,6.9,8.1,127.3235,Bajo,0.52,96,95,25,96,96,0.17,8248,Medio,28.21,8.2,8,9.8,Alto,74.5
Malaysia,Asia,Developing,2011,6.8,8,126.7315,Bajo,0.54,96,95,25.1,96,96,0.16,8550,Alto,28.65,8,7.8,10.1,Alto,74.7
Malaysia,Asia,Developing,2012,6.8,8,126.1405,Bajo,0.55,97,99,25.3,97,97,0.16,8889,Alto,29.07,7.9,7.7,10.1,Alto,74.9
Malaysia,Asia,Developing,2013,6.8,8,124.668,Bajo,0.55,96,99,25.4,97,97,0.15,9179,Alto,29.47,7.8,7.6,10.1,Alto,75.1
Malaysia,Asia,Developing,2014,6.8,8,123.1955,Bajo,0.54,96,99,25.5,97,97,0.15,9601,Alto,29.87,7.6,7.4,10.1,Alto,75.3
Malaysia,Asia,Developing,2015,6.9,8.1,121.723,Bajo,0.55,99,99,25.6,99,99,0.14,9955,Alto,30.27,7.5,7.3,10.2,Alto,75.5
Maldives,Asia,Developing,2000,31.7,39,130.99,Medio,1.99,96,70,23.1,98,98,0.17,6982,Medio,0.28,14.8,14.8,3,Bajo,70.2
Maldives,Asia,Developing,2001,28.5,34.6,124.3175,Bajo,1.74,98,69,23.3,97,98,0.17,6544,Medio,0.29,14.7,14.8,3.1,Bajo,71
Maldives,Asia,Developing,2002,25.5,30.7,117.6445,Bajo,1.82,98,69,23.4,98,98,0.17,6832,Medio,0.29,14.6,14.7,3.2,Bajo,71.7
Maldives,Asia,Developing,2003,22.8,27.1,109.936,Bajo,1.95,98,71,23.5,98,98,0.17,7553,Medio,0.3,14.6,14.7,3.3,Bajo,72.4
Maldives,Asia,Developing,2004,21.4,26.9,102.2275,Bajo,1.67,97,67,23.7,96,96,0.17,7788,Medio,0.31,14.5,14.6,3.4,Bajo,73
Maldives,Asia,Developing,2005,18.3,21.5,94.5185,Bajo,1.23,98,69,23.8,98,98,0.17,6589,Medio,0.32,14.4,14.5,3.5,Bajo,73.6
Maldives,Asia,Developing,2006,16.5,19.3,86.81,Bajo,1.41,98,76,24,98,98,0.17,8110,Medio,0.33,14.3,14.5,3.6,Bajo,74.1
Maldives,Asia,Developing,2007,15.1,17.6,79.101,Bajo,1.51,98,56,24.1,98,98,0.17,8535,Alto,0.34,14.3,14.4,3.9,Bajo,74.6
Maldives,Asia,Developing,2008,13.8,16.1,78.1485,Bajo,1.52,98,76,24.2,98,98,0.17,9119,Alto,0.34,14.2,14.3,4.3,Bajo,75.1
Maldives,Asia,Developing,2009,12.8,14.9,77.1955,Bajo,1.41,98,96,24.4,98,98,0.17,8222,Medio,0.35,14.1,14.2,4.7,Bajo,75.5
Maldives,Asia,Developing,2010,11.9,13.9,76.243,Bajo,1.58,97,96,24.6,97,96,0.17,8522,Alto,0.37,14,14.1,4.9,Bajo,75.9
Maldives,Asia,Developing,2011,11.1,12.9,75.29,Bajo,1.69,96,96,24.7,96,96,0.17,8893,Alto,0.38,13.9,14,5.2,Bajo,76.3
Maldives,Asia,Developing,2012,10.4,12.1,74.337,Bajo,1.23,99,99,24.9,99,99,0.17,8733,Alto,0.4,13.8,13.9,5.5,Bajo,76.7
Maldives,Asia,Developing,2013,9.7,11.3,72.3455,Bajo,1.16,99,99,25,99,99,0.17,8955,Alto,0.42,13.7,13.8,5.7,Bajo,77
Maldives,Asia,Developing,2014,9.1,10.5,70.354,Bajo,1.3,99,97,25.2,99,99,0.17,9182,Alto,0.44,13.6,13.7,6.2,Medio,77.4
Maldives,Asia,Developing,2015,8.4,9.8,68.362,Bajo,1.26,99,99,25.3,99,99,0.17,9033,Alto,0.45,13.6,13.6,6.3,Medio,77.7
Mali,Africa,Developing,2000,101.5,187.4,328.1605,Alto,0.58,78,64,21.5,53,43,1.07,572,Bajo,10.95,11,10.9,1.2,Bajo,48.1
Mali,Africa,Developing,2001,98.8,181.1,323.509,Alto,0.6,78,64,21.6,56,49,0.99,641,Bajo,11.27,10.8,10.7,1.3,Bajo,48.8
Mali,Africa,Developing,2002,96.1,174.7,318.8575,Alto,0.61,78,64,21.8,65,61,0.92,641,Bajo,11.62,10.5,10.5,1.4,Bajo,49.5
Mali,Africa,Developing,2003,93.3,168.3,313.3725,Alto,0.56,79,64,21.9,67,63,0.86,678,Bajo,11.98,10.3,10.2,1.5,Bajo,50.4
Mali,Africa,Developing,2004,90.7,162.2,307.8875,Alto,0.55,73,64,22,70,69,0.81,667,Bajo,12.37,10.1,10,1.6,Bajo,51.2
Mali,Africa,Developing,2005,88.1,156.4,302.4025,Alto,0.55,83,64,22.1,78,77,0.76,688,Bajo,12.78,9.9,9.7,1.7,Bajo,52.1
Mali,Africa,Developing,2006,85.7,150.8,296.9175,Alto,0.55,90,64,22.2,79,78,0.72,697,Bajo,13.2,9.7,9.5,1.7,Bajo,52.8
Mali,Africa,Developing,2007,83.3,145.4,291.4325,Alto,0.56,74,64,22.3,76,74,0.65,697,Bajo,13.65,9.4,9.3,1.8,Bajo,53.6
Mali,Africa,Developing,2008,81.1,140.2,289.566,Alto,0.58,74,64,22.4,74,74,0.62,707,Bajo,14.11,9.2,9,1.9,Bajo,54.2
Mali,Africa,Developing,2009,78.8,135.1,287.6995,Alto,0.57,71,64,22.5,77,73,0.56,717,Bajo,14.58,9,8.8,1.9,Bajo,54.8
Mali,Africa,Developing,2010,76.7,130.3,285.833,Alto,0.6,72,64,22.6,77,73,0.52,732,Bajo,15.05,8.8,8.5,2,Bajo,55.3
Mali,Africa,Developing,2011,74.6,125.6,283.9665,Alto,0.62,66,64,22.6,72,66,0.46,732,Bajo,15.51,8.5,8.3,2,Bajo,55.7
Mali,Africa,Developing,2012,72.6,121,282.1,Alto,0.61,66,64,22.7,65,66,0.42,705,Bajo,15.98,8.3,8.1,2.1,Bajo,56.1
Mali,Africa,Developing,2013,70.6,116.6,277.2635,Alto,0.58,69,64,22.8,57,69,0.44,701,Bajo,16.45,8.1,7.9,2.2,Bajo,56.6
Mali,Africa,Developing,2014,68.7,112.4,272.427,Alto,0.61,73,64,22.9,62,73,0.42,729,Bajo,16.93,7.9,7.7,2.3,Bajo,57
Mali,Africa,Developing,2015,66.8,108.3,267.5905,Alto,0.62,64,64,22.9,67,64,0.39,751,Bajo,17.44,7.7,7.5,2.3,Bajo,57.5
Malta,European Union,Developed,2000,6.9,7.8,64.045,Bajo,5.94,86,52,26.9,94,94,0.08,17189,Alto,0.39,0.8,0.7,8.1,Medio,78.3
Malta,European Union,Developed,2001,6.6,7.5,62.98,Bajo,5.99,86,47,26.9,95,95,0.08,16860,Alto,0.39,0.7,0.7,8.2,Medio,78.8
Malta,European Union,Developed,2002,6.5,7.3,61.9155,Bajo,6.12,86,50,27,95,95,0.08,17165,Alto,0.4,0.7,0.7,8.3,Medio,78.7
Malta,European Union,Developed,2003,6.3,7.2,61.136,Bajo,6.54,89,59,27,94,94,0.08,17747,Alto,0.4,0.7,0.7,8.5,Medio,78.5
Malta,European Union,Developed,2004,6.2,7.1,60.357,Bajo,6.61,85,31,27,89,89,0.08,17653,Alto,0.4,0.7,0.7,8.6,Medio,79.3
Malta,European Union,Developed,2005,6.1,7,59.577,Bajo,6.14,85,60,27.1,94,92,0.08,18134,Alto,0.4,0.7,0.7,9.8,Alto,79.3
Malta,European Union,Developed,2006,6,6.9,58.798,Bajo,8.25,86,86,27.1,83,85,0.08,18522,Alto,0.41,0.7,0.7,9.8,Alto,79.4
Malta,European Union,Developed,2007,6,6.8,58.0185,Bajo,7.47,82,77,27.1,76,74,0.08,19338,Alto,0.41,0.7,0.7,9.9,Alto,79.8
Malta,European Union,Developed,2008,5.9,6.8,57.259,Bajo,6.87,86,83,27.1,72,72,0.08,19948,Alto,0.41,0.7,0.7,10,Alto,79.6
Malta,European Union,Developed,2009,5.9,6.7,56.4985,Bajo,7.1,86,85,27.1,73,73,0.08,19574,Alto,0.41,0.8,0.7,10.2,Alto,80.2
Malta,European Union,Developed,2010,5.8,6.7,55.7385,Bajo,6.99,75,85,27.1,76,76,0.08,20558,Alto,0.41,0.8,0.7,10.3,Alto,81.4
Malta,European Union,Developed,2011,5.8,6.6,54.9785,Bajo,6.89,82,85,27.1,96,96,0.08,20566,Alto,0.42,0.8,0.7,10.5,Alto,80.7
Malta,European Union,Developed,2012,5.8,6.6,54.218,Bajo,7.18,93,91,27.1,99,99,0.08,21222,Alto,0.42,0.8,0.7,10.8,Alto,80.7
Malta,European Union,Developed,2013,5.8,6.6,53.4165,Bajo,7.32,94,88,27.1,99,99,0.08,22071,Alto,0.43,0.8,0.7,11,Alto,81.7
Malta,European Union,Developed,2014,5.8,6.6,52.6155,Bajo,7.14,90,94,27.1,99,99,0.08,23286,Alto,0.43,0.8,0.8,11.1,Alto,82
Malta,European Union,Developed,2015,5.7,6.6,51.8135,Bajo,7.37,95,91,27.1,97,97,0.08,24922,Alto,0.45,0.8,0.8,11.2,Alto,81.9
Mauritania,Africa,Developing,2000,69.1,112.5,229.9,Alto,0.03,61,64,23.7,58,51,0.48,1296,Bajo,2.63,10.9,10.7,3,Bajo,60.7
Mauritania,Africa,Developing,2001,68.9,112.1,228.7,Alto,0.012,61,64,23.8,75,75,0.47,1252,Bajo,2.7,10.7,10.5,3,Bajo,60.8
Mauritania,Africa,Developing,2002,68.6,111.5,227.5,Alto,0.012,61,64,23.9,91,89,0.45,1234,Bajo,2.78,10.5,10.3,3.1,Bajo,60.9
Mauritania,Africa,Developing,2003,68.3,110.8,225.6,Alto,0.004,61,64,24,75,76,0.42,1283,Bajo,2.86,10.3,10.1,3.2,Bajo,61
Mauritania,Africa,Developing,2004,67.8,109.7,223.7,Alto,0.014,61,64,24.1,68,70,0.4,1307,Bajo,2.94,10,9.8,3.3,Bajo,61.2
Mauritania,Africa,Developing,2005,67,108.1,221.8,Alto,0.014,42,64,24.2,71,71,0.37,1379,Bajo,3.02,9.8,9.6,3.4,Bajo,61.3
Mauritania,Africa,Developing,2006,66.1,106.1,219.9,Alto,0.011,68,64,24.3,68,68,0.32,1585,Bajo,3.11,9.6,9.4,3.4,Bajo,61.6
Mauritania,Africa,Developing,2007,65,103.7,218,Alto,0.022,74,64,24.4,75,75,0.28,1510,Bajo,3.2,9.4,9.1,3.5,Bajo,61.8
Mauritania,Africa,Developing,2008,63.8,101.1,216,Alto,0.018,74,64,24.4,73,74,0.24,1462,Bajo,3.3,9.2,8.9,3.6,Bajo,62
Mauritania,Africa,Developing,2009,62.5,98.4,214,Alto,0.004,64,64,24.5,63,64,0.21,1422,Bajo,3.39,8.9,8.7,3.7,Bajo,62.3
Mauritania,Africa,Developing,2010,61.2,95.6,212,Alto,0,64,64,24.6,52,64,0.19,1417,Bajo,3.49,8.7,8.5,3.8,Bajo,62.5
Mauritania,Africa,Developing,2011,60,93,210,Medio,0,75,64,24.6,73,75,0.18,1433,Bajo,3.6,8.5,8.3,3.9,Bajo,62.8
Mauritania,Africa,Developing,2012,58.8,90.5,208,Medio,0,80,64,24.7,80,80,0.17,1454,Bajo,3.71,8.3,8.1,4,Bajo,63.1
Mauritania,Africa,Developing,2013,57.5,87.7,206.528,Medio,0,80,64,24.8,80,80,0.16,1470,Bajo,3.82,8.1,7.9,4.1,Bajo,63.4
Mauritania,Africa,Developing,2014,56.2,85.1,205.0555,Medio,0,84,64,24.8,81,84,0.14,1489,Bajo,3.93,8,7.7,4.3,Bajo,63.7
Mauritania,Africa,Developing,2015,55,82.7,203.5835,Medio,0,73,64,24.9,67,73,0.15,1524,Bajo,4.05,7.8,7.5,4.3,Bajo,63.9
Mauritius,Africa,Developing,2000,16.6,18.8,172.883,Medio,4.58,88,80,24.5,88,88,1.21,5534,Medio,1.19,8.1,8.1,6.2,Medio,71.7
Mauritius,Africa,Developing,2001,15.3,17.5,169.8725,Medio,4.31,92,80,24.5,93,92,1.21,5674,Medio,1.2,8,8,6.4,Medio,71.8
Mauritius,Africa,Developing,2002,14.4,16.6,166.862,Medio,3.91,88,80,24.6,88,88,1.2,5726,Medio,1.2,7.9,7.9,6.6,Medio,72
Mauritius,Africa,Developing,2003,13.8,16,164.979,Medio,4.02,97,81,24.7,99,99,1.16,6022,Medio,1.21,7.9,7.8,6.8,Medio,72.1
Mauritius,Africa,Developing,2004,13.5,15.8,163.0965,Medio,4.1,98,80,24.7,98,98,1.11,6243,Medio,1.22,7.8,7.7,7,Medio,72.3
Mauritius,Africa,Developing,2005,13.4,15.6,161.214,Medio,3.83,97,78,24.8,97,97,1.08,6316,Medio,1.23,7.7,7.6,7.2,Medio,72.4
Mauritius,Africa,Developing,2006,13.2,15.5,159.331,Medio,3.72,97,85,24.8,98,97,1.05,6593,Medio,1.23,7.6,7.5,7.4,Medio,72.4
Mauritius,Africa,Developing,2007,13,15.2,157.4485,Medio,3.23,97,80,24.9,96,97,1.05,6939,Medio,1.24,7.5,7.4,7.6,Medio,72.6
Mauritius,Africa,Developing,2008,12.7,14.9,155.438,Medio,2.47,99,83,24.9,99,99,1.05,7286,Medio,1.24,7.4,7.3,7.8,Medio,72.6
Mauritius,Africa,Developing,2009,12.5,14.6,153.4275,Medio,2.8,99,85,24.9,99,99,1.04,7508,Medio,1.25,7.3,7.3,8,Medio,72.9
Mauritius,Africa,Developing,2010,12.5,14.5,151.4165,Medio,3.15,99,90,25,99,99,1.01,7818,Medio,1.25,7.2,7.2,8.2,Medio,73
Mauritius,Africa,Developing,2011,12.6,14.6,149.406,Medio,3.36,98,89,25,98,98,0.97,8124,Medio,1.25,7.1,7.1,8.5,Medio,73.3
Mauritius,Africa,Developing,2012,13,14.9,147.395,Medio,3.17,98,90,25.1,98,98,0.89,8384,Medio,1.26,7.1,7,8.6,Medio,73.9
Mauritius,Africa,Developing,2013,13.1,15,146.3845,Medio,3.17,98,85,25.1,98,98,0.81,8647,Alto,1.26,7,7,8.9,Medio,74
Mauritius,Africa,Developing,2014,12.9,14.8,145.373,Medio,3.06,97,85,25.2,98,97,0.76,8955,Alto,1.26,7,6.9,9.1,Medio,74.2
Mauritius,Africa,Developing,2015,12.8,14.5,144.3615,Medio,2.83,97,96,25.2,98,97,0.7,9260,Alto,1.26,6.9,6.8,9.1,Medio,74.4
Mexico,North America,Developing,2000,23.8,28.4,129.6625,Medio,5.16,97,98,26.7,97,97,0.15,8862,Alto,98.9,2,1.9,6.7,Medio,74.3
Mexico,North America,Developing,2001,22.8,27.1,127.9115,Bajo,5.02,97,99,26.8,97,97,0.15,8703,Alto,100.3,1.9,1.9,6.8,Medio,74.7
Mexico,North America,Developing,2002,21.9,26,126.16,Bajo,4.92,97,89,26.9,98,97,0.15,8581,Alto,101.68,1.9,1.8,7,Medio,74.9
Mexico,North America,Developing,2003,21,24.9,125.2595,Bajo,5.01,98,96,27,98,98,0.15,8587,Alto,103.08,1.9,1.8,7.1,Medio,75.1
Mexico,North America,Developing,2004,20.2,23.9,124.359,Bajo,5,98,97,27.1,98,98,0.15,8801,Alto,104.51,1.8,1.8,7.4,Medio,75.2
Mexico,North America,Developing,2005,19.5,22.9,123.4585,Bajo,5.03,98,97,27.2,98,98,0.15,8878,Alto,106.01,1.8,1.7,7.6,Medio,75.3
Mexico,North America,Developing,2006,18.8,22.1,122.558,Bajo,5.2,98,91,27.2,98,98,0.16,9143,Alto,107.56,1.8,1.7,8,Medio,75.3
Mexico,North America,Developing,2007,18.2,21.3,121.657,Bajo,4.24,98,85,27.3,98,98,0.15,9214,Alto,109.17,1.7,1.7,8,Medio,75.3
Mexico,North America,Developing,2008,17.6,20.6,120.3315,Bajo,4.27,97,94,27.4,96,96,0.16,9181,Alto,110.82,1.7,1.6,8,Medio,75.2
Mexico,North America,Developing,2009,17,19.9,119.005,Bajo,4.37,95,92,27.5,95,95,0.16,8569,Alto,112.46,1.7,1.6,8.2,Medio,75.1
Mexico,North America,Developing,2010,16.4,19.2,117.679,Bajo,4.05,93,91,27.5,95,95,0.16,8879,Alto,114.09,1.6,1.6,8,Medio,75.1
Mexico,North America,Developing,2011,15.9,18.5,116.3525,Bajo,4,98,97,27.6,97,97,0.16,9076,Alto,115.7,1.6,1.6,8.4,Medio,75
Mexico,North America,Developing,2012,15.4,17.9,115.0265,Bajo,3.86,99,92,27.7,99,99,0.16,9280,Alto,117.27,1.6,1.5,8.6,Medio,75
Mexico,North America,Developing,2013,14.9,17.3,113.631,Bajo,3.81,82,76,27.7,83,83,0.16,9283,Alto,118.83,1.6,1.5,8.4,Medio,74.9
Mexico,North America,Developing,2014,14.4,16.8,112.2355,Bajo,3.94,84,95,27.8,87,87,0.16,9426,Alto,120.36,1.6,1.5,8.4,Medio,74.9
Mexico,North America,Developing,2015,13.9,16.2,110.8405,Bajo,4.24,82,96,27.9,87,87,0.16,9617,Alto,121.86,1.5,1.5,8.6,Medio,74.9
"Micronesia, Fed. Sts.",Oceania,Developing,2000,30.8,37.8,184.963,Medio,2.23,87,65,28.8,85,85,0.17,2895,Medio,0.11,0.3,0.3,4.8,Bajo,64.6
"Micronesia, Fed. Sts.",Oceania,Developing,2001,30,36.7,183.8285,Medio,2.83,81,65,28.8,79,75,0.17,2964,Medio,0.11,0.3,0.2,5.1,Bajo,64.7
"Micronesia, Fed. Sts.",Oceania,Developing,2002,29.4,35.9,182.694,Medio,2.79,85,65,28.9,84,84,0.17,2984,Medio,0.11,0.2,0.2,5.3,Bajo,64.9
"Micronesia, Fed. Sts.",Oceania,Developing,2003,29,35.2,180.9535,Medio,3.16,89,65,28.9,88,92,0.17,3035,Medio,0.11,0.2,0.2,5.5,Bajo,65.1
"Micronesia, Fed. Sts.",Oceania,Developing,2004,28.7,34.8,179.2125,Medio,2.03,80,65,29,82,78,0.17,2949,Medio,0.11,0.2,0.2,5.8,Bajo,65.3
"Micronesia, Fed. Sts.",Oceania,Developing,2005,28.6,34.7,177.472,Medio,1.9,91,65,29,94,94,0.17,3023,Medio,0.11,0.2,0.2,6,Bajo,65.5
"Micronesia, Fed. Sts.",Oceania,Developing,2006,28.5,34.6,175.731,Medio,1.73,84,65,29.1,81,67,0.17,3042,Medio,0.11,0.2,0.2,6.3,Medio,65.7
"Micronesia, Fed. Sts.",Oceania,Developing,2007,28.4,34.5,173.9905,Medio,1.63,90,65,29.1,79,79,0.17,3013,Medio,0.1,0.2,0.2,6.5,Medio,65.9
"Micronesia, Fed. Sts.",Oceania,Developing,2008,28.2,34.2,172.9955,Medio,1.97,89,65,29.2,88,85,0.17,2966,Medio,0.1,0.2,0.2,6.7,Medio,66.1
"Micronesia, Fed. Sts.",Oceania,Developing,2009,27.8,33.7,172.001,Medio,2.05,89,65,29.3,81,91,0.17,3015,Medio,0.1,0.2,0.2,7,Medio,66.3
"Micronesia, Fed. Sts.",Oceania,Developing,2010,27.4,33.1,171.007,Medio,1.75,88,65,29.3,85,85,0.17,3085,Medio,0.1,0.2,0.2,7.2,Medio,66.5
"Micronesia, Fed. Sts.",Oceania,Developing,2011,26.8,32.3,170.0125,Medio,1.87,83,65,29.4,83,84,0.17,3167,Medio,0.1,0.2,0.2,7.4,Medio,66.6
"Micronesia, Fed. Sts.",Oceania,Developing,2012,26.2,31.6,169.018,Medio,2.89,82,65,29.4,81,81,0.17,3076,Medio,0.1,0.2,0.2,7.7,Medio,66.8
"Micronesia, Fed. Sts.",Oceania,Developing,2013,25.6,30.7,167.636,Medio,1.6,83,65,29.5,81,81,0.17,2923,Medio,0.11,0.2,0.2,8,Medio,67
"Micronesia, Fed. Sts.",Oceania,Developing,2014,24.9,29.9,166.2535,Medio,1.51,81,65,29.6,76,77,0.17,2815,Medio,0.11,0.2,0.2,8,Medio,67.2
"Micronesia, Fed. Sts.",Oceania,Developing,2015,24.2,28.9,164.871,Medio,1.59,78,65,29.6,71,72,0.17,2907,Medio,0.11,0.2,0.2,8,Medio,67.3
Moldova,Rest of Europe,Developing,2000,26.2,31.5,241.2055,Alto,6.76,92,92,25.9,97,95,0.23,1338,Bajo,2.92,3.6,3.7,9,Medio,67
Moldova,Rest of Europe,Developing,2001,23.9,28.6,238.655,Alto,6.34,94,92,26,98,97,0.25,1423,Bajo,2.92,3.5,3.6,9.3,Medio,67.2
Moldova,Rest of Europe,Developing,2002,21.7,25.8,236.105,Alto,5.84,99,92,26,98,97,0.28,1538,Bajo,2.91,3.4,3.6,9.6,Alto,67.4
Moldova,Rest of Europe,Developing,2003,19.8,23.3,234.529,Alto,6.27,99,92,26.1,98,98,0.32,1644,Bajo,2.9,3.3,3.5,9.8,Alto,67.5
Moldova,Rest of Europe,Developing,2004,18.3,21.5,232.9535,Alto,7.61,99,92,26.2,98,98,0.35,1770,Bajo,2.9,3.2,3.4,10.1,Alto,67.7
Moldova,Rest of Europe,Developing,2005,17.1,20.1,231.378,Alto,11.81,99,92,26.3,99,98,0.39,1907,Bajo,2.89,3.1,3.3,10.4,Alto,67.8
Moldova,Rest of Europe,Developing,2006,16.3,19,229.8025,Alto,7.94,98,92,26.4,98,97,0.42,2004,Bajo,2.88,3.1,3.3,10.6,Alto,68
Moldova,Rest of Europe,Developing,2007,15.7,18.3,228.2265,Alto,7.81,95,92,26.4,93,92,0.44,2069,Bajo,2.87,3,3.2,10.9,Alto,68.3
Moldova,Rest of Europe,Developing,2008,15.3,17.8,217.857,Alto,7.72,97,92,26.5,96,90,0.43,2235,Medio,2.87,2.9,3.1,10.9,Alto,68.7
Moldova,Rest of Europe,Developing,2009,15,17.4,207.4875,Medio,6.24,89,92,26.6,87,85,0.43,2103,Bajo,2.86,2.9,3.1,11,Alto,69.1
Moldova,Rest of Europe,Developing,2010,14.7,17.1,197.1175,Medio,6.92,98,92,26.6,97,90,0.42,2255,Medio,2.86,2.8,3,11.1,Alto,69.6
Moldova,Rest of Europe,Developing,2011,14.5,16.8,186.748,Medio,8.21,96,92,26.7,96,93,0.41,2388,Medio,2.86,2.8,3,11.1,Alto,70.1
Moldova,Rest of Europe,Developing,2012,14.2,16.5,176.378,Medio,8.3,94,92,26.8,92,92,0.39,2374,Medio,2.86,2.7,2.9,11.4,Alto,70.6
Moldova,Rest of Europe,Developing,2013,14,16.3,174.6775,Medio,8.48,91,92,26.8,92,90,0.37,2589,Medio,2.86,2.7,2.9,11.6,Alto,71
Moldova,Rest of Europe,Developing,2014,13.7,16,172.978,Medio,7.4,92,92,26.9,92,90,0.36,2720,Medio,2.86,2.7,2.8,11.6,Alto,71.3
Moldova,Rest of Europe,Developing,2015,13.6,15.8,171.2775,Medio,6.76,88,92,27,88,87,0.36,2732,Medio,2.83,2.7,2.8,11.6,Alto,71.5
Mongolia,Asia,Developing,2000,48.6,63.5,268.2505,Alto,2.15,93,75,24.3,94,94,0.01,1592,Bajo,2.4,2.6,2.6,8.2,Medio,62.9
Mongolia,Asia,Developing,2001,45.3,58.5,266.119,Alto,2.18,95,95,24.4,95,95,0.01,1624,Bajo,2.42,2.5,2.6,8.3,Medio,63.3
Mongolia,Asia,Developing,2002,42,53.7,263.9875,Alto,2.41,98,96,24.5,98,98,0.01,1685,Bajo,2.44,2.4,2.5,8.4,Medio,63.8
Mongolia,Asia,Developing,2003,38.9,49.1,260.269,Alto,1.67,98,98,24.6,98,98,0.02,1784,Bajo,2.47,2.4,2.5,8.4,Medio,64.2
Mongolia,Asia,Developing,2004,35.9,44.9,256.5495,Alto,1.7,98,98,24.7,99,99,0.02,1952,Bajo,2.5,2.3,2.4,8.5,Medio,64.7
Mongolia,Asia,Developing,2005,33.1,40.9,252.831,Alto,5.17,98,98,24.8,99,99,0.02,2068,Bajo,2.53,2.3,2.4,8.6,Medio,65.1
Mongolia,Asia,Developing,2006,30.5,37.4,249.112,Alto,4.59,98,96,24.9,98,99,0.02,2217,Medio,2.56,2.2,2.4,8.8,Medio,65.5
Mongolia,Asia,Developing,2007,28.1,34.1,245.3935,Alto,9.12,98,97,25,99,95,0.02,2411,Medio,2.59,2.2,2.4,8.9,Medio,66
Mongolia,Asia,Developing,2008,25.9,31.2,240.3135,Alto,8.92,96,96,25.2,95,96,0.02,2588,Medio,2.63,2.2,2.3,9,Medio,66.4
Mongolia,Asia,Developing,2009,23.9,28.6,235.233,Alto,6.56,97,97,25.3,96,95,0.02,2515,Medio,2.67,2.2,2.3,9.1,Medio,66.9
Mongolia,Asia,Developing,2010,22.1,26.3,230.153,Alto,7.73,96,95,25.4,96,96,0.02,2630,Medio,2.72,2.2,2.3,9.5,Medio,67.4
Mongolia,Asia,Developing,2011,20.6,24.4,225.0725,Alto,6.65,99,98,25.6,99,99,0.02,3028,Medio,2.77,2.2,2.3,9.8,Alto,67.8
Mongolia,Asia,Developing,2012,19.4,22.8,219.993,Alto,7.53,99,98,25.7,99,99,0.02,3336,Medio,2.82,2.2,2.3,9.9,Alto,68.2
Mongolia,Asia,Developing,2013,18.3,21.5,217.6085,Alto,12.58,98,97,25.8,98,98,0.02,3651,Medio,2.88,2.2,2.3,10,Alto,68.6
Mongolia,Asia,Developing,2014,17.4,20.4,215.2245,Alto,9.88,99,98,26,99,99,0.02,3860,Medio,2.94,2.2,2.3,10.1,Alto,68.9
Mongolia,Asia,Developing,2015,16.6,19.4,212.841,Alto,8.35,99,98,26.1,99,99,0.01,3875,Medio,3,2.2,2.3,10.1,Alto,69.1
Montenegro,Rest of Europe,Developing,2000,12.5,14.2,138.1465,Medio,10.25,91,96,25.2,92,91,0.01,4432,Medio,0.6,2.6,2.7,10.3,Alto,73.2
Montenegro,Rest of Europe,Developing,2001,12,13.6,138.1465,Medio,10.22,91,95,25.3,92,91,0.02,4462,Medio,0.61,2.5,2.6,10.3,Alto,73.2
Montenegro,Rest of Europe,Developing,2002,11.4,12.9,138.1465,Medio,10.24,91,96,25.4,92,91,0.02,4529,Medio,0.61,2.5,2.5,10.3,Alto,73.2
Montenegro,Rest of Europe,Developing,2003,10.6,12.2,135.7445,Medio,10.3,91,96,25.5,92,91,0.02,4623,Medio,0.61,2.4,2.4,10.3,Alto,73.3
Montenegro,Rest of Europe,Developing,2004,9.9,11.4,133.3415,Medio,10.12,91,95,25.6,92,91,0.02,4819,Medio,0.61,2.3,2.4,10.4,Alto,73.4
Montenegro,Rest of Europe,Developing,2005,9.2,10.5,130.9385,Medio,10.3,91,96,25.7,92,92,0.03,5013,Medio,0.61,2.3,2.3,10.5,Alto,74
Montenegro,Rest of Europe,Developing,2006,8.4,9.7,128.5365,Bajo,10.38,90,96,25.8,90,90,0.03,5436,Medio,0.62,2.2,2.2,10.7,Alto,73.8
Montenegro,Rest of Europe,Developing,2007,7.7,8.9,126.1335,Bajo,9.68,90,95,25.8,92,92,0.03,5798,Medio,0.62,2.1,2.2,10.8,Alto,74.3
Montenegro,Rest of Europe,Developing,2008,7,8.1,122.2765,Bajo,10.89,93,96,25.9,95,95,0.03,6206,Medio,0.62,2.1,2.1,10.9,Alto,75.1
Montenegro,Rest of Europe,Developing,2009,6.3,7.4,118.42,Bajo,10.17,87,96,26,91,92,0.03,5834,Medio,0.62,2,2.1,11,Alto,75.1
Montenegro,Rest of Europe,Developing,2010,5.7,6.7,114.563,Bajo,9.94,90,97,26.1,93,94,0.03,5982,Medio,0.62,2,2,11.1,Alto,76
Montenegro,Rest of Europe,Developing,2011,5.1,6.1,110.706,Bajo,9.02,91,97,26.1,95,95,0.03,6169,Medio,0.62,1.9,2,11.1,Alto,76
Montenegro,Rest of Europe,Developing,2012,4.6,5.5,106.849,Bajo,9.37,90,97,26.2,94,94,0.03,5996,Medio,0.62,1.9,1.9,11.2,Alto,76.2
Montenegro,Rest of Europe,Developing,2013,4.1,4.9,104.853,Bajo,9.62,90,94,26.3,94,94,0.03,6203,Medio,0.62,1.8,1.9,11.2,Alto,76.5
Montenegro,Rest of Europe,Developing,2014,3.7,4.4,102.857,Bajo,8.55,87,95,26.4,91,91,0.03,6307,Medio,0.62,1.8,1.9,11.3,Alto,76.4
Montenegro,Rest of Europe,Developing,2015,3.3,4,100.861,Bajo,8.49,82,94,26.5,89,89,0.03,6517,Medio,0.62,1.8,1.8,11.3,Alto,76.4
Morocco,Africa,Developing,2000,43.9,52.3,152.9405,Medio,0.45,43,92,24.6,95,95,0.06,1763,Bajo,28.79,6.7,6.6,3.4,Bajo,68.7
Morocco,Africa,Developing,2001,42.3,50.1,146.7395,Medio,0.45,84,91,24.7,93,96,0.06,1870,Bajo,29.13,6.7,6.5,3.5,Bajo,69.2
Morocco,Africa,Developing,2002,40.6,48,140.5375,Medio,0.46,92,92,24.8,94,94,0.06,1905,Bajo,29.45,6.6,6.5,3.6,Bajo,69.8
Morocco,Africa,Developing,2003,39,45.9,131.523,Medio,0.48,90,92,24.9,91,91,0.06,1995,Bajo,29.78,6.6,6.4,3.7,Bajo,70.4
Morocco,Africa,Developing,2004,37.2,43.7,122.5085,Bajo,0.47,95,91,24.9,97,97,0.06,2066,Bajo,30.12,6.5,6.4,3.8,Bajo,71.1
Morocco,Africa,Developing,2005,35.5,41.5,113.494,Bajo,0.46,96,92,25,98,98,0.05,2109,Bajo,30.46,6.5,6.3,3.9,Bajo,71.7
Morocco,Africa,Developing,2006,33.6,39.3,104.479,Bajo,0.48,95,92,25.1,97,97,0.05,2242,Medio,30.8,6.4,6.3,4,Bajo,72.4
Morocco,Africa,Developing,2007,31.8,37.1,95.4645,Bajo,0.48,95,92,25.2,95,95,0.05,2295,Medio,31.16,6.4,6.3,4,Bajo,73
Morocco,Africa,Developing,2008,30.1,35,91.2925,Bajo,0.5,97,71,25.3,99,99,0.05,2402,Medio,31.54,6.4,6.3,4.1,Bajo,73.5
Morocco,Africa,Developing,2009,28.4,33,87.1205,Bajo,0.53,98,72,25.3,99,99,0.05,2473,Medio,31.93,6.4,6.2,4.2,Bajo,74
Morocco,Africa,Developing,2010,26.8,31.2,82.9485,Bajo,0.47,98,73,25.4,99,99,0.05,2534,Medio,32.34,6.3,6.2,4.2,Bajo,74.4
Morocco,Africa,Developing,2011,25.3,29.5,78.776,Bajo,0.46,98,68,25.5,98,99,0.05,2631,Medio,32.78,6.3,6.2,4.4,Bajo,74.7
Morocco,Africa,Developing,2012,23.9,27.8,74.6045,Bajo,0.46,99,75,25.6,99,99,0.04,2673,Medio,33.24,6.3,6.2,4.6,Bajo,75
Morocco,Africa,Developing,2013,22.6,26.3,73.374,Bajo,0.46,99,75,25.7,99,99,0.04,2755,Medio,33.72,6.4,6.2,4.8,Bajo,75.2
Morocco,Africa,Developing,2014,21.3,24.9,72.144,Bajo,0.41,99,54,25.8,99,99,0.04,2789,Medio,34.19,6.4,6.2,5,Bajo,75.5
Morocco,Africa,Developing,2015,20.2,23.5,70.9135,Bajo,0.39,99,95,25.9,99,99,0.03,2875,Medio,34.66,6.4,6.2,5,Bajo,75.7
Mozambique,Africa,Developing,2000,112.4,170.4,436.473,Alto,0.65,76,64,21.6,69,70,3.5,295,Bajo,17.71,4.2,4.1,2.2,Bajo,48.9
Mozambique,Africa,Developing,2001,106.1,161,440.8905,Alto,0.65,76,64,21.7,72,73,3.5,321,Bajo,18.22,4.1,4,2.4,Bajo,49.3
Mozambique,Africa,Developing,2002,100.3,152.6,445.308,Alto,0.66,76,64,21.7,76,76,3.5,341,Bajo,18.76,4,4,2.5,Bajo,49.6
Mozambique,Africa,Developing,2003,95.3,145,436.671,Alto,0.6,76,64,21.8,67,85,3.5,353,Bajo,19.33,4,3.9,2.6,Bajo,49.9
Mozambique,Africa,Developing,2004,90.8,138.2,428.034,Alto,0.59,76,64,21.9,69,83,3.5,370,Bajo,19.91,3.9,3.8,2.8,Bajo,50.1
Mozambique,Africa,Developing,2005,86.9,132,419.3965,Alto,0.6,75,64,22,71,80,3.5,384,Bajo,20.49,3.9,3.8,2.9,Bajo,50.4
Mozambique,Africa,Developing,2006,83.2,126.2,410.7595,Alto,0.59,75,64,22,73,78,3.5,409,Bajo,21.08,3.8,3.7,2.9,Bajo,50.6
Mozambique,Africa,Developing,2007,78,118.8,402.122,Alto,0.69,75,64,22.1,75,75,3.5,429,Bajo,21.67,3.8,3.7,3,Bajo,50.9
Mozambique,Africa,Developing,2008,75.6,112.9,395.4425,Alto,0.74,75,64,22.2,74,75,3.5,448,Bajo,22.28,3.7,3.7,3.1,Bajo,51.3
Mozambique,Africa,Developing,2009,72.7,107.3,388.763,Alto,0.69,74,64,22.3,74,74,3.5,463,Bajo,22.89,3.7,3.6,3.1,Bajo,51.7
Mozambique,Africa,Developing,2010,72.5,104.9,382.0835,Alto,0.79,74,64,22.3,73,74,3.5,480,Bajo,23.53,3.7,3.6,3.2,Bajo,52.3
Mozambique,Africa,Developing,2011,68.8,100.5,375.404,Alto,0.89,76,64,22.4,77,76,3.5,502,Bajo,24.19,3.7,3.6,3.2,Bajo,53
Mozambique,Africa,Developing,2012,66.4,96.3,368.724,Alto,0.97,76,64,22.5,81,76,3.5,523,Bajo,24.86,3.6,3.5,3.3,Bajo,53.9
Mozambique,Africa,Developing,2013,64.7,92.3,356.677,Alto,1,78,64,22.5,84,78,3.5,544,Bajo,25.56,3.6,3.5,3.4,Bajo,54.9
Mozambique,Africa,Developing,2014,63,88.4,344.63,Alto,1.08,79,64,22.6,88,79,3.5,569,Bajo,26.29,3.6,3.5,3.4,Bajo,56.1
Mozambique,Africa,Developing,2015,61.3,84,332.583,Alto,1.22,88,64,22.7,88,80,3.5,590,Bajo,27.04,3.6,3.5,3.5,Bajo,57.2
Myanmar,Asia,Developing,2000,65.4,89.6,241.4125,Alto,0.12,74,63,21.3,88,82,0.54,310,Bajo,46.72,13.3,13.7,3.1,Bajo,60.1
Myanmar,Asia,Developing,2001,63.8,87.1,237.811,Alto,0.12,74,63,21.4,77,73,0.54,345,Bajo,47.23,13.3,13.7,3.2,Bajo,60.4
Myanmar,Asia,Developing,2002,62.3,84.7,234.2095,Alto,0.14,74,63,21.5,84,79,0.53,381,Bajo,47.7,13.3,13.7,3.3,Bajo,60.7
Myanmar,Asia,Developing,2003,60.7,82.3,231.354,Alto,0.61,74,63,21.5,86,78,0.5,427,Bajo,48.15,13.3,13.6,3.4,Bajo,61
Myanmar,Asia,Developing,2004,59.1,79.7,228.498,Alto,0.64,74,63,21.6,92,82,0.49,481,Bajo,48.56,13.3,13.6,3.5,Bajo,61.3
Myanmar,Asia,Developing,2005,57.4,77.2,225.6425,Alto,0.63,62,62,21.7,86,73,0.47,542,Bajo,48.95,13.2,13.6,3.5,Bajo,61.6
Myanmar,Asia,Developing,2006,55.8,74.5,222.7865,Alto,0.67,75,63,21.8,82,82,0.44,610,Bajo,49.3,13.2,13.5,3.7,Bajo,61.9
Myanmar,Asia,Developing,2007,54.1,71.8,219.9305,Alto,0.75,85,66,21.8,84,86,0.42,682,Bajo,49.62,13.2,13.5,3.8,Bajo,62.3
Myanmar,Asia,Developing,2008,63.4,98.4,216.1595,Alto,0.79,85,57,21.9,85,85,0.39,753,Bajo,49.93,13.2,13.4,3.9,Bajo,62.7
Myanmar,Asia,Developing,2009,50.5,66.3,212.388,Alto,0.88,91,65,22,90,90,0.36,826,Bajo,50.25,13.1,13.4,4,Bajo,63.1
Myanmar,Asia,Developing,2010,48.8,63.7,208.6165,Medio,0.97,92,75,22.1,90,90,0.34,903,Bajo,50.6,13.1,13.3,4.1,Bajo,63.5
Myanmar,Asia,Developing,2011,47,61,204.845,Medio,1.09,40,80,22.2,90,84,0.32,963,Bajo,50.99,13,13.3,4.3,Bajo,64
Myanmar,Asia,Developing,2012,45.4,58.6,201.0735,Medio,1.24,58,80,22.3,87,84,0.32,1017,Bajo,51.41,13,13.2,4.5,Bajo,64.5
Myanmar,Asia,Developing,2013,43.8,56.2,199.4,Medio,1.31,75,80,22.4,76,75,0.31,1088,Bajo,51.85,12.9,13.2,4.7,Bajo,64.9
Myanmar,Asia,Developing,2014,42.3,54.1,197.7265,Medio,1.36,88,82,22.5,88,88,0.29,1168,Bajo,52.28,12.9,13.1,4.8,Bajo,65.4
Myanmar,Asia,Developing,2015,41,52.2,196.053,Medio,1.47,89,78,22.6,89,89,0.28,1197,Bajo,52.68,12.8,13,4.9,Bajo,65.8
Namibia,Africa,Developing,2000,45,75.8,446.0665,Alto,2.65,83,64,22.9,80,79,11.85,3125,Medio,1.79,15.7,15.9,5.6,Bajo,52.2
Namibia,Africa,Developing,2001,44.2,75.3,470.342,Alto,2.29,83,64,23,79,78,11.07,3111,Medio,1.82,15.2,15.4,5.8,Bajo,51.4
Namibia,Africa,Developing,2002,43.6,74.7,494.617,Alto,1.99,83,64,23.1,78,77,10.31,3211,Medio,1.85,14.7,14.8,5.8,Bajo,50.9
Namibia,Africa,Developing,2003,43.3,74.4,495.7265,Alto,2.29,83,64,23.2,82,79,9.74,3298,Medio,1.88,14.2,14.3,5.8,Bajo,50.6
Namibia,Africa,Developing,2004,42.7,74.4,496.836,Alto,1.89,83,64,23.3,81,81,9.29,3647,Medio,1.91,13.7,13.7,5.9,Bajo,50.6
Namibia,Africa,Developing,2005,39.4,70.6,497.9455,Alto,1.97,83,64,23.4,86,86,8.45,3681,Medio,1.94,13.1,13.1,6,Bajo,50.9
Namibia,Africa,Developing,2006,37.3,65.4,499.055,Alto,1.87,83,64,23.5,74,86,7.81,3875,Medio,1.97,12.6,12.6,6,Bajo,51.6
Namibia,Africa,Developing,2007,37.6,60.8,500.1645,Alto,1.9,83,64,23.5,81,86,7.04,4012,Medio,2.01,12,12,6.1,Bajo,52.6
Namibia,Africa,Developing,2008,37.5,55.1,470.9335,Alto,1.01,83,64,23.6,83,83,6.4,4044,Medio,2.04,11.5,11.4,6.1,Bajo,53.8
Namibia,Africa,Developing,2009,38.5,51.6,441.7035,Alto,1.35,83,64,23.7,83,83,6.12,3982,Medio,2.08,10.9,10.9,6.2,Medio,55.2
Namibia,Africa,Developing,2010,36.8,49.1,412.4735,Alto,1.4,83,64,23.8,83,83,5.85,4147,Medio,2.12,10.4,10.4,6.2,Medio,56.7
Namibia,Africa,Developing,2011,36.9,48.9,383.243,Alto,1.59,82,64,23.9,85,82,5.62,4282,Medio,2.16,9.9,9.9,6.3,Medio,58.1
Namibia,Africa,Developing,2012,37.9,50.5,354.013,Alto,2.37,84,64,23.9,84,84,5.38,4421,Medio,2.19,9.5,9.4,6.4,Medio,59.4
Namibia,Africa,Developing,2013,35.8,49.1,341.1665,Alto,2.45,89,64,24,89,89,4.91,4588,Medio,2.23,9,8.9,6.6,Medio,60.5
Namibia,Africa,Developing,2014,34,47.9,328.32,Alto,2.59,88,64,24.1,88,88,4.5,4782,Medio,2.27,8.6,8.5,6.7,Medio,61.4
Namibia,Africa,Developing,2015,33.3,47.6,315.473,Alto,2.63,92,64,24.2,92,92,4.58,4897,Medio,2.31,8.2,8.1,6.7,Medio,62.1
Nepal,Asia,Developing,2000,58.7,79.1,237.2425,Alto,0.084,46,65,20.7,74,74,0.17,561,Bajo,23.94,18.5,19.2,2.4,Bajo,62.3
Nepal,Asia,Developing,2001,55.8,74.6,229.513,Alto,0.091,46,65,20.8,73,72,0.17,578,Bajo,24.35,18.3,19,2.5,Bajo,62.9
Nepal,Asia,Developing,2002,53.1,70.4,221.783,Alto,0.19,46,65,20.9,72,72,0.17,570,Bajo,24.73,18.2,18.8,2.5,Bajo,63.6
Nepal,Asia,Developing,2003,50.6,66.4,215.7345,Alto,0.2,46,65,21,76,78,0.17,584,Bajo,25.08,18,18.6,2.6,Bajo,64.2
Nepal,Asia,Developing,2004,48.2,62.7,209.685,Medio,0.23,27,65,21.1,80,80,0.17,603,Bajo,25.42,17.8,18.4,2.7,Bajo,64.7
Nepal,Asia,Developing,2005,45.9,59.4,203.6355,Medio,0.22,41,65,21.2,78,75,0.17,616,Bajo,25.74,17.6,18.2,2.8,Bajo,65.3
Nepal,Asia,Developing,2006,43.8,56.3,197.587,Medio,0.19,69,65,21.3,91,89,0.17,629,Bajo,26.07,17.4,18,2.9,Bajo,65.8
Nepal,Asia,Developing,2007,41.9,53.4,191.5375,Medio,0.2,82,65,21.4,82,82,0.17,643,Bajo,26.38,17.2,17.8,3,Bajo,66.3
Nepal,Asia,Developing,2008,40.1,50.8,186.7545,Medio,0.2,82,65,21.6,82,82,0.17,675,Bajo,26.67,17,17.6,3.1,Bajo,66.7
Nepal,Asia,Developing,2009,38.3,48.3,181.972,Medio,0.22,89,65,21.7,93,89,0.17,700,Bajo,26.88,16.9,17.4,3.2,Bajo,67.2
Nepal,Asia,Developing,2010,36.6,45.9,177.189,Medio,0.23,82,65,21.8,83,82,0.17,730,Bajo,27.01,16.7,17.2,3.3,Bajo,67.6
Nepal,Asia,Developing,2011,35,43.6,172.406,Medio,0.25,92,65,21.9,92,92,0.17,754,Bajo,27.04,16.5,16.9,3.3,Bajo,68
Nepal,Asia,Developing,2012,33.5,41.5,167.6235,Medio,0.26,90,65,22,90,90,0.17,791,Bajo,26.99,16.3,16.7,4,Bajo,68.4
Nepal,Asia,Developing,2013,32,39.4,163.2835,Medio,0.28,92,65,22.1,92,92,0.17,821,Bajo,26.92,16.1,16.5,4.2,Bajo,68.8
Nepal,Asia,Developing,2014,30.5,37.4,158.944,Medio,0.24,92,65,22.2,92,92,0.17,871,Bajo,26.91,15.9,16.3,4.5,Bajo,69.2
Nepal,Asia,Developing,2015,29.2,35.5,154.604,Medio,0.24,91,65,22.4,90,91,0.17,902,Bajo,27.02,15.7,16.1,4.7,Bajo,69.5
Netherlands,European Union,Developed,2000,5.1,6.2,83.609,Bajo,10.13,88,97,25,97,97,0.06,40457,Alto,15.93,1.1,1.1,10.8,Alto,78
Netherlands,European Union,Developed,2001,5,6.1,81.98,Bajo,9.82,88,97,25.1,97,97,0.06,41087,Alto,16.05,1.1,1.1,11,Alto,78.2
Netherlands,European Union,Developed,2002,4.9,5.9,80.574,Bajo,9.72,88,96,25.1,97,97,0.06,40914,Alto,16.15,1.1,1,11.1,Alto,78.3
Netherlands,European Union,Developed,2003,4.8,5.7,79.8805,Bajo,9.48,88,98,25.2,98,98,0.06,40785,Alto,16.23,1.1,1,11.3,Alto,78.5
Netherlands,European Union,Developed,2004,4.6,5.5,76.488,Bajo,9.57,88,98,25.3,98,98,0.06,41450,Alto,16.28,1,1,11.5,Alto,79.1
Netherlands,European Union,Developed,2005,4.4,5.3,72.132,Bajo,9.5,88,93,25.3,96,96,0.06,42202,Alto,16.32,1,1,11.6,Alto,79.3
Netherlands,European Union,Developed,2006,4.3,5.1,70.055,Bajo,9.58,88,92,25.4,96,96,0.06,43592,Alto,16.35,1,1,11.8,Alto,79.7
Netherlands,European Union,Developed,2007,4.1,4.9,67.8925,Bajo,9.45,88,92,25.4,97,97,0.07,45139,Alto,16.38,1,1,12,Alto,80.1
Netherlands,European Union,Developed,2008,4,4.7,67.9805,Bajo,9.51,88,93,25.4,97,97,0.06,45939,Alto,16.45,1,0.9,12,Alto,80.3
Netherlands,European Union,Developed,2009,3.8,4.6,65.6915,Bajo,9.12,88,93,25.5,97,97,0.06,44028,Alto,16.53,1,0.9,11.9,Alto,80.5
Netherlands,European Union,Developed,2010,3.7,4.4,64.5455,Bajo,9.34,88,92,25.5,97,97,0.06,44391,Alto,16.62,1,0.9,12,Alto,80.7
Netherlands,European Union,Developed,2011,3.6,4.3,63.881,Bajo,8.95,88,93,25.5,97,97,0.06,44869,Alto,16.69,1,0.9,12,Alto,81.2
Netherlands,European Union,Developed,2012,3.6,4.2,62.859,Bajo,9,88,93,25.5,97,97,0.05,44243,Alto,16.75,1,0.9,12,Alto,81.1
Netherlands,European Union,Developed,2013,3.5,4.1,60.819,Bajo,8.59,88,92,25.5,97,97,0.05,44055,Alto,16.8,1,0.9,12.1,Alto,81.3
Netherlands,European Union,Developed,2014,3.5,4.1,58.8975,Bajo,8.38,92,93,25.5,96,96,0.04,44522,Alto,16.87,1,0.9,12.1,Alto,81.7
Netherlands,European Union,Developed,2015,3.4,4,58.0775,Bajo,8.3,94,92,25.5,95,95,0.04,45193,Alto,16.94,1,0.9,12.1,Alto,81.5
New Zealand,Oceania,Developed,2000,6.1,7.4,85.7,Bajo,8.83,90,86,26.7,82,90,0.02,30863,Alto,3.86,0.3,0.3,11.6,Alto,78.6
New Zealand,Oceania,Developed,2001,5.9,7.2,82.092,Bajo,8.69,90,86,26.8,82,90,0.02,31745,Alto,3.88,0.3,0.3,11.6,Alto,78.7
New Zealand,Oceania,Developed,2002,5.8,7,82.496,Bajo,9.09,89,86,26.9,84,90,0.03,32657,Alto,3.95,0.3,0.3,11.6,Alto,78.8
New Zealand,Oceania,Developed,2003,5.7,6.9,81.649,Bajo,8.92,89,86,27,86,90,0.03,33475,Alto,4.03,0.3,0.3,11.6,Alto,79.1
New Zealand,Oceania,Developed,2004,5.6,6.7,78.037,Bajo,9.17,88,86,27.1,87,89,0.03,34310,Alto,4.09,0.3,0.3,11.6,Alto,79.5
New Zealand,Oceania,Developed,2005,5.5,6.6,77.0035,Bajo,9.32,87,86,27.2,89,89,0.03,35052,Alto,4.13,0.3,0.3,11.7,Alto,79.9
New Zealand,Oceania,Developed,2006,5.4,6.5,74.797,Bajo,9.36,87,86,27.3,89,89,0.03,35625,Alto,4.18,0.3,0.3,11.7,Alto,80
New Zealand,Oceania,Developed,2007,5.3,6.4,75.011,Bajo,9.2,88,86,27.4,88,88,0.04,36363,Alto,4.22,0.3,0.3,11.8,Alto,80.2
New Zealand,Oceania,Developed,2008,5.2,6.3,73.0145,Bajo,9.48,90,86,27.5,89,89,0.04,35655,Alto,4.26,0.3,0.3,11.8,Alto,80.4
New Zealand,Oceania,Developed,2009,5.2,6.2,71.942,Bajo,9.24,93,86,27.6,92,92,0.04,35252,Alto,4.3,0.3,0.3,11.9,Alto,80.7
New Zealand,Oceania,Developed,2010,5.1,6.1,69.92,Bajo,9.62,90,86,27.6,93,93,0.04,35394,Alto,4.35,0.3,0.3,12,Alto,80.7
New Zealand,Oceania,Developed,2011,5,6,70.233,Bajo,9.45,95,86,27.7,95,95,0.04,35916,Alto,4.38,0.3,0.3,12,Alto,80.9
New Zealand,Oceania,Developed,2012,4.9,5.9,67.5135,Bajo,9.17,93,85,27.8,93,93,0.03,36521,Alto,4.41,0.3,0.3,12.1,Alto,81.2
New Zealand,Oceania,Developed,2013,4.8,5.8,66.5335,Bajo,9.12,93,86,27.8,92,92,0.03,37219,Alto,4.44,0.3,0.3,12.1,Alto,81.4
New Zealand,Oceania,Developed,2014,4.7,5.7,68,Bajo,8.98,93,86,27.9,93,93,0.03,38002,Alto,4.52,0.4,0.3,12.2,Alto,81.4
New Zealand,Oceania,Developed,2015,4.6,5.5,67,Bajo,8.68,92,87,28,92,92,0.03,38631,Alto,4.61,0.4,0.3,12.4,Alto,81.5
Nicaragua,Central America and Caribbean,Developing,2000,31.4,38.5,196.9585,Medio,3.58,83,83,25.8,85,83,0.16,1445,Bajo,5.07,2.2,2.1,5.1,Bajo,69.5
Nicaragua,Central America and Caribbean,Developing,2001,29.9,36.5,193.7615,Medio,3.48,87,83,25.9,89,87,0.14,1466,Bajo,5.15,2.2,2.1,5.2,Bajo,69.9
Nicaragua,Central America and Caribbean,Developing,2002,28.5,34.6,190.565,Medio,3.46,85,83,26,85,85,0.14,1456,Bajo,5.22,2.2,2.1,5.2,Bajo,70.3
Nicaragua,Central America and Caribbean,Developing,2003,27.2,32.9,186.2505,Medio,3.72,86,83,26.1,86,86,0.13,1472,Bajo,5.29,2.1,2,5.3,Bajo,70.6
Nicaragua,Central America and Caribbean,Developing,2004,26,31.3,181.9365,Medio,3.75,79,83,26.2,80,79,0.13,1529,Bajo,5.36,2.1,2,5.4,Bajo,70.9
Nicaragua,Central America and Caribbean,Developing,2005,24.9,29.9,177.622,Medio,3.65,86,83,26.3,87,86,0.13,1573,Bajo,5.44,2,1.9,5.5,Bajo,71.2
Nicaragua,Central America and Caribbean,Developing,2006,23.9,28.5,173.308,Medio,3.64,88,83,26.4,88,88,0.13,1616,Bajo,5.51,2,1.9,5.6,Bajo,71.4
Nicaragua,Central America and Caribbean,Developing,2007,22.9,27.3,168.994,Medio,3.77,93,83,26.5,93,93,0.13,1675,Bajo,5.59,2,1.9,5.7,Bajo,71.7
Nicaragua,Central America and Caribbean,Developing,2008,22,26.1,166.1845,Medio,3.59,97,83,26.5,97,97,0.12,1709,Bajo,5.67,1.9,1.8,5.8,Bajo,71.9
Nicaragua,Central America and Caribbean,Developing,2009,21.1,24.9,163.375,Medio,3.32,98,83,26.6,99,98,0.12,1630,Bajo,5.75,1.9,1.8,5.9,Bajo,72.2
Nicaragua,Central America and Caribbean,Developing,2010,20.3,23.9,160.5665,Medio,3.33,98,83,26.7,99,98,0.12,1679,Bajo,5.82,1.9,1.8,6,Bajo,72.4
Nicaragua,Central America and Caribbean,Developing,2011,19.5,22.9,157.757,Medio,3.34,98,83,26.8,99,98,0.12,1761,Bajo,5.9,1.8,1.8,6.1,Bajo,72.7
Nicaragua,Central America and Caribbean,Developing,2012,18.7,22,154.948,Medio,3.6,98,83,26.9,99,98,0.11,1851,Bajo,5.98,1.8,1.7,6.3,Medio,73
Nicaragua,Central America and Caribbean,Developing,2013,18,21.1,152.7925,Medio,3.55,98,83,27,99,98,0.11,1916,Bajo,6.06,1.8,1.7,6.4,Medio,73.2
Nicaragua,Central America and Caribbean,Developing,2014,17.3,20.2,150.6365,Medio,3.54,98,83,27.1,99,98,0.11,1982,Bajo,6.14,1.8,1.7,6.5,Medio,73.4
Nicaragua,Central America and Caribbean,Developing,2015,16.6,19.4,148.4805,Medio,3.72,98,83,27.2,99,98,0.11,2050,Bajo,6.22,1.8,1.7,6.5,Medio,73.6
Niger,Africa,Developing,2000,97,224.9,291.824,Alto,0.092,72,64,20.8,41,34,0.49,399,Bajo,11.33,12.8,12.9,1.1,Bajo,49.9
Niger,Africa,Developing,2001,93.7,215.2,290.6955,Alto,0.093,72,64,20.9,42,36,0.44,413,Bajo,11.75,12.7,12.7,1.1,Bajo,50.6
Niger,Africa,Developing,2002,90.1,204.5,289.5665,Alto,0.088,72,64,20.9,43,39,0.38,418,Bajo,12.19,12.5,12.5,1.2,Bajo,51.3
Niger,Africa,Developing,2003,86.2,193.1,286.923,Alto,0.096,72,64,21,44,41,0.33,411,Bajo,12.65,12.3,12.2,1.2,Bajo,52
Niger,Africa,Developing,2004,82.3,181.5,284.279,Alto,0.096,72,64,21.1,45,43,0.29,398,Bajo,13.13,12.1,12,1.3,Bajo,52.7
Niger,Africa,Developing,2005,78.5,170.2,281.6355,Alto,0.096,72,64,21.2,46,45,0.24,411,Bajo,13.62,11.9,11.8,1.3,Bajo,53.4
Niger,Africa,Developing,2006,74.8,159.3,278.9915,Alto,0.1,72,64,21.3,52,51,0.22,420,Bajo,14.14,11.6,11.5,1.3,Bajo,54.2
Niger,Africa,Developing,2007,71.3,149,276.348,Alto,0.096,72,64,21.3,57,57,0.18,417,Bajo,14.69,11.4,11.3,1.4,Bajo,55
Niger,Africa,Developing,2008,67.9,139.3,273.319,Alto,0.11,72,64,21.4,68,67,0.14,432,Bajo,15.25,11.2,11,1.4,Bajo,55.8
Niger,Africa,Developing,2009,64.8,130.3,270.291,Alto,0.1,71,64,21.5,71,71,0.12,424,Bajo,15.84,11,10.8,1.4,Bajo,56.6
Niger,Africa,Developing,2010,61.9,121.9,267.262,Alto,0.11,70,64,21.5,75,70,0.08,443,Bajo,16.46,10.7,10.6,1.4,Bajo,57.3
Niger,Africa,Developing,2011,59.3,114.5,264.2335,Alto,0.13,75,64,21.6,40,75,0.08,437,Bajo,17.11,10.5,10.3,1.5,Bajo,58.1
Niger,Africa,Developing,2012,57,108.2,261.2055,Alto,0.15,71,64,21.6,71,71,0.07,464,Bajo,17.8,10.3,10.1,1.6,Bajo,58.8
Niger,Africa,Developing,2013,55,102.7,257.1655,Alto,0.09,67,64,21.7,62,67,0.07,470,Bajo,18.5,10,9.9,1.7,Bajo,59.5
Niger,Africa,Developing,2014,53.4,98,253.126,Alto,0.12,68,64,21.7,79,68,0.06,482,Bajo,19.24,9.8,9.6,1.7,Bajo,60.1
Niger,Africa,Developing,2015,51.8,93.8,249.086,Alto,0.12,65,64,21.8,83,65,0.06,484,Bajo,20,9.6,9.4,1.8,Bajo,60.6
Nigeria,Africa,Developing,2000,109.8,182.9,406.369,Alto,11.47,29,64,22.3,31,29,1.39,1451,Bajo,122.28,14.3,14.4,5.2,Bajo,46.3
Nigeria,Africa,Developing,2001,106.8,177.3,408.9835,Alto,11.17,29,64,22.4,36,27,1.29,1499,Bajo,125.39,14.1,14.1,5.2,Bajo,46.5
Nigeria,Africa,Developing,2002,103.8,171.5,411.5985,Alto,11.09,29,64,22.5,40,25,1.21,1685,Bajo,128.6,13.8,13.8,5.2,Bajo,46.8
Nigeria,Africa,Developing,2003,100.8,165.9,406.792,Alto,11.33,29,64,22.5,42,29,1.15,1764,Bajo,131.9,13.5,13.6,5.2,Bajo,47.2
Nigeria,Africa,Developing,2004,97.8,160.3,401.9865,Alto,11.33,29,64,22.6,43,33,1.1,1878,Bajo,135.32,13.2,13.2,5.2,Bajo,47.7
Nigeria,Africa,Developing,2005,95,155,397.18,Alto,11.24,18,64,22.7,45,36,1.05,1948,Bajo,138.87,12.9,12.9,5.2,Bajo,48.3
Nigeria,Africa,Developing,2006,92.3,150.1,392.374,Alto,11.18,27,64,22.8,46,40,0.95,2013,Bajo,142.54,12.6,12.6,5.2,Bajo,48.8
Nigeria,Africa,Developing,2007,89.8,145.6,387.5675,Alto,11.04,42,64,22.8,54,42,0.88,2090,Bajo,146.34,12.3,12.3,5.2,Bajo,49.4
Nigeria,Africa,Developing,2008,87.7,141.7,383.7715,Alto,10.79,41,64,22.9,60,53,0.85,2173,Medio,150.27,12,11.9,5.2,Bajo,49.9
Nigeria,Africa,Developing,2009,85.9,138.3,379.9755,Alto,10.58,63,64,22.9,66,63,0.79,2286,Medio,154.32,11.7,11.6,5.2,Bajo,50.4
Nigeria,Africa,Developing,2010,84.3,135.5,376.179,Alto,5.22,49,64,23,54,54,0.75,2404,Medio,158.5,11.3,11.2,5.2,Bajo,50.9
Nigeria,Africa,Developing,2011,83,133.1,372.383,Alto,4.99,46,64,23,48,48,0.73,2464,Medio,162.81,11,10.9,5.5,Bajo,51.3
Nigeria,Africa,Developing,2012,81.9,131.1,368.587,Alto,4.73,42,64,23.1,42,42,0.7,2501,Medio,167.23,10.7,10.6,5.7,Bajo,51.8
Nigeria,Africa,Developing,2013,81,129.4,364.4625,Alto,4.45,46,64,23.1,41,46,0.62,2597,Medio,171.77,10.4,10.2,5.9,Bajo,52.2
Nigeria,Africa,Developing,2014,80.1,127.9,360.3385,Alto,4.45,49,64,23.2,40,49,0.58,2688,Medio,176.4,10.1,9.9,5.9,Bajo,52.7
Nigeria,Africa,Developing,2015,79.3,126.4,356.2145,Alto,4.51,49,64,23.2,42,49,0.58,2687,Medio,181.14,9.8,9.7,6,Bajo,53.1
North Macedonia,Rest of Europe,Developing,2000,14.3,16,123.006,Bajo,4.49,72,97,25.6,96,95,0.08,3283,Medio,2.03,2.8,2.8,6.5,Medio,72.9
North Macedonia,Rest of Europe,Developing,2001,13.2,14.8,121.482,Bajo,4.4,74,97,25.7,91,91,0.08,3169,Medio,2.03,2.8,2.8,6.8,Medio,73.4
North Macedonia,Rest of Europe,Developing,2002,12.8,14.3,119.958,Bajo,4.67,69,97,25.8,97,96,0.08,3240,Medio,2.02,2.7,2.7,7.1,Medio,73
North Macedonia,Rest of Europe,Developing,2003,12.8,14.4,118.556,Bajo,5.18,74,97,25.8,96,96,0.08,3301,Medio,2.03,2.7,2.7,7.5,Medio,73.2
North Macedonia,Rest of Europe,Developing,2004,12.7,14.3,117.1545,Bajo,4.98,79,97,25.9,95,94,0.08,3446,Medio,2.03,2.6,2.6,7.8,Medio,73.6
North Macedonia,Rest of Europe,Developing,2005,12.2,13.7,115.753,Bajo,4.24,53,97,25.9,98,97,0.08,3601,Medio,2.04,2.5,2.6,8.2,Medio,73.7
North Macedonia,Rest of Europe,Developing,2006,11.5,13,114.3515,Bajo,3.79,89,97,26,92,93,0.08,3780,Medio,2.04,2.5,2.5,8.4,Medio,73.9
North Macedonia,Rest of Europe,Developing,2007,10.9,12.3,112.9495,Bajo,3.84,96,97,26.1,96,95,0.08,4018,Medio,2.04,2.4,2.5,8.5,Medio,73.8
North Macedonia,Rest of Europe,Developing,2008,10.3,11.7,110.659,Bajo,4.02,97,97,26.1,96,95,0.08,4231,Medio,2.05,2.4,2.4,8.7,Medio,74.4
North Macedonia,Rest of Europe,Developing,2009,9.7,11,108.3685,Bajo,3.67,95,97,26.2,96,96,0.08,4208,Medio,2.05,2.3,2.4,8.9,Medio,74.4
North Macedonia,Rest of Europe,Developing,2010,9.2,10.4,106.0775,Bajo,3.53,90,97,26.3,95,95,0.08,4340,Medio,2.06,2.3,2.3,9.1,Medio,75
North Macedonia,Rest of Europe,Developing,2011,8.8,10,103.787,Bajo,3.52,96,97,26.4,97,96,0.08,4434,Medio,2.06,2.2,2.3,9.3,Medio,75.1
North Macedonia,Rest of Europe,Developing,2012,9,10.1,101.497,Bajo,3.54,98,97,26.4,97,95,0.08,4408,Medio,2.06,2.2,2.2,9.3,Medio,74.9
North Macedonia,Rest of Europe,Developing,2013,9.4,10.6,100.0635,Bajo,3.61,97,97,26.5,98,98,0.08,4531,Medio,2.06,2.2,2.2,9.4,Medio,75.4
North Macedonia,Rest of Europe,Developing,2014,9.9,11.2,98.63,Bajo,3.56,97,97,26.6,96,95,0.08,4687,Medio,2.07,2.2,2.2,9.5,Medio,75.5
North Macedonia,Rest of Europe,Developing,2015,10,11.4,97.197,Bajo,3.57,92,97,26.7,92,91,0.08,4862,Medio,2.07,2.1,2.1,9.6,Alto,75.4
Norway,Rest of Europe,Developed,2000,3.9,4.9,83.859,Bajo,5.67,88,90,25.6,91,90,0.03,67438,Alto,4.49,0.8,0.7,12,Alto,78.6
Norway,Rest of Europe,Developed,2001,3.8,4.7,80.4955,Bajo,5.49,88,90,25.7,91,91,0.03,68489,Alto,4.51,0.8,0.7,12.1,Alto,78.8
Norway,Rest of Europe,Developed,2002,3.7,4.6,78.9785,Bajo,5.89,88,90,25.8,93,93,0.03,69106,Alto,4.54,0.8,0.7,12.1,Alto,79
Norway,Rest of Europe,Developed,2003,3.6,4.4,75.5335,Bajo,6.04,88,89,25.9,92,92,0.02,69327,Alto,4.56,0.8,0.7,12.2,Alto,79.4
Norway,Rest of Europe,Developed,2004,3.4,4.2,74.4275,Bajo,6.22,88,90,26,92,92,0.02,71655,Alto,4.59,0.8,0.7,12.7,Alto,79.8
Norway,Rest of Europe,Developed,2005,3.3,4.1,72.1705,Bajo,6.37,88,91,26,91,91,0.03,73037,Alto,4.62,0.8,0.7,12.4,Alto,80
Norway,Rest of Europe,Developed,2006,3.2,3.9,69.5825,Bajo,6.47,88,91,26.1,94,94,0.03,74190,Alto,4.66,0.8,0.7,12.5,Alto,80.3
Norway,Rest of Europe,Developed,2007,3,3.7,67.0805,Bajo,6.6,88,93,26.2,93,93,0.03,75624,Alto,4.71,0.7,0.7,12.6,Alto,80.4
Norway,Rest of Europe,Developed,2008,2.9,3.6,66.2655,Bajo,6.75,88,95,26.3,94,94,0.03,75044,Alto,4.77,0.7,0.7,12.7,Alto,80.6
Norway,Rest of Europe,Developed,2009,2.8,3.4,66.481,Bajo,6.68,88,96,26.3,94,94,0.03,72823,Alto,4.83,0.7,0.7,12.7,Alto,80.8
Norway,Rest of Europe,Developed,2010,2.7,3.3,64.862,Bajo,6.59,88,97,26.4,93,93,0.04,72427,Alto,4.89,0.7,0.7,12.7,Alto,81
Norway,Rest of Europe,Developed,2011,2.5,3.1,64.761,Bajo,6.44,88,94,26.4,94,94,0.04,72195,Alto,4.95,0.7,0.7,12.8,Alto,81.3
Norway,Rest of Europe,Developed,2012,2.5,3,59.097,Bajo,6.21,88,91,26.5,95,95,0.04,73179,Alto,5.02,0.7,0.7,12.6,Alto,81.5
Norway,Rest of Europe,Developed,2013,2.4,2.9,60.485,Bajo,6.21,88,91,26.5,94,94,0.04,73047,Alto,5.08,0.8,0.7,12.7,Alto,81.8
Norway,Rest of Europe,Developed,2014,2.3,2.8,56.476,Bajo,6.06,88,92,26.6,93,93,0.04,73650,Alto,5.14,0.8,0.7,12.5,Alto,82.1
Norway,Rest of Europe,Developed,2015,2.2,2.7,53.897,Bajo,5.97,88,91,26.6,95,95,0.04,74356,Alto,5.19,0.8,0.7,12.5,Alto,82.3
Oman,Middle East,Developing,2000,14.2,16.5,130.341,Medio,0.38,99,99,25.4,99,99,0.05,20625,Alto,2.27,7.2,6.9,5.3,Bajo,72.1
Oman,Middle East,Developing,2001,13.3,15.4,126.257,Bajo,0.54,99,99,25.5,99,99,0.05,21296,Alto,2.29,7.1,6.9,5.6,Bajo,72.6
Oman,Middle East,Developing,2002,12.5,14.5,122.173,Bajo,0.53,99,98,25.5,99,99,0.05,20702,Alto,2.33,7.1,6.8,5.9,Bajo,73
Oman,Middle East,Developing,2003,11.9,13.8,118.7185,Bajo,0.55,99,98,25.5,99,99,0.05,19716,Alto,2.39,7.1,6.8,6.4,Medio,73.4
Oman,Middle East,Developing,2004,11.4,13.2,115.264,Bajo,0.59,99,98,25.6,99,99,0.05,19486,Alto,2.45,7.1,6.8,6.6,Medio,73.9
Oman,Middle East,Developing,2005,11,12.8,111.8095,Bajo,0.6,99,97,25.6,99,99,0.05,19448,Alto,2.51,7,6.8,6.8,Medio,74.2
Oman,Middle East,Developing,2006,10.7,12.5,108.355,Bajo,0.54,99,97,25.7,98,98,0.05,19941,Alto,2.58,7,6.8,7,Medio,74.6
Oman,Middle East,Developing,2007,10.5,12.2,104.9,Bajo,0.52,99,95,25.7,97,99,0.05,20230,Alto,2.66,7,6.8,7.3,Medio,74.9
Oman,Middle East,Developing,2008,10.3,12,102.805,Bajo,0.51,99,98,25.8,97,99,0.05,21143,Alto,2.75,6.9,6.8,8.1,Medio,75.2
Oman,Middle East,Developing,2009,10.2,11.8,100.71,Bajo,0.5,98,99,25.9,96,98,0.05,21458,Alto,2.88,6.9,6.8,7.7,Medio,75.4
Oman,Middle East,Developing,2010,10.1,11.7,98.615,Bajo,0.51,99,99,25.9,99,99,0.05,20640,Alto,3.04,6.9,6.8,7.9,Medio,75.7
Oman,Middle East,Developing,2011,10,11.6,96.52,Bajo,0.5,99,99,26,99,99,0.05,19868,Alto,3.25,6.9,6.8,8.3,Medio,75.9
Oman,Middle East,Developing,2012,9.8,11.4,94.4245,Bajo,0.49,98,99,26.1,99,98,0.05,20102,Alto,3.5,7,6.8,8.6,Medio,76.1
Oman,Middle East,Developing,2013,9.7,11.3,92.6785,Bajo,0.44,98,99,26.1,99,98,0.05,19654,Alto,3.76,7,6.8,8.9,Medio,76.4
Oman,Middle East,Developing,2014,9.7,11.2,90.9325,Bajo,0.42,99,99,26.2,99,99,0.05,18611,Alto,4.03,7.1,6.9,9.3,Medio,76.6
Oman,Middle East,Developing,2015,9.6,11.2,89.1875,Bajo,0.45,99,98,26.3,99,99,0.05,18445,Alto,4.27,7.1,6.9,9.5,Medio,76.9
Pakistan,Asia,Developing,2000,84.6,107.8,188.328,Medio,0.015,64,33,22.5,61,62,0.13,1029,Bajo,142.34,22.2,22.6,3.3,Bajo,62.8
Pakistan,Asia,Developing,2001,82.6,105,186.6995,Medio,0.014,64,33,22.6,63,65,0.13,1039,Bajo,145.98,22,22.4,3.5,Bajo,63.1
Pakistan,Asia,Developing,2002,80.9,102.4,185.0715,Medio,0.014,64,33,22.7,64,68,0.13,1040,Bajo,149.55,21.8,22.2,3.8,Bajo,63.3
Pakistan,Asia,Developing,2003,79.3,100.2,183.668,Medio,0.014,63,33,22.8,66,67,0.13,1074,Bajo,153.09,21.6,22,4,Bajo,63.5
Pakistan,Asia,Developing,2004,77.9,98.1,182.265,Medio,0.014,65,33,22.9,67,65,0.13,1129,Bajo,156.66,21.4,21.8,4.3,Bajo,63.7
Pakistan,Asia,Developing,2005,76.6,96.3,180.861,Medio,0.039,65,33,23,63,77,0.13,1175,Bajo,160.3,21.2,21.7,4.5,Bajo,64
Pakistan,Asia,Developing,2006,75.4,94.5,179.458,Medio,0.034,78,32,23.1,58,78,0.13,1217,Bajo,164.02,21,21.5,4.4,Bajo,64.2
Pakistan,Asia,Developing,2007,74.1,92.7,178.0545,Medio,0.034,75,33,23.2,54,75,0.13,1247,Bajo,167.81,20.8,21.3,4.4,Bajo,64.4
Pakistan,Asia,Developing,2008,72.8,90.9,175.0925,Medio,0.036,65,34,23.2,53,62,0.13,1239,Bajo,171.65,20.7,21.1,4.4,Bajo,64.7
Pakistan,Asia,Developing,2009,71.5,89.1,172.1295,Medio,0.035,78,30,23.3,52,71,0.13,1246,Bajo,175.53,20.5,20.9,4.5,Bajo,65
Pakistan,Asia,Developing,2010,70.1,87.1,169.1665,Medio,0.04,82,34,23.4,52,82,0.13,1239,Bajo,179.42,20.2,20.7,4.7,Bajo,65.3
Pakistan,Asia,Developing,2011,68.6,85,166.204,Medio,0.04,74,38,23.5,63,74,0.13,1246,Bajo,183.34,20,20.4,4.8,Bajo,65.6
Pakistan,Asia,Developing,2012,67,82.8,163.241,Medio,0.03,72,42,23.6,64,72,0.13,1262,Bajo,187.28,19.8,20.2,4.8,Bajo,65.8
Pakistan,Asia,Developing,2013,65.4,80.6,162.208,Medio,0.03,72,43,23.7,65,72,0.13,1290,Bajo,191.26,19.6,20,4.9,Bajo,66.1
Pakistan,Asia,Developing,2014,63.8,78.3,161.1745,Medio,0.04,72,48,23.8,69,72,0.13,1323,Bajo,195.31,19.4,19.8,5.1,Bajo,66.4
Pakistan,Asia,Developing,2015,62.1,76,160.141,Medio,0.04,72,54,23.9,72,72,0.13,1357,Bajo,199.43,19.2,19.6,5.1,Bajo,66.6
Panama,Central America and Caribbean,Developing,2000,21.9,26,124.869,Bajo,5.08,98,88,25.6,99,98,0.4,6955,Medio,3.03,2.4,2.3,8.5,Medio,75.1
Panama,Central America and Caribbean,Developing,2001,21.4,25.4,124.62,Bajo,4.9,98,88,25.7,95,99,0.4,6861,Medio,3.09,2.3,2.3,8.6,Medio,75.2
Panama,Central America and Caribbean,Developing,2002,20.9,24.8,124.3705,Bajo,4.94,98,88,25.8,99,99,0.4,6881,Medio,3.15,2.3,2.2,8.7,Medio,75.4
Panama,Central America and Caribbean,Developing,2003,20.5,24.1,124.5355,Bajo,4.92,98,89,25.9,95,98,0.4,7037,Medio,3.21,2.2,2.2,8.8,Medio,75.6
Panama,Central America and Caribbean,Developing,2004,20,23.5,124.7005,Bajo,4.97,95,89,26,92,95,0.4,7427,Medio,3.27,2.2,2.1,8.9,Medio,75.7
Panama,Central America and Caribbean,Developing,2005,19.5,22.9,124.8655,Bajo,4.9,92,89,26.1,88,92,0.4,7815,Medio,3.33,2.1,2.1,9,Medio,75.9
Panama,Central America and Caribbean,Developing,2006,19,22.3,125.0305,Bajo,5.07,88,86,26.1,98,88,0.4,8338,Medio,3.39,2.1,2,9.1,Medio,76.1
Panama,Central America and Caribbean,Developing,2007,18.5,21.7,125.1955,Bajo,5.46,85,83,26.2,84,85,0.4,9169,Alto,3.45,2.1,2,9.2,Medio,76.2
Panama,Central America and Caribbean,Developing,2008,18,21.1,124.016,Bajo,6,86,79,26.3,86,86,0.4,9894,Alto,3.52,2,2,9.2,Medio,76.4
Panama,Central America and Caribbean,Developing,2009,17.5,20.5,122.8365,Bajo,6.14,85,76,26.4,85,85,0.4,9840,Alto,3.58,2,1.9,9.3,Medio,76.6
Panama,Central America and Caribbean,Developing,2010,17,19.9,121.6565,Bajo,6.1,94,73,26.5,95,94,0.4,10232,Alto,3.64,2,1.9,9.3,Medio,76.8
Panama,Central America and Caribbean,Developing,2011,16.5,19.3,120.477,Bajo,6.16,87,81,26.5,91,87,0.4,11194,Alto,3.71,2,1.9,9.3,Medio,77
Panama,Central America and Caribbean,Developing,2012,16,18.7,119.297,Bajo,6.21,85,72,26.6,87,85,0.4,12080,Alto,3.77,1.9,1.9,9.5,Medio,77.2
Panama,Central America and Caribbean,Developing,2013,15.5,18.1,117.765,Bajo,6.21,80,68,26.7,81,80,0.4,12695,Alto,3.84,1.9,1.9,9.7,Alto,77.4
Panama,Central America and Caribbean,Developing,2014,15.1,17.6,116.233,Bajo,6.3,80,90,26.8,80,80,0.4,13113,Alto,3.9,1.9,1.8,9.9,Alto,77.6
Panama,Central America and Caribbean,Developing,2015,14.6,17,114.701,Bajo,6.84,73,92,26.8,72,73,0.4,13630,Alto,3.97,1.9,1.8,9.9,Alto,77.8
Papua New Guinea,Oceania,Developing,2000,53.6,71.1,274.1065,Alto,0.67,57,65,24.1,51,59,0.54,1884,Bajo,5.85,1.6,1.5,3.3,Bajo,59.3
Papua New Guinea,Oceania,Developing,2001,52.8,69.9,269.8105,Alto,0.65,59,65,24.2,52,55,0.61,1842,Bajo,5.97,1.5,1.5,3.3,Bajo,59.5
Papua New Guinea,Oceania,Developing,2002,52.1,68.8,265.5145,Alto,0.58,60,65,24.3,54,61,0.64,1801,Bajo,6.1,1.5,1.5,3.4,Bajo,59.7
Papua New Guinea,Oceania,Developing,2003,51.3,67.5,260.612,Alto,0.56,67,65,24.4,62,68,0.64,1803,Bajo,6.22,1.5,1.4,3.4,Bajo,60
Papua New Guinea,Oceania,Developing,2004,50.4,66.2,255.71,Alto,0.55,60,65,24.5,59,62,0.61,1814,Bajo,6.35,1.5,1.4,3.5,Bajo,60.2
Papua New Guinea,Oceania,Developing,2005,49.6,64.9,250.8075,Alto,0.8,63,65,24.6,61,72,0.56,1888,Bajo,6.49,1.4,1.4,3.5,Bajo,60.5
Papua New Guinea,Oceania,Developing,2006,48.7,63.5,245.9055,Alto,0.61,71,65,24.7,65,72,0.5,1944,Bajo,6.65,1.4,1.4,3.6,Bajo,60.8
Papua New Guinea,Oceania,Developing,2007,47.8,62.1,241.003,Alto,0.67,61,65,24.8,68,71,0.44,2046,Bajo,6.81,1.4,1.3,3.7,Bajo,61.1
Papua New Guinea,Oceania,Developing,2008,46.8,60.8,238.9705,Alto,0.77,59,65,24.9,69,63,0.39,1991,Bajo,6.98,1.4,1.3,3.8,Bajo,61.4
Papua New Guinea,Oceania,Developing,2009,45.9,59.3,236.9375,Alto,0.78,66,65,24.9,70,73,0.36,2077,Bajo,7.14,1.4,1.3,3.9,Bajo,61.7
Papua New Guinea,Oceania,Developing,2010,44.9,57.9,234.9045,Alto,0.73,56,65,25,61,67,0.37,2235,Medio,7.31,1.4,1.3,4,Bajo,62
Papua New Guinea,Oceania,Developing,2011,44,56.5,232.8715,Alto,0.81,66,65,25.1,55,72,0.37,2211,Medio,7.47,1.3,1.3,4.1,Bajo,62.3
Papua New Guinea,Oceania,Developing,2012,43,55.2,230.8385,Alto,0.94,68,65,25.2,65,74,0.38,2266,Medio,7.63,1.3,1.3,4.2,Bajo,62.6
Papua New Guinea,Oceania,Developing,2013,42.1,53.8,229.028,Alto,0.81,73,65,25.3,62,79,0.39,2305,Medio,7.79,1.3,1.3,4.3,Bajo,62.9
Papua New Guinea,Oceania,Developing,2014,41.2,52.4,227.218,Alto,1.35,67,65,25.4,43,73,0.4,2565,Medio,7.95,1.3,1.3,4.3,Bajo,63.2
Papua New Guinea,Oceania,Developing,2015,40.2,51,225.4075,Alto,1.36,67,65,25.5,51,73,0.41,2679,Medio,8.11,1.3,1.3,4.3,Bajo,63.5
Paraguay,South America,Developing,2000,27.9,33.9,169.386,Medio,5.64,89,55,24.9,86,86,0.18,3904,Medio,5.32,2.5,2.4,5.9,Bajo,70.5
Paraguay,South America,Developing,2001,27.4,33.1,167.8405,Medio,5.49,89,55,25,90,89,0.18,3797,Medio,5.43,2.5,2.4,6.2,Medio,70.8
Paraguay,South America,Developing,2002,26.8,32.3,166.295,Medio,4.81,89,55,25.1,87,87,0.18,3725,Medio,5.53,2.4,2.3,6.5,Medio,71
Paraguay,South America,Developing,2003,26.2,31.6,164.433,Medio,4.49,86,55,25.3,86,86,0.17,3816,Medio,5.63,2.4,2.3,7,Medio,71.2
Paraguay,South America,Developing,2004,25.6,30.8,162.571,Medio,5.17,90,55,25.4,92,92,0.18,3903,Medio,5.73,2.3,2.2,7.1,Medio,71.5
Paraguay,South America,Developing,2005,25,30,160.709,Medio,5.51,92,31,25.5,96,96,0.17,3923,Medio,5.82,2.3,2.2,7.3,Medio,71.7
Paraguay,South America,Developing,2006,24.5,29.3,158.8465,Medio,5.92,92,61,25.6,98,98,0.16,4049,Medio,5.91,2.2,2.2,7.1,Medio,71.9
Paraguay,South America,Developing,2007,23.9,28.5,156.985,Medio,6.03,86,74,25.7,95,95,0.16,4208,Medio,6,2.2,2.1,7.1,Medio,72.1
Paraguay,South America,Developing,2008,23.2,27.7,155.128,Medio,6.89,87,84,25.8,85,89,0.15,4420,Medio,6.08,2.1,2.1,7.4,Medio,72.3
Paraguay,South America,Developing,2009,22.6,26.9,153.271,Medio,6.06,85,77,25.9,82,85,0.15,4350,Medio,6.16,2.1,2,7,Medio,72.5
Paraguay,South America,Developing,2010,22,26.2,151.414,Medio,6.27,89,77,26,89,89,0.15,4767,Medio,6.25,2.1,2,7.7,Medio,72.7
Paraguay,South America,Developing,2011,21.4,25.4,149.557,Medio,6.14,89,78,26.2,89,89,0.15,4904,Medio,6.33,2.1,2,7.8,Medio,72.9
Paraguay,South America,Developing,2012,20.8,24.6,147.7,Medio,5.8,87,75,26.3,89,87,0.14,4803,Medio,6.42,2,2,7.8,Medio,73.1
Paraguay,South America,Developing,2013,20.2,23.8,146.917,Medio,5.62,86,76,26.4,89,86,0.14,5130,Medio,6.51,2,1.9,8.3,Medio,73.3
Paraguay,South America,Developing,2014,19.6,23,146.1335,Medio,5.39,87,76,26.5,93,87,0.14,5329,Medio,6.6,2,1.9,8.2,Medio,73.5
Paraguay,South America,Developing,2015,19,22.3,145.351,Medio,5.21,93,72,26.6,93,93,0.14,5414,Medio,6.69,2,1.9,8.5,Medio,73.7
Peru,South America,Developing,2000,29.3,38.2,153.5785,Medio,4.76,84,51,25,93,98,0.19,3304,Medio,26.46,1.4,1.4,8,Medio,71.1
Peru,South America,Developing,2001,27.2,35.3,151.0545,Medio,4.09,84,51,25.1,90,90,0.19,3282,Medio,26.8,1.4,1.4,8.1,Medio,71.5
Peru,South America,Developing,2002,25.2,32.7,148.5315,Medio,3.93,84,52,25.2,95,95,0.2,3422,Medio,27.1,1.4,1.4,8.3,Medio,71.9
Peru,South America,Developing,2003,23.5,30.4,146.326,Medio,4.59,65,51,25.3,95,94,0.19,3529,Medio,27.37,1.3,1.3,8.4,Medio,72.2
Peru,South America,Developing,2004,22,28.3,144.121,Medio,4.54,92,51,25.4,81,86,0.19,3671,Medio,27.62,1.3,1.3,8.6,Medio,72.6
Peru,South America,Developing,2005,20.6,26.5,141.9155,Medio,4.65,94,52,25.5,66,77,0.2,3868,Medio,27.87,1.3,1.3,8.7,Medio,72.9
Peru,South America,Developing,2006,19.3,24.9,139.7105,Medio,4.48,94,50,25.6,94,94,0.19,4124,Medio,28.1,1.2,1.2,8.1,Medio,73.2
Peru,South America,Developing,2007,18.2,23.4,137.505,Medio,4.51,93,51,25.7,93,93,0.18,4439,Medio,28.33,1.2,1.2,8.1,Medio,73.5
Peru,South America,Developing,2008,17.1,22,135.759,Medio,4.95,93,56,25.8,93,93,0.17,4805,Medio,28.56,1.2,1.2,8.4,Medio,73.8
Peru,South America,Developing,2009,16.2,20.8,134.0135,Medio,5.04,93,42,25.9,92,93,0.16,4819,Medio,28.79,1.2,1.2,8.4,Medio,74.1
Peru,South America,Developing,2010,15.3,19.8,132.268,Medio,5.23,93,56,26,92,93,0.15,5178,Medio,29.03,1.1,1.1,8.4,Medio,74.4
Peru,South America,Developing,2011,14.6,18.8,130.5225,Medio,5.22,91,70,26.1,91,91,0.13,5461,Medio,29.26,1.1,1.1,9.1,Medio,74.7
Peru,South America,Developing,2012,13.9,17.9,128.7765,Medio,5.35,95,63,26.2,94,95,0.13,5749,Medio,29.51,1.1,1.1,8.6,Medio,75
Peru,South America,Developing,2013,13.3,17.1,127.208,Bajo,5.27,88,54,26.3,71,88,0.12,6030,Medio,29.77,1.1,1.1,8.8,Medio,75.3
Peru,South America,Developing,2014,12.7,16.4,125.6385,Bajo,5.51,88,44,26.4,78,88,0.12,6109,Medio,30.09,1.1,1.1,9.4,Medio,75.5
Peru,South America,Developing,2015,12.2,15.7,124.07,Bajo,5.68,90,63,26.5,88,90,0.13,6229,Medio,30.47,1.1,1.1,9.1,Medio,75.8
Philippines,Asia,Developing,2000,28.7,37.7,215.3515,Alto,4.72,46,19,22.2,74,78,0.01,1831,Bajo,77.99,1,9.6,7.6,Medio,68.8
Philippines,Asia,Developing,2001,28.2,36.9,214.2685,Alto,4.53,45,19,22.3,76,79,0.01,1847,Bajo,79.67,1,9.7,7.7,Medio,68.8
Philippines,Asia,Developing,2002,27.8,36.2,213.186,Alto,4.39,42,19,22.3,77,79,0.01,1876,Bajo,81.37,1,9.7,7.9,Medio,68.9
Philippines,Asia,Developing,2003,27.3,35.5,212.4255,Alto,4.42,52,19,22.4,85,84,0.01,1931,Bajo,83.05,1,9.7,8,Medio,68.9
Philippines,Asia,Developing,2004,26.9,34.9,211.6655,Medio,4.42,48,18,22.4,85,88,0.01,2018,Bajo,84.71,1,9.7,8.6,Medio,69
Philippines,Asia,Developing,2005,26.4,34.2,210.905,Medio,4.19,49,19,22.5,90,89,0.01,2078,Bajo,86.33,1,9.7,8.7,Medio,69.1
Philippines,Asia,Developing,2006,26,33.6,210.145,Medio,4.05,77,19,22.5,88,88,0.02,2149,Bajo,87.89,1,9.7,8.8,Medio,69.2
Philippines,Asia,Developing,2007,25.7,33,209.3845,Medio,4.14,87,17,22.6,87,87,0.02,2251,Medio,89.41,1,9.7,8.9,Medio,69.4
Philippines,Asia,Developing,2008,25.3,32.5,208.4315,Medio,4.15,88,22,22.6,87,91,0.03,2310,Medio,90.9,1,9.7,9,Medio,69.5
Philippines,Asia,Developing,2009,25,32.1,207.4785,Medio,4.34,85,19,22.7,87,87,0.04,2305,Medio,92.41,1,9.7,9,Medio,69.7
Philippines,Asia,Developing,2010,24.8,31.7,206.525,Medio,4.73,77,10,22.7,88,79,0.05,2433,Medio,93.97,1,9.7,8.9,Medio,69.8
Philippines,Asia,Developing,2011,24.5,31.3,205.572,Medio,4.85,87,36,22.8,88,87,0.05,2484,Medio,95.57,1,9.7,9,Medio,70
Philippines,Asia,Developing,2012,24.2,30.9,204.619,Medio,4.96,88,42,22.9,88,88,0.06,2611,Medio,97.21,1,9.7,9.1,Medio,70.1
Philippines,Asia,Developing,2013,23.9,30.5,202.9915,Medio,4.61,89,54,22.9,85,89,0.07,2740,Medio,98.87,1,9.7,9.1,Medio,70.3
Philippines,Asia,Developing,2014,23.7,30.1,201.364,Medio,4.61,67,54,23,82,67,0.09,2867,Medio,100.51,1,9.7,9.2,Medio,70.5
Philippines,Asia,Developing,2015,23.4,29.6,199.7365,Medio,4.52,75,57,23.1,79,60,0.1,3001,Medio,102.11,1,9.7,9.3,Medio,70.6
Poland,European Union,Developed,2000,8.1,9.3,152.9305,Medio,8.4,99,96,25.4,98,98,0.08,7357,Medio,38.26,2.5,2.8,11.1,Alto,73.7
Poland,European Union,Developed,2001,7.6,8.8,147.2585,Medio,7.74,95,96,25.5,98,98,0.08,7451,Medio,38.25,2.5,2.7,11.1,Alto,74.2
Poland,European Union,Developed,2002,7.3,8.4,143.4055,Medio,8.02,98,97,25.5,98,99,0.08,7607,Medio,38.23,2.5,2.6,11.4,Alto,74.5
Poland,European Union,Developed,2003,7,8.1,141.427,Medio,9.06,97,97,25.6,98,99,0.08,7878,Medio,38.2,2.4,2.6,11.5,Alto,74.6
Poland,European Union,Developed,2004,6.8,7.8,142.2675,Medio,9.19,98,96,25.7,99,99,0.08,8275,Medio,38.18,2.4,2.5,11.6,Alto,74.8
Poland,European Union,Developed,2005,6.5,7.6,142.2435,Medio,9.07,98,90,25.7,99,99,0.08,8569,Alto,38.17,2.3,2.5,11.6,Alto,75
Poland,European Union,Developed,2006,6.3,7.3,142.4465,Medio,9.74,98,99,25.8,99,99,0.08,9101,Alto,38.14,2.3,2.4,11.7,Alto,75.1
Poland,European Union,Developed,2007,6.1,7,142.313,Medio,10.39,98,98,25.9,99,99,0.08,9749,Alto,38.12,2.2,2.4,11.8,Alto,75.2
Poland,European Union,Developed,2008,5.8,6.7,139.302,Medio,10.8,98,97,26,96,99,0.08,10157,Alto,38.13,2.2,2.3,11.9,Alto,75.5
Poland,European Union,Developed,2009,5.5,6.3,135.045,Medio,10.17,98,95,26.1,96,99,0.08,10437,Alto,38.15,2.1,2.3,12.1,Alto,75.7
Poland,European Union,Developed,2010,5.1,6,129.3125,Medio,10.07,98,94,26.1,96,99,0.08,10859,Alto,38.04,2.1,2.2,12.2,Alto,76.2
Poland,European Union,Developed,2011,4.9,5.7,126.5725,Bajo,10.24,98,95,26.2,96,99,0.08,11369,Alto,38.06,2,2.2,12.3,Alto,76.7
Poland,European Union,Developed,2012,4.7,5.4,124.316,Bajo,10.21,97,95,26.3,95,99,0.08,11520,Alto,38.06,2,2.1,11.7,Alto,76.7
Poland,European Union,Developed,2013,4.5,5.2,119.573,Bajo,10.8,96,93,26.4,95,99,0.08,11656,Alto,38.04,2,2.1,12.1,Alto,77
Poland,European Union,Developed,2014,4.3,5,113.623,Bajo,10.45,96,95,26.5,94,98,0.08,12059,Alto,38.01,1.9,2.1,11.3,Alto,77.6
Poland,European Union,Developed,2015,4.2,4.9,113.669,Bajo,10.47,96,94,26.6,92,98,0.08,12578,Alto,37.99,1.9,2,12.1,Alto,77.5
Portugal,European Union,Developed,2000,5.5,7.2,109.6325,Bajo,12.77,58,48,25.5,96,96,0.22,18795,Alto,10.29,0.8,0.6,6.8,Medio,76.3
Portugal,European Union,Developed,2001,5.1,6.6,108.319,Bajo,12.63,70,56,25.6,96,97,0.22,19026,Alto,10.36,0.8,0.6,6.9,Medio,76.8
Portugal,European Union,Developed,2002,4.7,6.1,106.0975,Bajo,12.5,82,64,25.6,96,98,0.21,19068,Alto,10.42,0.8,0.6,7,Medio,77.1
Portugal,European Union,Developed,2003,4.3,5.5,103.6955,Bajo,12.22,94,72,25.7,96,99,0.2,18819,Alto,10.46,0.7,0.6,7.2,Medio,77.2
Portugal,European Union,Developed,2004,3.9,5,98.033,Bajo,12.26,94,79,25.7,95,95,0.19,19110,Alto,10.48,0.7,0.6,7.4,Medio,77.7
Portugal,European Union,Developed,2005,3.6,4.6,99.147,Bajo,11.97,94,87,25.8,93,93,0.19,19224,Alto,10.5,0.7,0.6,7.5,Medio,78.1
Portugal,European Union,Developed,2006,3.4,4.4,94.1855,Bajo,11.81,97,95,25.8,97,97,0.18,19501,Alto,10.52,0.7,0.5,7.6,Medio,78.4
Portugal,European Union,Developed,2007,3.3,4.2,91.6555,Bajo,11.54,97,95,25.8,96,97,0.18,19951,Alto,10.54,0.7,0.5,7.7,Medio,78.3
Portugal,European Union,Developed,2008,3.2,4,89.2665,Bajo,11.47,97,95,25.8,97,97,0.17,19986,Alto,10.56,0.7,0.5,7.8,Medio,78.5
Portugal,European Union,Developed,2009,3.1,3.9,87.823,Bajo,11.5,96,95,25.8,96,96,0.16,19343,Alto,10.57,0.7,0.5,7.9,Medio,78.7
Portugal,European Union,Developed,2010,3.1,3.8,86.146,Bajo,11.26,97,95,25.8,97,98,0.16,19670,Alto,10.57,0.7,0.5,8.1,Medio,79
Portugal,European Union,Developed,2011,3,3.7,83.842,Bajo,10.86,97,96,25.8,97,97,0.15,19365,Alto,10.56,0.7,0.5,8.3,Medio,80.5
Portugal,European Union,Developed,2012,3,3.7,80.7525,Bajo,9.76,98,96,25.8,98,98,0.14,18655,Alto,10.51,0.7,0.5,8.5,Medio,80.4
Portugal,European Union,Developed,2013,3,3.7,78.8295,Bajo,9.52,98,96,25.7,98,98,0.14,18585,Alto,10.46,0.7,0.5,8.6,Medio,80.7
Portugal,European Union,Developed,2014,3,3.6,76.9805,Bajo,10.2,98,96,25.7,98,98,0.13,18833,Alto,10.4,0.7,0.5,8.9,Medio,81.1
Portugal,European Union,Developed,2015,3,3.6,73.283,Bajo,10.34,98,95,25.7,98,98,0.12,19250,Alto,10.36,0.7,0.5,9.1,Medio,81.1
Qatar,Middle East,Developing,2000,10.7,12.5,71.201,Bajo,0.55,89,91,27.6,91,80,0.04,56865,Alto,0.59,4.8,4.5,7.9,Medio,77.5
Qatar,Middle East,Developing,2001,10.3,12,69.798,Bajo,0.75,93,92,27.7,93,93,0.04,56916,Alto,0.62,4.8,4.5,8,Medio,77.6
Qatar,Middle East,Developing,2002,10,11.6,68.394,Bajo,0.83,98,91,27.8,96,96,0.04,58542,Alto,0.64,4.8,4.5,8.1,Medio,77.8
Qatar,Middle East,Developing,2003,9.6,11.2,66.915,Bajo,0.92,93,91,27.9,93,92,0.04,57076,Alto,0.68,4.8,4.5,8.2,Medio,77.9
Qatar,Middle East,Developing,2004,9.3,10.8,65.436,Bajo,1,97,95,28,95,96,0.04,61583,Alto,0.75,4.8,4.5,8.4,Medio,78.1
Qatar,Middle East,Developing,2005,8.9,10.4,63.957,Bajo,1.08,97,98,28,98,97,0.05,57624,Alto,0.87,4.8,4.5,8.8,Medio,78.3
Qatar,Middle East,Developing,2006,8.7,10.1,62.478,Bajo,1.13,96,87,28.1,95,96,0.05,61522,Alto,1.02,4.9,4.5,9.2,Medio,78.4
Qatar,Middle East,Developing,2007,8.4,9.8,60.9985,Bajo,1.16,94,91,28.2,97,94,0.05,60927,Alto,1.22,4.9,4.5,9.6,Alto,78.6
Qatar,Middle East,Developing,2008,8.2,9.6,60.537,Bajo,1.15,97,95,28.3,98,97,0.05,60799,Alto,1.44,5,4.5,9.7,Alto,78.8
Qatar,Middle East,Developing,2009,8,9.4,60.075,Bajo,1.09,99,99,28.4,98,99,0.05,59091,Alto,1.65,5,4.6,9.2,Medio,78.9
Qatar,Middle East,Developing,2010,7.8,9.1,59.613,Bajo,1.07,97,98,28.5,98,97,0.05,63002,Alto,1.86,5,4.6,8.4,Medio,79.1
Qatar,Middle East,Developing,2011,7.6,8.9,59.151,Bajo,1.05,93,99,28.6,92,93,0.06,65129,Alto,2.04,5.1,4.6,8.7,Medio,79.3
Qatar,Middle East,Developing,2012,7.4,8.7,58.689,Bajo,1.03,93,99,28.7,93,92,0.06,63234,Alto,2.2,5.1,4.7,9.2,Medio,79.4
Qatar,Middle East,Developing,2013,7.2,8.4,57.8825,Bajo,1.03,97,99,28.8,99,97,0.06,62733,Alto,2.34,5.1,4.7,9.9,Alto,79.5
Qatar,Middle East,Developing,2014,7,8.1,57.076,Bajo,1.01,89,95,29,99,89,0.06,62785,Alto,2.46,5.2,4.8,9.8,Alto,79.6
Qatar,Middle East,Developing,2015,6.7,7.8,56.2695,Bajo,1.03,99,91,29.1,99,99,0.06,63039,Alto,2.57,5.2,4.9,9.8,Alto,79.8
Romania,European Union,Developed,2000,18.1,21.6,180.5335,Medio,9,98,96,24.8,99,99,0.05,4549,Medio,22.44,4,4.3,9.9,Alto,71.2
Romania,European Union,Developed,2001,17.3,20.5,176.1925,Medio,12.07,98,97,24.9,99,99,0.05,4853,Medio,22.13,3.8,4.2,9.7,Alto,71.2
Romania,European Union,Developed,2002,17,20.1,171.852,Medio,13.15,99,97,25,98,98,0.05,5225,Medio,21.73,3.7,4.1,9.6,Alto,71
Romania,European Union,Developed,2003,17,20,168.663,Medio,11.55,98,97,25.1,97,97,0.05,5386,Medio,21.57,3.5,4,9.7,Alto,71.3
Romania,European Union,Developed,2004,16.5,19.4,165.474,Medio,11.77,99,96,25.3,97,97,0.05,5981,Medio,21.45,3.4,3.9,9.9,Alto,71.6
Romania,European Union,Developed,2005,15.5,18.1,162.285,Medio,9.63,98,96,25.4,97,97,0.04,6299,Medio,21.32,3.3,3.8,10.1,Alto,71.9
Romania,European Union,Developed,2006,14.2,16.6,159.0955,Medio,9.89,99,96,25.5,97,97,0.04,6846,Medio,21.19,3.2,3.7,10.3,Alto,72.2
Romania,European Union,Developed,2007,13,15.2,155.9065,Medio,11.06,99,96,25.6,96,96,0.04,7450,Medio,20.88,3.2,3.6,10.5,Alto,72.6
Romania,European Union,Developed,2008,11.9,14,151.8615,Medio,12.38,97,95,25.8,95,96,0.04,8280,Medio,20.54,3.1,3.5,10.6,Alto,72.6
Romania,European Union,Developed,2009,11.1,13.1,147.816,Medio,11.01,95,94,25.9,95,95,0.04,7889,Medio,20.37,3,3.3,10.6,Alto,73.3
Romania,European Union,Developed,2010,10.5,12.4,143.7705,Medio,10.01,98,93,26,94,94,0.04,7626,Medio,20.25,3,3.2,10.7,Alto,73.5
Romania,European Union,Developed,2011,10,11.8,139.7255,Medio,9.58,96,91,26.2,89,89,0.04,7810,Medio,20.15,2.9,3.1,10.8,Alto,74.4
Romania,European Union,Developed,2012,9.5,11.2,135.6795,Medio,9.66,96,90,26.3,92,91,0.04,8005,Medio,20.06,2.8,3,10.9,Alto,74.4
Romania,European Union,Developed,2013,8.9,10.6,133.321,Medio,9.65,96,88,26.4,88,92,0.04,8338,Medio,19.98,2.7,2.9,10.9,Alto,75.1
Romania,European Union,Developed,2014,8.3,9.9,130.962,Medio,9.48,94,84,26.6,94,94,0.04,8671,Alto,19.91,2.6,2.8,10.9,Alto,74.9
Romania,European Union,Developed,2015,7.7,9.2,128.603,Medio,9.45,90,80,26.7,89,89,0.04,8969,Alto,19.82,2.5,2.7,10.9,Alto,74.9
Russian Federation,Rest of Europe,Developing,2000,15.5,19.3,300.6055,Alto,10.21,73,86,25.7,97,96,0.08,5324,Medio,146.6,2.9,3,11.3,Alto,65.5
Russian Federation,Rest of Europe,Developing,2001,14.7,18.3,307.7435,Alto,10.47,43,88,25.8,97,96,0.08,5619,Medio,145.98,2.8,3,11.4,Alto,65.4
Russian Federation,Rest of Europe,Developing,2002,13.8,17.2,316.457,Alto,10.87,81,93,25.8,97,97,0.08,5910,Medio,145.31,2.7,2.9,11.4,Alto,65.1
Russian Federation,Rest of Europe,Developing,2003,12.9,16.1,323.8525,Alto,11.32,94,96,25.9,97,96,0.08,6370,Medio,144.65,2.6,2.8,11.4,Alto,65
Russian Federation,Rest of Europe,Developing,2004,12,14.9,317.967,Alto,11.5,96,97,25.9,98,97,0.08,6857,Medio,144.07,2.5,2.8,11.4,Alto,65.5
Russian Federation,Rest of Europe,Developing,2005,11.1,13.8,318.6295,Alto,11.59,97,97,26,98,98,0.08,7323,Medio,143.52,2.4,2.7,11.4,Alto,65.5
Russian Federation,Rest of Europe,Developing,2006,10.3,12.8,292.2095,Alto,11.83,98,97,26,98,98,0.08,7950,Medio,143.05,2.4,2.7,11.4,Alto,66.7
Russian Federation,Rest of Europe,Developing,2007,9.6,11.9,273.832,Alto,12.24,98,97,26,98,98,0.08,8640,Alto,142.81,2.4,2.6,11.4,Alto,67.6
Russian Federation,Rest of Europe,Developing,2008,9,11.2,270.024,Alto,12.09,98,97,26.1,98,98,0.08,9094,Alto,142.74,2.3,2.5,11.4,Alto,67.9
Russian Federation,Rest of Europe,Developing,2009,8.6,10.7,254.149,Alto,11.25,98,97,26.1,98,98,0.08,8382,Medio,142.79,2.3,2.5,11.5,Alto,68.7
Russian Federation,Rest of Europe,Developing,2010,8.3,10.4,250.947,Alto,10.82,97,98,26.1,98,97,0.08,8755,Alto,142.85,2.3,2.5,11.5,Alto,68.8
Russian Federation,Rest of Europe,Developing,2011,8.1,10.1,238.2245,Alto,10.75,97,97,26.1,97,97,0.08,9124,Alto,142.96,2.3,2.4,11.6,Alto,69.7
Russian Federation,Rest of Europe,Developing,2012,7.9,9.8,228.0705,Alto,10.56,97,97,26.1,98,97,0.08,9476,Alto,143.2,2.3,2.4,11.7,Alto,70.1
Russian Federation,Rest of Europe,Developing,2013,7.6,9.4,220.997,Alto,9.77,97,97,26.2,98,97,0.08,9622,Alto,143.51,2.3,2.3,11.8,Alto,70.6
Russian Federation,Rest of Europe,Developing,2014,7.2,8.9,220.931,Alto,8.86,97,97,26.2,97,97,0.08,9521,Alto,143.82,2.3,2.3,11.9,Alto,70.7
Russian Federation,Rest of Europe,Developing,2015,6.6,8.2,223,Alto,8.06,97,97,26.2,97,97,0.08,9313,Alto,144.1,2.3,2.3,12,Alto,71.2
Rwanda,Africa,Developing,2000,109.5,185.2,442.3195,Alto,8.71,91,87,20.9,90,90,3.17,345,Bajo,7.93,7.6,7.7,2.3,Bajo,48.6
Rwanda,Africa,Developing,2001,100,167.4,432.824,Alto,9.27,91,87,21,76,77,2.9,361,Bajo,8.23,7.4,7.5,2.4,Bajo,49.9
Rwanda,Africa,Developing,2002,90.3,149.6,423.329,Alto,9.16,88,87,21.1,85,88,2.69,399,Bajo,8.43,7.2,7.4,2.5,Bajo,51
Rwanda,Africa,Developing,2003,81.4,133.5,395.725,Alto,8.65,96,87,21.2,96,96,2.5,401,Bajo,8.56,7,7.3,2.6,Bajo,52.2
Rwanda,Africa,Developing,2004,72.8,118.6,368.1215,Alto,7.83,89,87,21.2,89,89,2.27,425,Bajo,8.68,6.9,7.1,2.7,Bajo,53.6
Rwanda,Africa,Developing,2005,65.5,105.4,340.5175,Alto,9.25,95,87,21.3,95,95,2.07,457,Bajo,8.84,6.8,7,2.8,Bajo,55.3
Rwanda,Africa,Developing,2006,59.3,93.9,312.9135,Alto,8.79,99,87,21.4,99,99,1.86,488,Bajo,9.04,6.8,6.8,2.9,Bajo,57.1
Rwanda,Africa,Developing,2007,54.4,84.4,285.3095,Alto,7.84,97,87,21.5,98,97,1.44,512,Bajo,9.27,6.8,6.7,3.1,Bajo,58.9
Rwanda,Africa,Developing,2008,50.2,76.3,272.418,Alto,7.51,97,87,21.5,97,97,1.22,554,Bajo,9.52,6.7,6.6,3.2,Bajo,60.6
Rwanda,Africa,Developing,2009,47,69.6,259.5265,Alto,7.3,97,87,21.6,93,97,1.09,573,Bajo,9.78,6.6,6.4,3.3,Bajo,62.1
Rwanda,Africa,Developing,2010,44,63.8,246.635,Alto,7.13,97,87,21.7,93,97,1.04,599,Bajo,10.04,6.5,6.3,3.8,Bajo,63.4
Rwanda,Africa,Developing,2011,40.6,58.6,233.744,Alto,6.66,97,87,21.7,93,97,0.86,631,Bajo,10.29,6.3,6.2,3.8,Bajo,64.5
Rwanda,Africa,Developing,2012,38.8,54.9,220.852,Alto,6.43,98,87,21.8,98,98,0.84,669,Bajo,10.55,6.1,6.1,3.7,Bajo,65.4
Rwanda,Africa,Developing,2013,37.1,52,215.093,Alto,6.15,98,87,21.9,98,98,0.75,683,Bajo,10.81,5.9,5.9,3.8,Bajo,66.2
Rwanda,Africa,Developing,2014,35.7,49.7,209.3335,Medio,6.5,98,87,21.9,98,98,0.66,708,Bajo,11.08,5.8,5.8,4,Bajo,66.9
Rwanda,Africa,Developing,2015,34.6,47.7,203.574,Medio,6.31,98,87,22,99,98,0.59,751,Bajo,11.37,5.7,5.7,4,Bajo,67.5
Samoa,Oceania,Developing,2000,18.1,21.2,176.802,Medio,3,89,46,30.5,98,95,0.17,3059,Medio,0.17,0.2,0.2,8.8,Medio,68.7
Samoa,Oceania,Developing,2001,17.6,20.6,172.201,Medio,3.42,89,46,30.6,88,85,0.17,3268,Medio,0.18,0.2,0.2,8.9,Medio,69.1
Samoa,Oceania,Developing,2002,17.1,20.1,167.599,Medio,3.29,86,84,30.7,91,86,0.17,3433,Medio,0.18,0.2,0.2,9.1,Medio,69.5
Samoa,Oceania,Developing,2003,16.8,19.7,162.7035,Medio,4.16,83,65,30.8,90,83,0.17,3590,Medio,0.18,0.2,0.2,9.2,Medio,69.8
Samoa,Oceania,Developing,2004,16.6,19.4,157.807,Medio,3.62,54,45,30.9,35,55,0.17,3678,Medio,0.18,0.2,0.2,9.3,Medio,70.1
Samoa,Oceania,Developing,2005,16.5,19.3,152.911,Medio,3.63,41,26,31,66,49,0.17,3897,Medio,0.18,0.2,0.2,9.4,Medio,70.4
Samoa,Oceania,Developing,2006,16.5,19.3,148.0145,Medio,3.52,35,47,31.1,49,39,0.17,3955,Medio,0.18,0.2,0.2,9.5,Medio,70.6
Samoa,Oceania,Developing,2007,16.5,19.3,143.1185,Medio,3.85,46,36,31.2,63,53,0.17,3949,Medio,0.18,0.2,0.2,9.7,Alto,70.9
Samoa,Oceania,Developing,2008,16.5,19.3,138.431,Medio,3.97,12,46,31.3,69,26,0.17,4062,Medio,0.18,0.2,0.2,9.8,Alto,71.2
Samoa,Oceania,Developing,2009,18.8,25.7,133.7445,Medio,2.88,44,14,31.4,61,49,0.17,4012,Medio,0.18,0.2,0.2,9.9,Alto,71.4
Samoa,Oceania,Developing,2010,16.6,19.3,129.0575,Medio,2.96,57,30,31.5,74,62,0.17,4083,Medio,0.19,0.2,0.2,10,Alto,71.7
Samoa,Oceania,Developing,2011,16.5,19.2,124.37,Bajo,2.1,58,50,31.6,79,65,0.17,4219,Medio,0.19,0.2,0.1,10.2,Alto,71.9
Samoa,Oceania,Developing,2012,16.4,19.1,119.683,Bajo,2.1,64,52,31.7,82,64,0.17,4012,Medio,0.19,0.2,0.1,10.2,Alto,72.1
Samoa,Oceania,Developing,2013,16.2,18.9,117.105,Bajo,1.84,60,74,31.8,81,67,0.17,3961,Medio,0.19,0.2,0.1,10.3,Alto,72.4
Samoa,Oceania,Developing,2014,16.1,18.7,114.527,Bajo,2.05,56,68,32,76,63,0.17,3932,Medio,0.19,0.2,0.1,10.3,Alto,72.5
Samoa,Oceania,Developing,2015,15.9,18.6,111.949,Bajo,2.1,59,55,32.1,78,66,0.17,4074,Medio,0.19,0.2,0.1,10.3,Alto,72.7
Sao Tome and Principe,Central America and Caribbean,Developing,2000,54.3,82,220.45,Alto,5.07,70,71,23.5,87,82,1.31,1081,Bajo,0.14,8,8.1,4.2,Bajo,61.4
Sao Tome and Principe,Central America and Caribbean,Developing,2001,51.2,76.5,218.9645,Alto,5.1,70,71,23.6,90,92,1.23,1081,Bajo,0.14,7.8,7.8,4.3,Bajo,62
Sao Tome and Principe,Central America and Caribbean,Developing,2002,48,71,217.479,Alto,5.93,70,71,23.7,92,92,1.08,1087,Bajo,0.15,7.6,7.6,4.3,Bajo,62.7
Sao Tome and Principe,Central America and Caribbean,Developing,2003,45,65.6,214.3245,Alto,6.7,43,71,23.8,94,94,0.89,1136,Bajo,0.15,7.4,7.4,4.4,Bajo,63.4
Sao Tome and Principe,Central America and Caribbean,Developing,2004,42.1,60.4,211.171,Medio,5.92,70,71,23.9,99,96,0.75,1154,Bajo,0.15,7.2,7.2,4.4,Bajo,64
Sao Tome and Principe,Central America and Caribbean,Developing,2005,39.3,55.5,208.017,Medio,5.5,96,71,24,97,97,0.62,1206,Bajo,0.16,7,7,4.5,Bajo,64.7
Sao Tome and Principe,Central America and Caribbean,Developing,2006,36.6,50.9,204.863,Medio,5.68,75,71,24.1,97,97,0.53,1282,Bajo,0.16,6.9,6.8,4.5,Bajo,65.3
Sao Tome and Principe,Central America and Caribbean,Developing,2007,34.2,46.7,201.709,Medio,4.32,87,71,24.2,98,97,0.46,1287,Bajo,0.17,6.7,6.6,4.6,Bajo,65.9
Sao Tome and Principe,Central America and Caribbean,Developing,2008,31.9,42.9,200.4685,Medio,4.56,99,71,24.3,99,99,0.39,1353,Bajo,0.17,6.5,6.4,4.7,Bajo,66.4
Sao Tome and Principe,Central America and Caribbean,Developing,2009,29.7,39.3,199.2275,Medio,4.34,98,71,24.4,99,98,0.36,1348,Bajo,0.18,6.3,6.2,4.8,Bajo,66.9
Sao Tome and Principe,Central America and Caribbean,Developing,2010,27.6,36.1,197.987,Medio,5,98,71,24.4,98,98,0.31,1402,Bajo,0.18,6.1,6,4.9,Bajo,67.4
Sao Tome and Principe,Central America and Caribbean,Developing,2011,25.7,33,196.7465,Medio,6.31,96,71,24.5,96,96,0.27,1431,Bajo,0.18,6,5.9,5,Bajo,67.9
Sao Tome and Principe,Central America and Caribbean,Developing,2012,23.7,30.2,195.5055,Medio,5.65,96,71,24.6,96,96,0.22,1446,Bajo,0.19,5.9,5.7,5.1,Bajo,68.3
Sao Tome and Principe,Central America and Caribbean,Developing,2013,22,27.7,194.199,Medio,5.4,97,71,24.6,97,97,0.16,1486,Bajo,0.19,5.7,5.5,5.2,Bajo,68.7
Sao Tome and Principe,Central America and Caribbean,Developing,2014,20.1,25.3,192.893,Medio,5.63,95,71,24.7,95,95,0.18,1554,Bajo,0.2,5.6,5.4,5.3,Bajo,69.1
Sao Tome and Principe,Central America and Caribbean,Developing,2015,18.5,23.1,191.586,Medio,5,96,76,24.7,96,96,0.15,1585,Bajo,0.2,5.5,5.3,5.6,Bajo,69.4
Saudi Arabia,Middle East,Developing,2000,18.8,22,109.984,Bajo,0.054,93,96,27.6,95,95,0.13,17691,Alto,20.66,7.3,7.4,6.7,Medio,72.6
Saudi Arabia,Middle East,Developing,2001,17.7,20.7,107.6395,Bajo,0.049,95,96,27.6,97,97,0.13,17032,Alto,21.2,7.3,7.3,6.8,Medio,72.8
Saudi Arabia,Middle East,Developing,2002,16.7,19.6,105.2955,Bajo,0.056,97,96,27.6,95,95,0.13,16095,Alto,21.81,7.3,7.3,7,Medio,72.9
Saudi Arabia,Middle East,Developing,2003,15.8,18.5,104.079,Bajo,0.057,95,97,27.7,95,95,0.13,17385,Alto,22.46,7.2,7.3,7.1,Medio,73.1
Saudi Arabia,Middle East,Developing,2004,15,17.4,102.8635,Bajo,0.059,96,97,27.7,96,96,0.13,18220,Alto,23.13,7.2,7.3,7.5,Medio,73.2
Saudi Arabia,Middle East,Developing,2005,14.2,16.5,101.6475,Bajo,0.054,97,97,27.8,96,96,0.13,18683,Alto,23.82,7.2,7.3,7.6,Medio,73.3
Saudi Arabia,Middle East,Developing,2006,13.4,15.5,100.432,Bajo,0.08,96,97,27.8,96,96,0.13,18670,Alto,24.5,7.2,7.3,7.8,Medio,73.4
Saudi Arabia,Middle East,Developing,2007,12.6,14.7,99.216,Bajo,0.092,96,98,27.9,96,96,0.13,18496,Alto,25.18,7.2,7.3,8.1,Medio,73.5
Saudi Arabia,Middle East,Developing,2008,11.9,13.8,97.655,Bajo,0.082,98,98,27.9,98,98,0.13,19118,Alto,25.89,7.2,7.3,8.3,Medio,73.6
Saudi Arabia,Middle East,Developing,2009,11.2,13,96.094,Bajo,0.088,98,98,28,98,98,0.13,18203,Alto,26.63,7.3,7.3,8.6,Medio,73.8
Saudi Arabia,Middle East,Developing,2010,10.5,12.3,94.533,Bajo,0,98,98,28.1,98,98,0.13,18568,Alto,27.42,7.3,7.4,8.9,Medio,73.9
Saudi Arabia,Middle East,Developing,2011,9.9,11.5,92.9715,Bajo,0,98,97,28.1,98,98,0.13,19813,Alto,28.27,7.4,7.4,9.1,Medio,74.1
Saudi Arabia,Middle East,Developing,2012,9.3,10.8,91.4105,Bajo,0,98,98,28.2,98,98,0.13,20250,Alto,29.15,7.5,7.4,9.4,Medio,74.3
Saudi Arabia,Middle East,Developing,2013,8.8,10.2,90.265,Bajo,0,98,99,28.3,98,98,0.13,20176,Alto,30.05,7.6,7.5,9.5,Medio,74.4
Saudi Arabia,Middle East,Developing,2014,8.3,9.6,89.12,Bajo,0,98,98,28.3,98,98,0.13,20328,Alto,30.92,7.7,7.5,9.5,Medio,74.5
Saudi Arabia,Middle East,Developing,2015,7.8,9.1,87.974,Bajo,0,98,96,28.4,97,98,0.13,20628,Alto,31.72,7.8,7.6,9.5,Medio,74.7
Senegal,Africa,Developing,2000,67.7,129.5,250.914,Alto,0.24,87,33,22.1,49,52,0.68,1067,Bajo,9.8,12.3,12.3,1.9,Bajo,57.8
Senegal,Africa,Developing,2001,65.2,122.9,250.9235,Alto,0.24,87,33,22.2,49,52,0.67,1086,Bajo,10.04,12.1,12.1,2.3,Bajo,58.2
Senegal,Africa,Developing,2002,62.3,115.1,250.933,Alto,0.22,87,33,22.3,60,60,0.64,1061,Bajo,10.28,12,11.9,2.4,Bajo,58.7
Senegal,Africa,Developing,2003,59.2,107,246.5465,Alto,0.19,87,33,22.3,73,73,0.59,1093,Bajo,10.54,11.8,11.7,2.4,Bajo,59.3
Senegal,Africa,Developing,2004,56.1,99.1,242.16,Alto,0.36,89,33,22.4,87,87,0.55,1115,Bajo,10.81,11.6,11.5,2.4,Bajo,59.9
Senegal,Africa,Developing,2005,53.2,91.8,237.7735,Alto,0.34,84,33,22.5,84,84,0.49,1134,Bajo,11.09,11.4,11.3,2.4,Bajo,60.6
Senegal,Africa,Developing,2006,50.6,85.2,233.387,Alto,0.37,89,33,22.5,89,89,0.42,1130,Bajo,11.38,11.2,11.1,2.4,Bajo,61.4
Senegal,Africa,Developing,2007,48.2,79.4,229.0005,Alto,0.34,94,33,22.6,93,94,0.36,1132,Bajo,11.69,11,10.9,2.4,Bajo,62.1
Senegal,Africa,Developing,2008,46.1,74.3,223.3005,Alto,0.36,88,33,22.7,87,88,0.26,1143,Bajo,12,10.8,10.7,2.4,Bajo,62.9
Senegal,Africa,Developing,2009,44.1,69.8,217.6005,Alto,0.31,86,33,22.7,83,86,0.22,1143,Bajo,12.34,10.6,10.5,2.4,Bajo,63.6
Senegal,Africa,Developing,2010,42.4,65.7,211.9,Alto,0.18,89,33,22.7,76,89,0.19,1150,Bajo,12.68,10.4,10.3,2.4,Bajo,64.3
Senegal,Africa,Developing,2011,40.7,62.1,206.2,Medio,0.21,92,33,22.8,89,92,0.16,1133,Bajo,13.03,10.2,10.1,2.4,Bajo,64.9
Senegal,Africa,Developing,2012,39.2,58.7,200.5,Medio,0.19,91,33,22.8,83,91,0.14,1146,Bajo,13.4,10,9.9,2.6,Bajo,65.4
Senegal,Africa,Developing,2013,37.6,55.4,197.0095,Medio,0.19,92,33,22.9,89,92,0.12,1141,Bajo,13.78,9.9,9.7,2.8,Bajo,65.9
Senegal,Africa,Developing,2014,36.2,52.3,193.5185,Medio,0.19,89,64,22.9,85,89,0.1,1179,Bajo,14.17,9.7,9.5,2.8,Bajo,66.4
Senegal,Africa,Developing,2015,34.7,49.4,190.0275,Medio,0.19,89,54,22.9,85,89,0.1,1219,Bajo,14.58,9.5,9.3,2.9,Bajo,66.7
Serbia,Rest of Europe,Developing,2000,10.9,12.6,149.9165,Medio,9.2,81,78,25.3,98,95,0.01,3193,Medio,7.52,2.8,2.9,9.4,Medio,71.6
Serbia,Rest of Europe,Developing,2001,10.6,12.2,150.105,Medio,9.2,83,74,25.3,93,93,0.01,3419,Medio,7.5,2.8,2.8,9.6,Alto,72.2
Serbia,Rest of Europe,Developing,2002,9.9,11.5,150.293,Medio,9.2,79,75,25.4,95,95,0.01,3640,Medio,7.5,2.7,2.8,9.7,Alto,72.3
Serbia,Rest of Europe,Developing,2003,9.1,10.5,147.6935,Medio,9.1,82,96,25.4,89,89,0.01,3808,Medio,7.48,2.7,2.7,9.9,Alto,72.4
Serbia,Rest of Europe,Developing,2004,8.4,9.7,145.094,Medio,9.17,89,96,25.5,96,88,0.01,4162,Medio,7.46,2.6,2.6,10,Alto,72.7
Serbia,Rest of Europe,Developing,2005,7.7,8.9,142.495,Medio,9.27,65,98,25.5,98,98,0.01,4405,Medio,7.44,2.5,2.6,10.2,Alto,72.8
Serbia,Rest of Europe,Developing,2006,7.3,8.4,139.896,Medio,8.82,93,90,25.6,97,92,0.01,4648,Medio,7.41,2.5,2.5,10.2,Alto,73.4
Serbia,Rest of Europe,Developing,2007,7,8.1,137.2965,Medio,9.42,99,96,25.6,93,94,0.02,4968,Medio,7.38,2.4,2.4,10.2,Alto,73.6
Serbia,Rest of Europe,Developing,2008,6.9,8,134.1205,Medio,9.59,93,97,25.7,95,95,0.02,5271,Medio,7.35,2.3,2.4,10.4,Alto,73.9
Serbia,Rest of Europe,Developing,2009,6.7,7.8,130.945,Medio,9.78,93,87,25.7,97,95,0.02,5148,Medio,7.32,2.3,2.3,10.4,Alto,74
Serbia,Rest of Europe,Developing,2010,6.6,7.6,127.7695,Bajo,8.87,89,91,25.8,91,91,0.02,5206,Medio,7.29,2.2,2.3,10.4,Alto,74.3
Serbia,Rest of Europe,Developing,2011,6.4,7.4,124.594,Bajo,8.55,94,90,25.8,94,94,0.02,5354,Medio,7.23,2.2,2.2,10.6,Alto,74.5
Serbia,Rest of Europe,Developing,2012,6.2,7.1,121.4185,Bajo,8.78,97,90,25.9,93,91,0.02,5344,Medio,7.2,2.1,2.1,10.5,Alto,74.8
Serbia,Rest of Europe,Developing,2013,5.9,6.9,119.055,Bajo,7.94,91,82,25.9,97,95,0.02,5525,Medio,7.16,2.1,2.1,10.4,Alto,75.2
Serbia,Rest of Europe,Developing,2014,5.7,6.6,116.691,Bajo,7.19,92,91,26,93,93,0.02,5463,Medio,7.13,2.1,2.1,10.7,Alto,75.3
Serbia,Rest of Europe,Developing,2015,5.4,6.3,114.328,Bajo,7.2,94,86,26,95,95,0.02,5589,Medio,7.1,2,2,11,Alto,75.3
Seychelles,Africa,Developing,2000,11.8,13.8,181.553,Medio,8.33,98,99,25.4,98,98,3.5,11178,Alto,0.08,6.3,6.7,7.4,Medio,72.8
Seychelles,Africa,Developing,2001,11.8,13.7,178.6415,Medio,6.84,96,98,25.5,96,96,3.5,10915,Alto,0.08,6.2,6.6,7.5,Medio,73.3
Seychelles,Africa,Developing,2002,11.8,13.7,175.73,Medio,8.13,99,99,25.6,99,99,3.5,10714,Alto,0.08,6.1,6.6,7.6,Medio,71.1
Seychelles,Africa,Developing,2003,11.8,13.7,172.5165,Medio,7.35,99,99,25.7,99,99,3.5,10198,Alto,0.08,6.1,6.5,7.6,Medio,71
Seychelles,Africa,Developing,2004,11.8,13.7,169.304,Medio,6.56,99,99,25.8,99,99,3.5,9944,Alto,0.08,6,6.4,7.7,Medio,72.7
Seychelles,Africa,Developing,2005,11.8,13.7,166.0905,Medio,6.6,99,99,25.8,99,99,3.5,10790,Alto,0.08,6,6.4,7.7,Medio,72.1
Seychelles,Africa,Developing,2006,11.9,13.8,162.877,Medio,6.43,99,99,25.9,99,99,3.5,11562,Alto,0.08,5.9,6.3,7.8,Medio,72.2
Seychelles,Africa,Developing,2007,11.9,13.8,159.664,Medio,7.25,99,99,26,99,99,3.5,12702,Alto,0.09,5.9,6.3,7.9,Medio,73.1
Seychelles,Africa,Developing,2008,12,13.9,158.361,Medio,6.68,99,98,26.1,99,99,3.5,12154,Alto,0.09,5.9,6.3,8,Medio,73.2
Seychelles,Africa,Developing,2009,12,14,157.0575,Medio,5.2,99,99,26.2,99,99,3.5,11973,Alto,0.09,5.8,6.2,8,Medio,73.1
Seychelles,Africa,Developing,2010,12.1,14.1,155.754,Medio,5.54,99,98,26.2,99,99,3.5,12336,Alto,0.09,5.8,6.2,8.1,Medio,73.2
Seychelles,Africa,Developing,2011,12.2,14.2,154.4505,Medio,7.83,99,99,26.3,99,99,3.5,13664,Alto,0.09,5.7,6.1,8.4,Medio,72.7
Seychelles,Africa,Developing,2012,12.4,14.4,153.147,Medio,8.89,99,99,26.4,98,98,3.5,13701,Alto,0.09,5.7,6.1,8.8,Medio,74.3
Seychelles,Africa,Developing,2013,12.5,14.5,152.634,Medio,8.32,99,97,26.5,98,98,3.5,14260,Alto,0.09,5.7,6.1,9.1,Medio,73.1
Seychelles,Africa,Developing,2014,12.6,14.7,152.1215,Medio,8.44,99,98,26.6,99,99,3.5,14672,Alto,0.09,5.7,6,9.4,Medio,73.2
Seychelles,Africa,Developing,2015,12.7,14.8,151.6085,Medio,8.7,98,98,26.6,97,97,3.5,15158,Alto,0.09,5.7,6,9.5,Medio,74.3
Sierra Leone,Africa,Developing,2000,138.1,224.9,531.3245,Alto,3.75,71,60,22,46,44,1.59,403,Bajo,4.58,10.3,10.4,2.3,Bajo,39.4
Sierra Leone,Africa,Developing,2001,135.6,219.4,519.6305,Alto,3.98,71,60,22.1,38,38,1.57,364,Bajo,4.75,10.1,10.2,2.4,Bajo,40.4
Sierra Leone,Africa,Developing,2002,132.9,213.9,507.937,Alto,3.9,71,60,22.2,54,53,1.53,441,Bajo,4.97,9.9,10,2.5,Bajo,41.4
Sierra Leone,Africa,Developing,2003,130.2,208.1,495.8585,Alto,3.87,72,60,22.2,66,73,1.49,460,Bajo,5.2,9.7,9.8,2.5,Bajo,42.4
Sierra Leone,Africa,Developing,2004,127.2,202,483.779,Alto,3.81,70,60,22.3,69,65,1.41,469,Bajo,5.43,9.5,9.5,2.6,Bajo,43.5
Sierra Leone,Africa,Developing,2005,124.1,195.5,471.7,Alto,3.65,72,60,22.4,67,65,1.4,472,Bajo,5.65,9.3,9.3,2.7,Bajo,44.5
Sierra Leone,Africa,Developing,2006,120.9,188.9,459.6215,Alto,3.68,75,60,22.4,65,64,1.36,476,Bajo,5.83,9.1,9.1,2.8,Bajo,45.5
Sierra Leone,Africa,Developing,2007,117.6,182,447.5425,Alto,3.67,63,60,22.5,63,64,1.32,501,Bajo,5.99,8.9,8.9,2.8,Bajo,46.5
Sierra Leone,Africa,Developing,2008,114.2,174.9,440.0625,Alto,3.83,77,60,22.5,75,77,1.21,516,Bajo,6.13,8.7,8.7,2.9,Bajo,47.5
Sierra Leone,Africa,Developing,2009,110.6,167.7,432.5825,Alto,3.98,84,60,22.6,81,84,1.17,520,Bajo,6.27,8.5,8.4,3,Bajo,48.5
Sierra Leone,Africa,Developing,2010,107.2,160.6,425.103,Alto,3.48,86,60,22.6,84,86,1.11,536,Bajo,6.42,8.3,8.2,3.1,Bajo,49.4
Sierra Leone,Africa,Developing,2011,103.8,153.8,417.623,Alto,3.41,89,60,22.6,88,89,1.02,557,Bajo,6.56,8.1,8,3.1,Bajo,50.2
Sierra Leone,Africa,Developing,2012,100.7,147.3,410.143,Alto,3.19,91,60,22.6,91,91,0.94,627,Bajo,6.71,7.9,7.8,3.2,Bajo,51
Sierra Leone,Africa,Developing,2013,97.7,141.2,406.0525,Alto,3.12,92,60,22.6,92,92,0.95,740,Bajo,6.86,7.7,7.6,3.3,Bajo,51.7
Sierra Leone,Africa,Developing,2014,95.6,139.2,401.9615,Alto,3.04,83,60,22.7,83,83,0.92,757,Bajo,7.02,7.5,7.4,3.3,Bajo,52.4
Sierra Leone,Africa,Developing,2015,95.1,140.2,397.8705,Alto,3.06,86,60,22.7,86,86,0.85,588,Bajo,7.17,7.4,7.3,3.4,Bajo,52.9
Singapore,Asia,Developing,2000,3,3.9,80.151,Bajo,2.02,97,98,23.4,98,98,0.14,34891,Alto,4.03,2.1,2,8.9,Medio,78
Singapore,Asia,Developing,2001,2.8,3.6,76.5795,Bajo,2.08,95,96,23.5,95,96,0.15,33598,Alto,4.14,2.1,2,9.2,Medio,78.3
Singapore,Asia,Developing,2002,2.6,3.4,73.007,Bajo,2.16,95,96,23.5,94,94,0.15,34599,Alto,4.18,2.1,2,9.5,Medio,78.6
Singapore,Asia,Developing,2003,2.5,3.2,71.202,Bajo,1.43,95,96,23.5,96,96,0.15,36710,Alto,4.11,2.1,2,9.8,Alto,79
Singapore,Asia,Developing,2004,2.4,3,69.3965,Bajo,1.44,94,96,23.5,95,95,0.14,39857,Alto,4.17,2.1,2,10.2,Alto,79.5
Singapore,Asia,Developing,2005,2.3,2.9,67.5915,Bajo,1.49,96,95,23.5,96,96,0.14,41799,Alto,4.27,2.1,2,10.5,Alto,80
Singapore,Asia,Developing,2006,2.3,2.9,65.786,Bajo,1.55,95,96,23.5,95,95,0.14,44160,Alto,4.4,2.1,2,10.1,Alto,80.1
Singapore,Asia,Developing,2007,2.3,2.9,63.981,Bajo,1.59,96,96,23.5,97,97,0.13,46180,Alto,4.59,2.1,2,10.2,Alto,80.4
Singapore,Asia,Developing,2008,2.3,2.8,62.236,Bajo,1.69,97,96,23.5,97,97,0.12,44602,Alto,4.84,2.1,2.1,10.5,Alto,80.8
Singapore,Asia,Developing,2009,2.3,2.8,60.491,Bajo,1.73,96,95,23.5,97,97,0.12,43333,Alto,4.99,2.1,2.1,10.5,Alto,81.2
Singapore,Asia,Developing,2010,2.3,2.8,58.746,Bajo,1.84,96,96,23.5,96,96,0.11,48753,Alto,5.08,2.1,2.1,11.2,Alto,81.5
Singapore,Asia,Developing,2011,2.2,2.8,57.001,Bajo,1.89,96,96,23.6,96,96,0.1,50714,Alto,5.18,2.1,2.1,11.2,Alto,81.7
Singapore,Asia,Developing,2012,2.2,2.8,55.2565,Bajo,1.94,97,95,23.6,97,97,0.1,51680,Alto,5.31,2.2,2.1,11.3,Alto,82
Singapore,Asia,Developing,2013,2.2,2.8,53.8245,Bajo,1.86,97,90,23.6,97,97,0.09,53300,Alto,5.4,2.2,2.2,11.4,Alto,82.2
Singapore,Asia,Developing,2014,2.2,2.7,52.393,Bajo,1.84,96,90,23.6,96,96,0.08,54683,Alto,5.47,2.2,2.2,11.4,Alto,82.5
Singapore,Asia,Developing,2015,2.2,2.7,50.9615,Bajo,1.82,96,90,23.6,96,96,0.07,55647,Alto,5.54,2.2,2.2,11.5,Alto,82.7
Slovak Republic,European Union,Developed,2000,8.2,9.8,147.9935,Medio,11.33,98,97,25.5,98,99,0.01,8915,Alto,5.39,1.6,1.7,10.3,Alto,73.1
Slovak Republic,European Union,Developed,2001,7.9,9.4,146.314,Medio,11.12,99,97,25.5,99,99,0.01,9222,Alto,5.38,1.5,1.6,10.1,Alto,73.4
Slovak Republic,European Union,Developed,2002,7.6,9.1,145.3625,Medio,11.16,99,97,25.6,98,99,0.01,9641,Alto,5.38,1.5,1.6,10.3,Alto,73.6
Slovak Republic,European Union,Developed,2003,7.3,8.8,144.053,Medio,10.23,99,97,25.6,98,99,0.01,10178,Alto,5.37,1.5,1.6,10.4,Alto,73.6
Slovak Republic,European Union,Developed,2004,7.1,8.5,138.1965,Medio,10.52,99,97,25.7,99,99,0.01,10717,Alto,5.37,1.4,1.5,10.6,Alto,74
Slovak Republic,European Union,Developed,2005,6.8,8.2,139.5745,Medio,11.06,99,97,25.7,99,99,0.01,11426,Alto,5.37,1.4,1.5,10.8,Alto,73.9
Slovak Republic,European Union,Developed,2006,6.6,7.9,136.22,Medio,10.89,99,97,25.8,99,99,0.01,12396,Alto,5.37,1.4,1.5,10.9,Alto,74.2
Slovak Republic,European Union,Developed,2007,6.4,7.7,137.7115,Medio,10.96,99,97,25.8,99,99,0.01,13734,Alto,5.37,1.3,1.4,11.1,Alto,74.2
Slovak Republic,European Union,Developed,2008,6.1,7.4,134.367,Medio,11.87,99,97,25.9,99,99,0.01,14488,Alto,5.38,1.3,1.4,11.2,Alto,74.7
Slovak Republic,European Union,Developed,2009,5.9,7.2,129.606,Medio,11.13,99,97,26,99,99,0.01,13679,Alto,5.39,1.3,1.4,11.4,Alto,74.9
Slovak Republic,European Union,Developed,2010,5.8,7,121.948,Bajo,10.16,99,97,26,99,99,0.01,14526,Alto,5.39,1.3,1.3,11.6,Alto,75.1
Slovak Republic,European Union,Developed,2011,5.6,6.8,120.157,Bajo,10.27,99,97,26.1,99,99,0.01,14890,Alto,5.4,1.2,1.3,12.1,Alto,76
Slovak Republic,European Union,Developed,2012,5.5,6.6,115.561,Bajo,10.14,99,97,26.2,99,99,0.01,15067,Alto,5.41,1.2,1.3,12.3,Alto,76.1
Slovak Republic,European Union,Developed,2013,5.3,6.5,111.094,Bajo,9.9,98,97,26.2,98,98,0.01,15149,Alto,5.41,1.2,1.3,12.2,Alto,76.4
Slovak Republic,European Union,Developed,2014,5.2,6.4,108.859,Bajo,10.26,97,97,26.3,97,97,0.01,15547,Alto,5.42,1.2,1.2,12.3,Alto,76.8
Slovak Republic,European Union,Developed,2015,5.1,6.2,110.515,Bajo,10.27,96,97,26.4,96,96,0.02,16342,Alto,5.42,1.2,1.2,12.5,Alto,76.6
Slovenia,European Union,Developed,2000,4.6,5.5,120.8335,Bajo,12.8,88,98,25.4,93,91,0.02,16241,Alto,1.99,2.2,2.3,11.6,Alto,75.4
Slovenia,European Union,Developed,2001,4.3,5.2,121.8735,Bajo,11.58,88,98,25.4,93,92,0.02,16737,Alto,1.99,2.2,2.2,11.5,Alto,75.8
Slovenia,European Union,Developed,2002,4.1,4.9,115.2275,Bajo,9.87,88,98,25.5,93,93,0.02,17302,Alto,1.99,2.1,2.2,11.5,Alto,76
Slovenia,European Union,Developed,2003,3.9,4.7,117.617,Bajo,11.55,88,98,25.6,95,95,0.03,17803,Alto,2,2,2.1,11.5,Alto,76.9
Slovenia,European Union,Developed,2004,3.7,4.4,111.937,Bajo,10.01,88,99,25.6,94,94,0.03,18568,Alto,2,2,2,12,Alto,77.2
Slovenia,European Union,Developed,2005,3.5,4.2,101.813,Bajo,11.19,88,99,25.7,95,95,0.03,19239,Alto,2,1.9,2,11.7,Alto,77.6
Slovenia,European Union,Developed,2006,3.3,4,102.7445,Bajo,12.26,88,99,25.8,97,97,0.03,20280,Alto,2.01,1.8,1.9,11.8,Alto,78.1
Slovenia,European Union,Developed,2007,3.1,3.8,99.0175,Bajo,11.02,88,98,25.9,97,97,0.03,21575,Alto,2.02,1.8,1.8,11.8,Alto,78.6
Slovenia,European Union,Developed,2008,2.9,3.6,94.189,Bajo,10.94,88,98,25.9,97,97,0.03,22297,Alto,2.02,1.7,1.7,11.9,Alto,78.8
Slovenia,European Union,Developed,2009,2.8,3.4,88.8695,Bajo,10.52,88,98,26,96,96,0.03,20428,Alto,2.04,1.7,1.7,12.1,Alto,79
Slovenia,European Union,Developed,2010,2.6,3.2,86.192,Bajo,10.33,88,96,26.1,96,96,0.02,20613,Alto,2.05,1.6,1.6,12.1,Alto,79.4
Slovenia,European Union,Developed,2011,2.5,3.1,81.406,Bajo,10.61,88,96,26.2,96,96,0.02,20747,Alto,2.05,1.6,1.6,12.2,Alto,80
Slovenia,European Union,Developed,2012,2.4,2.9,80.7685,Bajo,10.95,88,96,26.2,96,96,0.02,20157,Alto,2.06,1.5,1.5,11.7,Alto,80.1
Slovenia,European Union,Developed,2013,2.3,2.8,77.3625,Bajo,9.53,88,95,26.3,95,95,0.02,19922,Alto,2.06,1.4,1.4,11.7,Alto,80.3
Slovenia,European Union,Developed,2014,2.2,2.7,69.2825,Bajo,10.92,88,94,26.4,95,95,0.01,20454,Alto,2.06,1.4,1.4,11.9,Alto,81.1
Slovenia,European Union,Developed,2015,2.1,2.6,73.356,Bajo,11.49,88,96,26.5,95,95,0.01,20890,Alto,2.06,1.4,1.3,12,Alto,80.8
Solomon Islands,Oceania,Developing,2000,25.6,30.7,228.169,Alto,0.71,81,65,24.9,88,86,0.17,1939,Bajo,0.41,1.4,1.4,4.6,Bajo,67.4
Solomon Islands,Oceania,Developing,2001,25.3,30.4,221.1905,Alto,0.7,83,65,25,88,84,0.17,1737,Bajo,0.42,1.4,1.4,4.6,Bajo,67.8
Solomon Islands,Oceania,Developing,2002,25.1,30.1,214.212,Alto,1.09,75,65,25.1,78,78,0.17,1644,Bajo,0.44,1.4,1.4,4.7,Bajo,68.2
Solomon Islands,Oceania,Developing,2003,24.9,29.8,208.273,Medio,1.2,79,65,25.2,84,84,0.17,1706,Bajo,0.45,1.3,1.3,4.7,Bajo,68.5
Solomon Islands,Oceania,Developing,2004,24.7,29.6,202.334,Medio,1.21,81,65,25.3,89,90,0.17,1774,Bajo,0.46,1.3,1.3,4.8,Bajo,68.8
Solomon Islands,Oceania,Developing,2005,24.4,29.3,196.3945,Medio,1.13,83,65,25.3,90,89,0.17,1827,Bajo,0.47,1.3,1.3,4.8,Bajo,69.2
Solomon Islands,Oceania,Developing,2006,24.1,28.9,190.4555,Medio,1.01,99,65,25.4,99,99,0.17,1871,Bajo,0.48,1.3,1.3,4.9,Bajo,69.5
Solomon Islands,Oceania,Developing,2007,23.8,28.4,184.517,Medio,0.82,90,65,25.5,89,90,0.17,1910,Bajo,0.49,1.2,1.2,4.9,Bajo,69.8
Solomon Islands,Oceania,Developing,2008,23.3,27.8,179.355,Medio,1.07,89,65,25.6,88,89,0.17,1976,Bajo,0.5,1.2,1.2,5,Bajo,70.1
Solomon Islands,Oceania,Developing,2009,22.8,27.1,174.1935,Medio,1.2,92,65,25.7,90,92,0.17,1980,Bajo,0.52,1.2,1.2,5,Bajo,70.4
Solomon Islands,Oceania,Developing,2010,22.2,26.4,169.032,Medio,1.09,87,65,25.8,84,90,0.17,2099,Bajo,0.53,1.2,1.2,5.1,Bajo,70.7
Solomon Islands,Oceania,Developing,2011,21.6,25.6,163.8705,Medio,1.03,99,65,25.9,97,99,0.17,2195,Medio,0.54,1.2,1.2,5.2,Bajo,71
Solomon Islands,Oceania,Developing,2012,21,24.9,158.7095,Medio,0.97,99,65,25.9,88,99,0.17,2178,Medio,0.56,1.2,1.2,5.2,Bajo,71.3
Solomon Islands,Oceania,Developing,2013,20.5,24.2,155.1685,Medio,0.94,94,65,26,85,94,0.17,2232,Medio,0.57,1.1,1.2,5.3,Bajo,71.6
Solomon Islands,Oceania,Developing,2014,19.9,23.4,151.628,Medio,0.95,88,65,26.1,78,88,0.17,2195,Medio,0.59,1.1,1.2,5.3,Bajo,71.9
Solomon Islands,Oceania,Developing,2015,19.3,22.7,148.087,Medio,1.01,98,65,26.2,85,98,0.17,2167,Bajo,0.6,1.1,1.2,5.4,Bajo,72.2
Somalia,Africa,Developing,2000,104.4,172.7,355.929,Alto,0,42,64,22.1,37,33,0.13,174,Bajo,8.87,8,7.9,2.1,Bajo,50.9
Somalia,Africa,Developing,2001,104.4,172.7,353.231,Alto,0,42,64,22.2,33,33,0.13,183,Bajo,9.19,7.9,7.7,2.1,Bajo,51.2
Somalia,Africa,Developing,2002,104.4,172.7,350.5325,Alto,0,42,64,22.2,40,40,0.13,192,Bajo,9.5,7.8,7.6,2.1,Bajo,51.5
Somalia,Africa,Developing,2003,104.4,172.7,347.234,Alto,0,42,64,22.3,40,40,0.13,202,Bajo,9.82,7.7,7.5,2.1,Bajo,51.8
Somalia,Africa,Developing,2004,104.4,172.7,343.935,Alto,0,42,64,22.4,30,30,0.13,213,Bajo,10.13,7.6,7.4,2.1,Bajo,52
Somalia,Africa,Developing,2005,104.4,172.6,340.636,Alto,0,42,64,22.5,35,35,0.13,225,Bajo,10.45,7.5,7.3,2.1,Bajo,52.3
Somalia,Africa,Developing,2006,104,172,337.337,Alto,1e-4,42,64,22.5,26,26,0.13,237,Bajo,10.76,7.4,7.2,2.1,Bajo,52.7
Somalia,Africa,Developing,2007,103,170.1,334.038,Alto,3e-4,42,64,22.6,40,40,0.13,250,Bajo,11.08,7.3,7.1,2.1,Bajo,53
Somalia,Africa,Developing,2008,101.1,166.5,331.401,Alto,0,42,64,22.7,40,31,0.13,265,Bajo,11.4,7.2,7,2.1,Bajo,53.3
Somalia,Africa,Developing,2009,98.7,161.9,328.7635,Alto,0,42,64,22.7,41,42,0.13,280,Bajo,11.72,7.1,6.9,2.1,Bajo,53.7
Somalia,Africa,Developing,2010,96.2,157.4,326.1265,Alto,0,42,64,22.8,49,45,0.13,296,Bajo,12.04,7,6.8,2.1,Bajo,54
Somalia,Africa,Developing,2011,93.8,152.8,323.489,Alto,0,42,64,22.9,49,41,0.13,313,Bajo,12.38,6.9,6.7,2.1,Bajo,54.3
Somalia,Africa,Developing,2012,91,147.8,320.8515,Alto,0,42,64,22.9,47,42,0.13,331,Bajo,12.72,6.8,6.7,2.1,Bajo,54.7
Somalia,Africa,Developing,2013,88.4,143,316.669,Alto,0,42,64,23,47,42,0.13,330,Bajo,13.06,6.8,6.6,2.1,Bajo,55.1
Somalia,Africa,Developing,2014,85.9,138.4,312.486,Alto,0,42,64,23.1,47,42,0.13,346,Bajo,13.42,6.7,6.5,2.1,Bajo,55.5
Somalia,Africa,Developing,2015,83.6,134.3,308.303,Alto,0,42,64,23.1,47,42,0.13,386,Bajo,13.8,6.6,6.4,2.1,Bajo,55.9
South Africa,Africa,Developing,2000,47.7,71.5,434.1365,Alto,7.7,73,62,26.1,71,73,12.36,4930,Medio,44.97,16.3,19.1,8.8,Medio,56
South Africa,Africa,Developing,2001,47.8,73.1,460.7075,Alto,7.56,72,54,26.2,71,71,12.31,4996,Medio,45.57,15.4,18.1,7.5,Medio,55.1
South Africa,Africa,Developing,2002,47.9,74.3,487.278,Alto,7.47,72,46,26.3,70,70,12.12,5116,Medio,46.15,14.5,17.1,8.5,Medio,54.3
South Africa,Africa,Developing,2003,48.4,75.7,494.388,Alto,7.32,71,52,26.4,70,69,11.87,5203,Medio,46.72,13.5,16.1,8.8,Medio,53.7
South Africa,Africa,Developing,2004,49.4,77.7,501.4985,Alto,7.2,76,51,26.5,73,74,11.64,5374,Medio,47.29,12.6,15,8.8,Medio,53.4
South Africa,Africa,Developing,2005,49.4,78.8,508.6085,Alto,7.17,79,48,26.6,75,79,11.43,5588,Medio,47.88,11.6,13.9,8.9,Medio,53.4
South Africa,Africa,Developing,2006,48.7,79.2,515.718,Alto,7.3,83,53,26.6,79,82,11.13,5827,Medio,48.49,10.6,12.8,9,Medio,53.8
South Africa,Africa,Developing,2007,46.6,75.3,522.8285,Alto,7.5,83,49,26.7,79,82,10.86,6060,Medio,49.12,9.7,11.7,9.1,Medio,54.5
South Africa,Africa,Developing,2008,43,68.9,498.352,Alto,7.46,76,54,26.8,77,79,10.58,6171,Medio,49.78,8.9,10.7,9.7,Alto,55.4
South Africa,Africa,Developing,2009,38.4,60.3,473.875,Alto,7.25,74,63,26.9,75,76,10.13,5992,Medio,50.48,8.1,9.8,10.1,Alto,56.5
South Africa,Africa,Developing,2010,34.4,52,449.3985,Alto,7.07,71,55,26.9,72,72,9.52,6085,Medio,51.22,7.3,8.9,10,Alto,57.7
South Africa,Africa,Developing,2011,32.1,45.6,424.9215,Alto,7.17,76,54,27,71,69,9.01,6183,Medio,52,6.6,8,9.9,Alto,58.9
South Africa,Africa,Developing,2012,31,41.5,400.445,Alto,7.22,68,53,27.1,69,65,8.52,6232,Medio,52.83,6,7.3,9.8,Alto,60.1
South Africa,Africa,Developing,2013,30.1,39.3,384.094,Alto,7.21,73,50,27.1,79,73,7.97,6285,Medio,53.69,5.4,6.5,9.9,Alto,61.1
South Africa,Africa,Developing,2014,29.4,37.6,367.7435,Alto,7.21,85,55,27.2,85,77,7.47,6274,Medio,54.54,4.9,5.9,10,Alto,62
South Africa,Africa,Developing,2015,28.6,36.3,351.3925,Alto,7.2,75,59,27.2,85,75,6.91,6260,Medio,55.39,4.4,5.3,10.1,Alto,62.6
Spain,European Union,Developed,2000,4.4,5.4,83.203,Bajo,11.61,77,92,26.1,95,95,0.11,23938,Alto,40.57,0.6,0.5,8.4,Medio,79
Spain,European Union,Developed,2001,4.3,5.3,81.959,Bajo,12.01,83,92,26.1,95,96,0.1,24708,Alto,40.85,0.6,0.5,8.5,Medio,79.4
Spain,European Union,Developed,2002,4.2,5.1,80.4485,Bajo,10.41,82,92,26.2,98,98,0.09,25026,Alto,41.43,0.6,0.5,8.5,Medio,79.6
Spain,European Union,Developed,2003,4.1,5,80.6985,Bajo,11.04,81,92,26.2,99,98,0.09,25311,Alto,42.19,0.6,0.5,8.6,Medio,79.6
Spain,European Union,Developed,2004,3.9,4.9,77.449,Bajo,11.32,97,91,26.2,97,97,0.09,25655,Alto,42.92,0.6,0.5,8.6,Medio,79.9
Spain,European Union,Developed,2005,3.8,4.7,75.851,Bajo,11.92,96,92,26.2,96,96,0.09,26146,Alto,43.65,0.6,0.5,8.9,Medio,80.2
Spain,European Union,Developed,2006,3.7,4.5,73.3,Bajo,11.86,97,94,26.2,98,98,0.09,26763,Alto,44.4,0.6,0.5,9,Medio,80.8
Spain,European Union,Developed,2007,3.6,4.4,71.7905,Bajo,11.05,96,95,26.2,96,96,0.09,27219,Alto,45.23,0.6,0.5,9.1,Medio,80.9
Spain,European Union,Developed,2008,3.4,4.2,70.114,Bajo,10.24,97,94,26.2,97,97,0.09,27026,Alto,45.95,0.6,0.5,9.2,Medio,81.2
Spain,European Union,Developed,2009,3.3,4,67.2055,Bajo,9.99,96,90,26.2,96,96,0.09,25779,Alto,46.36,0.6,0.5,9.3,Medio,81.5
Spain,European Union,Developed,2010,3.1,3.8,64.95,Bajo,8.94,97,92,26.2,97,97,0.09,25703,Alto,46.58,0.6,0.5,9.4,Medio,81.6
Spain,European Union,Developed,2011,3,3.7,63.491,Bajo,8.74,97,91,26.1,97,97,0.09,25403,Alto,46.74,0.6,0.5,9.5,Medio,82.5
Spain,European Union,Developed,2012,2.9,3.6,61.3175,Bajo,8.6,96,90,26.1,96,97,0.09,24635,Alto,46.77,0.6,0.5,9.5,Medio,82.4
Spain,European Union,Developed,2013,2.8,3.5,59.454,Bajo,8.55,95,91,26,96,96,0.09,24361,Alto,46.62,0.6,0.5,9.5,Medio,83.1
Spain,European Union,Developed,2014,2.8,3.4,57.9985,Bajo,7.85,96,93,26,97,97,0.09,24772,Alto,46.48,0.6,0.5,9.7,Alto,83.2
Spain,European Union,Developed,2015,2.7,3.3,57.9025,Bajo,10.35,97,94,26,97,97,0.09,25742,Alto,46.44,0.6,0.5,9.7,Alto,82.8
Sri Lanka,Asia,Developing,2000,14.2,16.5,165.2695,Medio,1.45,86,78,21.5,99,99,0.02,1923,Bajo,18.78,15.3,15.5,10,Alto,71.3
Sri Lanka,Asia,Developing,2001,13.7,16,152.664,Medio,1.68,86,52,21.6,98,98,0.02,1880,Bajo,18.91,15.4,15.6,10.2,Alto,72.2
Sri Lanka,Asia,Developing,2002,13.4,15.5,140.0585,Medio,1.62,86,92,21.7,98,98,0.02,1939,Bajo,19.06,15.4,15.6,10.2,Alto,73.1
Sri Lanka,Asia,Developing,2003,13,15.1,137.477,Medio,1.69,86,90,21.8,98,99,0.02,2037,Bajo,19.22,15.4,15.5,10.2,Alto,73.8
Sri Lanka,Asia,Developing,2004,17.7,28.9,134.895,Medio,1.56,62,95,21.9,97,97,0.02,2130,Bajo,19.39,15.4,15.5,10.3,Alto,74.3
Sri Lanka,Asia,Developing,2005,12.2,14.2,132.3135,Medio,1.97,99,99,22,99,99,0.02,2245,Medio,19.54,15.4,15.5,10.4,Alto,74.7
Sri Lanka,Asia,Developing,2006,11.6,13.5,129.7315,Medio,1.96,98,98,22.1,98,98,0.02,2398,Medio,19.7,15.4,15.5,10.5,Alto,74.9
Sri Lanka,Asia,Developing,2007,11,12.8,127.15,Bajo,2.29,98,97,22.2,98,98,0.02,2543,Medio,19.84,15.4,15.5,10.6,Alto,75
Sri Lanka,Asia,Developing,2008,10.5,12.2,124.8175,Bajo,2.1,98,97,22.3,98,98,0.02,2675,Medio,19.98,15.4,15.4,11,Alto,75.2
Sri Lanka,Asia,Developing,2009,13.9,21.3,122.485,Bajo,2.05,97,97,22.4,97,97,0.02,2750,Medio,20.12,15.3,15.4,10.9,Alto,75.3
Sri Lanka,Asia,Developing,2010,9.8,11.4,120.153,Bajo,2.31,99,99,22.5,99,99,0.01,2950,Medio,20.26,15.3,15.3,10.8,Alto,75.4
Sri Lanka,Asia,Developing,2011,9.4,10.9,117.8205,Bajo,3.03,99,99,22.6,99,99,0.01,3177,Medio,20.4,15.3,15.3,10.8,Alto,75.6
Sri Lanka,Asia,Developing,2012,8.9,10.4,115.4885,Bajo,2.89,99,99,22.7,99,99,0.01,3463,Medio,20.43,15.3,15.2,10.9,Alto,75.8
Sri Lanka,Asia,Developing,2013,8.4,9.8,113.3855,Bajo,2.65,99,99,22.8,99,99,0.01,3553,Medio,20.59,15.2,15.1,10.9,Alto,76
Sri Lanka,Asia,Developing,2014,7.9,9.3,111.2825,Bajo,2.45,99,99,22.9,99,99,0.01,3694,Medio,20.78,15.2,15,10.9,Alto,76.1
Sri Lanka,Asia,Developing,2015,7.5,8.7,109.1795,Bajo,2.72,99,99,23,99,99,0.01,3844,Medio,20.97,15.1,15,10.9,Alto,76.3
St. Lucia,Central America and Caribbean,Developing,2000,15.6,18.4,177.7395,Medio,12.8,90,83,26.9,70,70,0.4,9327,Alto,0.16,4.5,4.5,7,Medio,73.3
St. Lucia,Central America and Caribbean,Developing,2001,15.6,18.3,174.9465,Medio,12.92,90,83,27.1,99,99,0.4,8927,Alto,0.16,4.5,4.5,7.1,Medio,73.5
St. Lucia,Central America and Caribbean,Developing,2002,15.6,18.2,172.154,Medio,13.15,90,83,27.2,90,74,0.4,8896,Alto,0.16,4.4,4.5,7.2,Medio,73.6
St. Lucia,Central America and Caribbean,Developing,2003,15.7,18.3,167.83,Medio,13.78,84,83,27.4,91,90,0.4,9209,Alto,0.16,4.4,4.4,7.3,Medio,73.8
St. Lucia,Central America and Caribbean,Developing,2004,15.8,18.3,163.506,Medio,12.58,91,83,27.6,91,91,0.4,9800,Alto,0.16,4.4,4.4,7.4,Medio,74
St. Lucia,Central America and Caribbean,Developing,2005,16,18.4,159.182,Medio,12.87,95,83,27.8,95,95,0.4,9665,Alto,0.16,4.4,4.4,7.5,Medio,74.1
St. Lucia,Central America and Caribbean,Developing,2006,16.1,18.6,154.8585,Medio,13.02,85,83,28,85,85,0.4,10141,Alto,0.17,4.3,4.4,7.6,Medio,74.3
St. Lucia,Central America and Caribbean,Developing,2007,16.4,18.8,150.5345,Medio,12.59,99,83,28.2,99,99,0.4,10174,Alto,0.17,4.3,4.4,7.7,Medio,74.4
St. Lucia,Central America and Caribbean,Developing,2008,16.6,19,148.7125,Medio,12.05,96,83,28.4,96,96,0.4,10528,Alto,0.17,4.3,4.4,7.8,Medio,74.6
St. Lucia,Central America and Caribbean,Developing,2009,16.9,19.3,146.8905,Medio,11.06,95,83,28.6,95,95,0.4,10099,Alto,0.17,4.3,4.4,7.9,Medio,74.7
St. Lucia,Central America and Caribbean,Developing,2010,17.3,19.7,145.0685,Medio,10.33,97,83,28.7,97,97,0.4,10151,Alto,0.17,4.3,4.3,8.4,Medio,74.9
St. Lucia,Central America and Caribbean,Developing,2011,17.7,20,143.2465,Medio,9.94,99,83,28.9,99,99,0.4,10619,Alto,0.18,4.3,4.3,8.4,Medio,75
St. Lucia,Central America and Caribbean,Developing,2012,18.1,20.4,141.425,Medio,9.62,98,83,29.1,98,98,0.4,10531,Alto,0.18,4.3,4.3,8.4,Medio,75.1
St. Lucia,Central America and Caribbean,Developing,2013,18.5,20.9,139.7475,Medio,8.93,99,83,29.4,99,99,0.4,10148,Alto,0.18,4.3,4.3,8.4,Medio,75.3
St. Lucia,Central America and Caribbean,Developing,2014,19,21.4,138.0705,Medio,9.18,99,83,29.6,99,99,0.4,10280,Alto,0.18,4.3,4.3,8.7,Medio,75.4
St. Lucia,Central America and Caribbean,Developing,2015,19.5,21.9,136.3935,Medio,9.23,99,83,29.8,99,99,0.4,10094,Alto,0.18,4.3,4.3,8.9,Medio,75.6
St. Vincent and the Grenadines,Central America and Caribbean,Developing,2000,19.2,22.2,183.408,Medio,5.13,99,83,25.5,99,98,0.4,5339,Medio,0.11,4,3.9,7.6,Medio,70.8
St. Vincent and the Grenadines,Central America and Caribbean,Developing,2001,19.1,22,182.7705,Medio,5.07,99,83,25.6,99,99,0.4,5427,Medio,0.11,3.9,3.9,7.6,Medio,70.9
St. Vincent and the Grenadines,Central America and Caribbean,Developing,2002,19.1,21.9,182.1335,Medio,5.21,99,83,25.7,99,99,0.4,5706,Medio,0.11,3.9,3.8,7.7,Medio,71
St. Vincent and the Grenadines,Central America and Caribbean,Developing,2003,19,21.7,179.187,Medio,5.47,99,83,25.8,99,99,0.4,6075,Medio,0.11,3.8,3.8,7.8,Medio,71.1
St. Vincent and the Grenadines,Central America and Caribbean,Developing,2004,19,21.6,176.2405,Medio,5.77,99,83,25.9,99,99,0.4,6313,Medio,0.11,3.8,3.7,7.8,Medio,71.2
St. Vincent and the Grenadines,Central America and Caribbean,Developing,2005,18.9,21.5,173.295,Medio,6.37,99,83,26,93,99,0.4,6465,Medio,0.11,3.7,3.7,7.9,Medio,71.3
St. Vincent and the Grenadines,Central America and Caribbean,Developing,2006,18.8,21.3,170.3485,Medio,6.22,99,83,26.1,99,99,0.4,6918,Medio,0.11,3.7,3.6,8,Medio,71.4
St. Vincent and the Grenadines,Central America and Caribbean,Developing,2007,18.7,21.1,167.402,Medio,6.2,99,83,26.3,99,99,0.4,7154,Medio,0.11,3.6,3.6,8.1,Medio,71.6
St. Vincent and the Grenadines,Central America and Caribbean,Developing,2008,18.5,20.8,165.5335,Medio,7.17,99,83,26.4,99,99,0.4,7190,Medio,0.11,3.6,3.6,8.1,Medio,71.6
St. Vincent and the Grenadines,Central America and Caribbean,Developing,2009,18.2,20.4,163.6655,Medio,6.98,99,83,26.5,99,99,0.4,7098,Medio,0.11,3.6,3.5,8.2,Medio,71.7
St. Vincent and the Grenadines,Central America and Caribbean,Developing,2010,17.8,19.8,161.7965,Medio,7.19,99,83,26.6,99,99,0.4,6783,Medio,0.11,3.5,3.5,8.3,Medio,71.8
St. Vincent and the Grenadines,Central America and Caribbean,Developing,2011,17.3,19.2,159.928,Medio,7.04,96,83,26.7,96,96,0.4,6738,Medio,0.11,3.5,3.5,8.4,Medio,71.8
St. Vincent and the Grenadines,Central America and Caribbean,Developing,2012,16.8,18.6,158.0595,Medio,6.81,96,83,26.8,96,96,0.4,6810,Medio,0.11,3.5,3.5,8.5,Medio,71.9
St. Vincent and the Grenadines,Central America and Caribbean,Developing,2013,16.2,18,156.9805,Medio,6.96,97,83,26.9,97,97,0.4,6965,Medio,0.11,3.5,3.4,8.6,Medio,71.9
St. Vincent and the Grenadines,Central America and Caribbean,Developing,2014,15.7,17.4,155.902,Medio,7.12,98,83,27,97,98,0.4,7029,Medio,0.11,3.5,3.4,8.6,Medio,72
St. Vincent and the Grenadines,Central America and Caribbean,Developing,2015,15.2,16.7,154.8235,Medio,7.41,98,83,27.1,97,98,0.4,7207,Medio,0.11,3.5,3.4,8.6,Medio,72.1
Suriname,South America,Developing,2000,27.5,31.2,210.4495,Medio,4.46,84,16,25.4,70,71,1.01,6202,Medio,0.47,3.6,3.6,7.7,Medio,67.8
Suriname,South America,Developing,2001,26.6,30.1,211.342,Medio,4.41,84,16,25.5,65,68,0.99,6387,Medio,0.48,3.6,3.5,7.7,Medio,67.9
Suriname,South America,Developing,2002,25.7,29.1,212.234,Alto,4.58,84,16,25.6,74,73,0.98,6488,Medio,0.48,3.5,3.5,7.7,Medio,68.1
Suriname,South America,Developing,2003,24.9,28.2,207.3055,Medio,4.7,84,16,25.6,74,75,0.96,6816,Medio,0.49,3.5,3.5,7.7,Medio,68.3
Suriname,South America,Developing,2004,24.2,27.3,202.3775,Medio,4.66,84,16,25.7,84,85,0.91,7310,Medio,0.49,3.5,3.5,7.7,Medio,68.6
Suriname,South America,Developing,2005,23.5,26.5,197.449,Medio,4.52,83,16,25.8,84,83,0.85,7550,Medio,0.5,3.5,3.4,7.7,Medio,68.9
Suriname,South America,Developing,2006,22.9,25.7,192.5215,Medio,4.57,84,16,25.9,84,84,0.81,7896,Medio,0.51,3.5,3.4,7.7,Medio,69.2
Suriname,South America,Developing,2007,22.2,25,187.5935,Medio,4.69,84,16,25.9,84,84,0.75,8204,Medio,0.51,3.5,3.4,7.7,Medio,69.6
Suriname,South America,Developing,2008,21.7,24.4,184.945,Medio,4.82,84,16,26,85,85,0.71,8445,Alto,0.52,3.5,3.4,7.7,Medio,69.9
Suriname,South America,Developing,2009,21.1,23.7,182.2965,Medio,4.93,87,16,26.1,85,87,0.66,8600,Alto,0.52,3.5,3.4,7.7,Medio,70.2
Suriname,South America,Developing,2010,20.6,23.1,179.6485,Medio,5.27,86,16,26.1,94,96,0.66,8942,Alto,0.53,3.5,3.4,7.7,Medio,70.5
Suriname,South America,Developing,2011,20.1,22.5,177,Medio,5.69,86,16,26.2,83,86,0.6,9358,Alto,0.54,3.5,3.4,7.8,Medio,70.7
Suriname,South America,Developing,2012,19.6,22,174.3515,Medio,5.79,84,17,26.3,79,84,0.58,9502,Alto,0.54,3.5,3.4,7.9,Medio,70.9
Suriname,South America,Developing,2013,19.1,21.4,172.944,Medio,5.84,86,15,26.3,78,86,0.54,9673,Alto,0.55,3.5,3.5,8.1,Medio,71
Suriname,South America,Developing,2014,18.6,20.9,171.5365,Medio,5.39,85,15,26.4,76,85,0.51,9593,Alto,0.55,3.5,3.5,8.2,Medio,71.1
Suriname,South America,Developing,2015,18.2,20.3,170.129,Medio,4.75,89,21,26.5,78,89,0.47,9168,Alto,0.56,3.5,3.5,8.4,Medio,71.2
Sweden,European Union,Developed,2000,3.4,4.1,71.72,Bajo,6.2,60,94,25.1,99,99,0.08,41117,Alto,8.87,1.4,1.3,11.4,Alto,79.6
Sweden,European Union,Developed,2001,3.4,4.1,71.28,Bajo,6.5,60,94,25.2,99,99,0.08,41601,Alto,8.9,1.3,1.3,11.5,Alto,79.8
Sweden,European Union,Developed,2002,3.3,4,68.96,Bajo,6.88,60,94,25.3,99,99,0.08,42377,Alto,8.92,1.3,1.3,11.6,Alto,79.8
Sweden,European Union,Developed,2003,3.2,3.9,67.2,Bajo,6.88,60,95,25.4,99,99,0.08,43195,Alto,8.96,1.3,1.3,11.8,Alto,80.1
Sweden,European Union,Developed,2004,3.1,3.7,66.1935,Bajo,6.51,60,95,25.4,99,99,0.08,44891,Alto,8.99,1.3,1.3,12.3,Alto,80.5
Sweden,European Union,Developed,2005,3,3.6,65.34,Bajo,6.53,60,95,25.5,98,98,0.08,45990,Alto,9.03,1.3,1.3,12.4,Alto,80.5
Sweden,European Union,Developed,2006,2.8,3.4,63.6035,Bajo,6.81,60,95,25.6,98,98,0.08,47865,Alto,9.08,1.3,1.3,12.4,Alto,80.7
Sweden,European Union,Developed,2007,2.7,3.3,62.5915,Bajo,6.98,60,95,25.6,98,98,0.08,49145,Alto,9.15,1.3,1.3,12.5,Alto,80.9
Sweden,European Union,Developed,2008,2.6,3.2,61.6405,Bajo,7.02,61,94,25.7,98,98,0.08,48544,Alto,9.22,1.3,1.3,12.2,Alto,81.1
Sweden,European Union,Developed,2009,2.6,3.1,60.608,Bajo,7.31,59,95,25.7,98,98,0.08,46043,Alto,9.3,1.3,1.3,12.2,Alto,81.4
Sweden,European Union,Developed,2010,2.5,3.1,57.492,Bajo,7.38,61,94,25.8,98,98,0.08,48370,Alto,9.38,1.3,1.3,12.3,Alto,81.5
Sweden,European Union,Developed,2011,2.5,3,57.197,Bajo,7.31,62,95,25.8,98,98,0.08,49540,Alto,9.45,1.4,1.3,12.4,Alto,81.8
Sweden,European Union,Developed,2012,2.4,3,55.8855,Bajo,7.23,53,95,25.9,98,98,0.08,48886,Alto,9.52,1.4,1.3,12.4,Alto,81.7
Sweden,European Union,Developed,2013,2.4,2.9,55.5025,Bajo,7.32,67,95,25.9,98,98,0.08,49049,Alto,9.6,1.4,1.3,12.2,Alto,82
Sweden,European Union,Developed,2014,2.4,2.9,54.481,Bajo,7.2,67,95,26,97,98,0.08,49855,Alto,9.7,1.5,1.3,12.3,Alto,82.3
Sweden,European Union,Developed,2015,2.3,2.9,53.4415,Bajo,7.13,67,95,26,98,98,0.08,51545,Alto,9.8,1.5,1.4,12.4,Alto,82.2
Switzerland,Rest of Europe,Developed,2000,4.7,5.6,76.677,Bajo,11.26,88,71,24.8,95,93,0.09,74013,Alto,7.18,0.7,0.5,11.4,Alto,79.7
Switzerland,Rest of Europe,Developed,2001,4.6,5.5,73.0875,Bajo,11.12,88,71,24.8,95,93,0.1,74705,Alto,7.23,0.7,0.5,11.6,Alto,80.2
Switzerland,Rest of Europe,Developed,2002,4.5,5.4,71.8885,Bajo,10.85,88,71,24.9,95,93,0.1,74138,Alto,7.28,0.6,0.5,11.7,Alto,80.4
Switzerland,Rest of Europe,Developed,2003,4.5,5.3,70.293,Bajo,10.82,88,71,24.9,95,93,0.1,73556,Alto,7.34,0.6,0.5,11.8,Alto,80.5
Switzerland,Rest of Europe,Developed,2004,4.4,5.2,67.614,Bajo,10.54,88,71,24.9,95,93,0.09,75113,Alto,7.39,0.6,0.4,11.9,Alto,81.1
Switzerland,Rest of Europe,Developed,2005,4.3,5.1,65.1225,Bajo,10.15,88,71,25,94,94,0.08,76785,Alto,7.44,0.6,0.4,12,Alto,81.2
Switzerland,Rest of Europe,Developed,2006,4.2,4.9,63.2435,Bajo,10.24,88,71,25,94,94,0.08,79368,Alto,7.48,0.6,0.4,12.3,Alto,81.5
Switzerland,Rest of Europe,Developed,2007,4.1,4.8,62.047,Bajo,10.44,88,71,25,94,94,0.07,81805,Alto,7.55,0.5,0.4,12.6,Alto,81.7
Switzerland,Rest of Europe,Developed,2008,4,4.7,59.218,Bajo,10.29,88,83,25,96,95,0.07,82998,Alto,7.65,0.5,0.4,12.9,Alto,82
Switzerland,Rest of Europe,Developed,2009,4,4.6,59.034,Bajo,10.15,88,83,25.1,96,95,0.06,80262,Alto,7.74,0.5,0.4,13.3,Alto,82
Switzerland,Rest of Europe,Developed,2010,3.9,4.6,56.9105,Bajo,10.01,88,83,25.1,96,95,0.06,82027,Alto,7.82,0.5,0.4,13.3,Alto,82.2
Switzerland,Rest of Europe,Developed,2011,3.9,4.5,54.1965,Bajo,9.99,88,86,25.1,96,96,0.06,82678,Alto,7.91,0.5,0.3,13.3,Alto,82.7
Switzerland,Rest of Europe,Developed,2012,3.8,4.4,53.4515,Bajo,9.87,88,86,25.1,96,96,0.06,82800,Alto,8,0.5,0.3,13.4,Alto,82.7
Switzerland,Rest of Europe,Developed,2013,3.8,4.4,52.8665,Bajo,9.74,88,86,25.1,96,96,0.05,83345,Alto,8.09,0.4,0.3,13.4,Alto,82.8
Switzerland,Rest of Europe,Developed,2014,3.8,4.3,49.998,Bajo,9.62,88,87,25.1,96,96,0.05,84348,Alto,8.19,0.4,0.3,13.4,Alto,83.2
Switzerland,Rest of Europe,Developed,2015,3.7,4.3,49.384,Bajo,9.62,88,87,25.2,96,97,0.05,84776,Alto,8.28,0.4,0.3,13.4,Alto,82.9
Syrian Arab Republic,Middle East,Developing,2000,19.6,23,122.6915,Bajo,0.93,79,80,26.9,86,84,0.13,1341,Bajo,16.41,6.8,6.6,4.6,Bajo,73.1
Syrian Arab Republic,Middle East,Developing,2001,18.9,22.1,121.421,Bajo,0.95,80,83,27,83,82,0.13,1326,Bajo,16.77,6.7,6.5,4.8,Bajo,73.4
Syrian Arab Republic,Middle East,Developing,2002,18.2,21.4,120.151,Bajo,0.9,80,84,27,86,84,0.13,1353,Bajo,17.08,6.6,6.5,4.7,Bajo,73.7
Syrian Arab Republic,Middle East,Developing,2003,17.7,20.7,118.895,Bajo,0.86,81,83,27.1,85,83,0.13,1423,Bajo,17.42,6.6,6.4,5.1,Bajo,74
Syrian Arab Republic,Middle East,Developing,2004,17.2,20.1,117.639,Bajo,0.61,82,82,27.2,84,81,0.13,1486,Bajo,17.83,6.5,6.3,5.4,Bajo,74.3
Syrian Arab Republic,Middle East,Developing,2005,16.8,19.7,116.383,Bajo,0.79,83,81,27.3,83,80,0.13,1532,Bajo,18.36,6.5,6.3,5.8,Bajo,74.4
Syrian Arab Republic,Middle East,Developing,2006,16.5,19.3,115.127,Bajo,0.75,83,81,27.4,83,80,0.13,1550,Bajo,19.06,6.4,6.3,6.2,Medio,74.4
Syrian Arab Republic,Middle East,Developing,2007,16.3,19.1,113.8705,Bajo,0.74,83,81,27.5,83,80,0.13,1571,Bajo,19.88,6.4,6.2,6.5,Medio,74.2
Syrian Arab Republic,Middle East,Developing,2008,16.2,18.9,128.9725,Medio,0.75,83,81,27.5,83,79,0.13,1579,Bajo,20.66,6.4,6.2,6.3,Medio,73.6
Syrian Arab Republic,Middle East,Developing,2009,16.1,18.8,144.074,Medio,0.76,84,82,27.6,83,80,0.13,1629,Bajo,21.21,6.4,6.2,6.6,Medio,72.9
Syrian Arab Republic,Middle East,Developing,2010,16.2,18.9,159.176,Medio,0.77,84,82,27.7,83,80,0.13,1701,Bajo,21.36,6.4,6.1,6.3,Medio,72.1
Syrian Arab Republic,Middle East,Developing,2011,16.7,20.1,174.2775,Medio,0.6,66,71,27.8,60,72,0.13,1773,Bajo,21.08,6.3,6.1,6.3,Medio,71.3
Syrian Arab Republic,Middle East,Developing,2012,23.4,37,189.3795,Medio,0.21,43,53,27.9,47,45,0.13,1347,Bajo,20.44,6.3,6.1,6.3,Medio,70.6
Syrian Arab Republic,Middle East,Developing,2013,26.8,45.3,185.622,Medio,0.15,71,51,28,50,41,0.13,1037,Bajo,19.58,6.3,6.1,6.3,Medio,70
Syrian Arab Republic,Middle East,Developing,2014,27.7,47,181.864,Medio,0.19,47,49,28.1,52,43,0.13,973,Bajo,18.71,6.3,6.1,5.6,Bajo,69.8
Syrian Arab Republic,Middle East,Developing,2015,25.6,41.6,178.1065,Medio,0.23,41,47,28.2,50,41,0.13,979,Bajo,18,6.3,6.1,5.1,Bajo,69.9
Tajikistan,Asia,Developing,2000,67.6,83.6,178.7895,Medio,0.81,52,59,24.1,86,83,0.01,434,Bajo,6.22,4.2,4.1,10.6,Alto,62
Tajikistan,Asia,Developing,2001,62.9,77.2,173.3405,Medio,0.8,59,72,24.2,84,85,0.01,468,Bajo,6.32,4.1,4.1,10.6,Alto,62.8
Tajikistan,Asia,Developing,2002,58.4,71,167.8915,Medio,0.8,39,93,24.3,84,85,0.01,510,Bajo,6.43,4,4,10.6,Alto,63.7
Tajikistan,Asia,Developing,2003,54.2,65.2,164.6845,Medio,0.74,58,94,24.4,82,85,0.02,556,Bajo,6.54,4,4,10.6,Alto,64.5
Tajikistan,Asia,Developing,2004,50.4,60.1,161.477,Medio,0.7,81,98,24.5,82,86,0.03,602,Bajo,6.66,3.9,3.9,10.5,Alto,65.3
Tajikistan,Asia,Developing,2005,47,55.6,158.27,Medio,0.65,81,92,24.6,79,84,0.05,631,Bajo,6.79,3.8,3.9,10.5,Alto,66.1
Tajikistan,Asia,Developing,2006,44.1,51.9,155.062,Medio,0.56,88,96,24.7,76,83,0.07,662,Bajo,6.92,3.8,3.9,10.5,Alto,66.8
Tajikistan,Asia,Developing,2007,41.7,48.8,151.8545,Medio,0.54,84,90,24.8,85,86,0.1,699,Bajo,7.06,3.8,3.8,10.5,Alto,67.4
Tajikistan,Asia,Developing,2008,39.7,46.3,149.14,Medio,0.56,86,87,25,87,86,0.13,739,Bajo,7.21,3.8,3.8,11,Alto,67.9
Tajikistan,Asia,Developing,2009,38.1,44.3,146.4255,Medio,0.66,93,93,25.1,93,93,0.17,752,Bajo,7.36,3.7,3.8,10.9,Alto,68.4
Tajikistan,Asia,Developing,2010,36.9,42.7,143.711,Medio,0.68,93,95,25.2,95,93,0.23,783,Bajo,7.53,3.7,3.8,10.9,Alto,68.7
Tajikistan,Asia,Developing,2011,35.8,41.4,140.997,Medio,0.71,96,96,25.4,97,96,0.17,823,Bajo,7.7,3.7,3.7,10.8,Alto,69.1
Tajikistan,Asia,Developing,2012,35,40.3,138.2825,Medio,0.77,94,97,25.5,96,94,0.14,865,Bajo,7.87,3.6,3.7,10.7,Alto,69.3
Tajikistan,Asia,Developing,2013,34.2,39.4,137.093,Medio,0.8,96,92,25.6,97,96,0.12,907,Bajo,8.06,3.6,3.7,10.7,Alto,69.6
Tajikistan,Asia,Developing,2014,33.4,38.4,135.904,Medio,0.83,97,98,25.8,94,97,0.11,945,Bajo,8.25,3.6,3.7,10.6,Alto,69.9
Tajikistan,Asia,Developing,2015,32.6,37.5,134.715,Medio,0.92,96,94,25.9,96,96,0.11,978,Bajo,8.45,3.6,3.7,10.5,Alto,70.1
Tanzania,Africa,Developing,2000,78.9,129.7,449.9005,Alto,5.96,92,64,22.1,64,79,4.43,568,Bajo,33.5,8.3,8.3,4.2,Bajo,50.8
Tanzania,Africa,Developing,2001,74.4,121.9,448.1755,Alto,6.25,93,64,22.2,65,87,4.25,587,Bajo,34.39,8.2,8.1,4.3,Bajo,51.4
Tanzania,Africa,Developing,2002,69.9,114,446.4505,Alto,5.14,89,64,22.2,91,89,4.03,611,Bajo,35.33,8,8,4.3,Bajo,52.1
Tanzania,Africa,Developing,2003,65.6,106.5,429.3055,Alto,3.45,95,64,22.3,97,95,3.79,634,Bajo,36.34,7.9,7.9,4.4,Bajo,52.9
Tanzania,Africa,Developing,2004,61.9,99.9,412.161,Alto,5.69,95,64,22.4,95,95,3.61,663,Bajo,37.38,7.8,7.8,4.5,Bajo,53.6
Tanzania,Africa,Developing,2005,58.5,93.9,395.016,Alto,5.74,90,64,22.5,91,90,3.41,692,Bajo,38.45,7.7,7.6,4.8,Bajo,54.3
Tanzania,Africa,Developing,2006,55.8,88.8,377.871,Alto,6.09,90,64,22.5,91,90,3.27,717,Bajo,39.55,7.6,7.5,4.8,Bajo,55.1
Tanzania,Africa,Developing,2007,52.9,83.8,360.726,Alto,6.89,83,64,22.6,88,83,2.99,745,Bajo,40.68,7.5,7.4,4.9,Bajo,55.9
Tanzania,Africa,Developing,2008,51,79.6,345.9945,Alto,4.96,86,64,22.7,89,86,2.76,765,Bajo,41.85,7.3,7.3,5,Bajo,56.8
Tanzania,Africa,Developing,2009,48.7,75.4,331.2625,Alto,6.26,85,64,22.7,88,85,2.59,782,Bajo,43.07,7.2,7.2,5,Bajo,57.7
Tanzania,Africa,Developing,2010,47.1,71.9,316.531,Alto,6.95,91,64,22.8,94,91,2.48,808,Bajo,44.35,7.1,7.1,5.1,Bajo,58.6
Tanzania,Africa,Developing,2011,45.5,68.4,301.7985,Alto,7.09,90,64,22.9,88,90,2.4,845,Bajo,45.67,7,6.9,5.1,Bajo,59.5
Tanzania,Africa,Developing,2012,44,65.3,287.067,Alto,6.22,92,64,22.9,90,92,2.32,857,Bajo,47.05,6.9,6.8,5.5,Bajo,60.5
Tanzania,Africa,Developing,2013,43,62.7,271.267,Alto,6.71,91,64,23,91,91,2.19,888,Bajo,48.48,6.8,6.7,5.5,Bajo,61.4
Tanzania,Africa,Developing,2014,41.9,59.9,255.4665,Alto,7.43,97,64,23.1,97,97,2.12,920,Bajo,49.96,6.8,6.6,5.6,Bajo,62.3
Tanzania,Africa,Developing,2015,40.9,58.1,239.667,Alto,7.86,98,64,23.1,96,98,2.01,948,Bajo,51.48,6.7,6.5,5.8,Bajo,63.1
Thailand,Asia,Developing,2000,18.7,22,197.392,Medio,5.81,95,99,22.9,97,97,0.66,3518,Medio,62.95,9.4,9.7,6.1,Bajo,70.6
Thailand,Asia,Developing,2001,17.8,20.9,196.2075,Medio,5.84,95,86,23,97,96,0.6,3605,Medio,63.54,9.3,9.6,6.3,Medio,70.8
Thailand,Asia,Developing,2002,17,19.9,195.0225,Medio,5.86,95,89,23,97,96,0.53,3795,Medio,64.07,9.2,9.5,6.5,Medio,71.1
Thailand,Asia,Developing,2003,16.2,18.9,189.8,Medio,6.07,96,92,23.1,98,98,0.47,4038,Medio,64.55,9.1,9.3,6.7,Medio,71.4
Thailand,Asia,Developing,2004,15.5,18,184.5775,Medio,6.1,96,95,23.2,98,98,0.42,4263,Medio,65,9,9.2,6.8,Medio,71.7
Thailand,Asia,Developing,2005,14.8,17.2,179.3555,Medio,6.19,96,95,23.3,98,98,0.37,4412,Medio,65.42,8.9,9.1,7,Medio,72.1
Thailand,Asia,Developing,2006,14.1,16.4,174.1335,Medio,6.1,96,94,23.4,98,98,0.33,4604,Medio,65.81,8.7,8.9,7,Medio,72.5
Thailand,Asia,Developing,2007,13.4,15.6,168.9115,Medio,6.12,96,94,23.5,98,98,0.3,4827,Medio,66.18,8.6,8.8,7.1,Medio,72.9
Thailand,Asia,Developing,2008,12.8,14.9,165.9995,Medio,7.54,98,91,23.6,99,99,0.27,4884,Medio,66.53,8.5,8.6,7.3,Medio,73.3
Thailand,Asia,Developing,2009,12.2,14.2,163.0875,Medio,6.74,98,91,23.7,99,99,0.25,4826,Medio,66.87,8.3,8.5,7.5,Medio,73.8
Thailand,Asia,Developing,2010,11.7,13.6,160.1755,Medio,6.19,98,91,23.8,99,99,0.23,5164,Medio,67.2,8.2,8.3,7.7,Medio,74.2
Thailand,Asia,Developing,2011,11.2,13,157.2635,Medio,6.61,98,91,23.9,99,99,0.22,5182,Medio,67.52,8.1,8.2,7.5,Medio,74.6
Thailand,Asia,Developing,2012,10.6,12.4,154.351,Medio,7.1,98,91,24,99,99,0.2,5531,Medio,67.84,8,8.1,7.7,Medio,75
Thailand,Asia,Developing,2013,10.2,11.8,152.5305,Medio,6.89,99,94,24.1,99,99,0.19,5654,Medio,68.14,7.9,7.9,7.5,Medio,75.4
Thailand,Asia,Developing,2014,9.7,11.3,150.71,Medio,6.91,99,94,24.2,99,99,0.17,5685,Medio,68.44,7.8,7.8,7.6,Medio,75.7
Thailand,Asia,Developing,2015,9.3,10.8,148.889,Medio,6.95,99,95,24.3,99,99,0.16,5840,Medio,68.71,7.7,7.7,7.6,Medio,76.1
Timor-Leste,Oceania,Developing,2000,84.5,107.7,268.989,Alto,0.5,75,64,19.9,50,55,0.03,942,Bajo,0.88,12.2,12.2,2.8,Bajo,59
Timor-Leste,Oceania,Developing,2001,80.6,102.1,259.1975,Alto,0.5,75,64,20,50,55,0.04,1075,Bajo,0.9,12.1,12.2,2.8,Bajo,59.9
Timor-Leste,Oceania,Developing,2002,76.8,96.5,249.406,Alto,0.48,75,64,20,38,54,0.04,980,Bajo,0.92,12.1,12.1,2.9,Bajo,60.9
Timor-Leste,Oceania,Developing,2003,73,91.2,234.413,Alto,0.44,75,64,20.1,55,55,0.05,934,Bajo,0.95,12.1,12.1,3,Bajo,61.9
Timor-Leste,Oceania,Developing,2004,69.3,86,219.4205,Alto,0.39,75,64,20.2,57,57,0.05,913,Bajo,0.97,12,12,3.1,Bajo,62.9
Timor-Leste,Oceania,Developing,2005,65.7,80.9,204.4285,Medio,0.35,76,64,20.3,55,55,0.05,919,Bajo,1,12,11.9,3.3,Bajo,63.9
Timor-Leste,Oceania,Developing,2006,62.1,76.1,189.4355,Medio,0.039,75,64,20.3,62,63,0.06,862,Bajo,1.02,11.9,11.9,3.4,Bajo,64.8
Timor-Leste,Oceania,Developing,2007,58.8,71.6,174.443,Medio,0.046,74,64,20.4,70,70,0.06,933,Bajo,1.04,11.8,11.8,3.5,Bajo,65.6
Timor-Leste,Oceania,Developing,2008,56,67.7,171.0075,Medio,0.062,79,64,20.5,79,79,0.07,1020,Bajo,1.06,11.7,11.7,4,Bajo,66.3
Timor-Leste,Oceania,Developing,2009,53.6,64.4,167.5715,Medio,0.085,72,64,20.6,78,72,0.07,1104,Bajo,1.07,11.6,11.6,4.4,Bajo,66.8
Timor-Leste,Oceania,Developing,2010,51.4,61.5,164.1365,Medio,0.1,72,64,20.7,72,72,0.08,1186,Bajo,1.09,11.5,11.5,4.4,Bajo,67.2
Timor-Leste,Oceania,Developing,2011,49.4,58.8,160.701,Medio,0.44,67,64,20.8,66,67,0.08,1234,Bajo,1.11,11.3,11.4,4.5,Bajo,67.5
Timor-Leste,Oceania,Developing,2012,47.5,56.3,157.265,Medio,0.48,83,64,20.9,83,83,0.09,1271,Bajo,1.13,11.2,11.3,4.5,Bajo,67.7
Timor-Leste,Oceania,Developing,2013,45.9,54.2,154.7555,Medio,0.48,82,64,21,82,82,0.09,1287,Bajo,1.15,11.1,11.2,4.5,Bajo,68
Timor-Leste,Oceania,Developing,2014,44.3,52.1,152.246,Medio,0.41,77,64,21.1,76,77,0.1,1321,Bajo,1.17,10.9,11.1,4.5,Bajo,68.2
Timor-Leste,Oceania,Developing,2015,42.8,50.2,149.7365,Medio,0.41,76,64,21.2,75,76,0.1,1333,Bajo,1.2,10.9,11.1,4.5,Bajo,68.5
Togo,Africa,Developing,2000,75.7,119.9,331.9545,Alto,1.08,81,64,22,63,64,2.97,506,Bajo,4.92,9.4,9.3,4,Bajo,53.5
Togo,Africa,Developing,2001,73.7,116.4,333.336,Alto,0.88,81,64,22.1,51,50,2.66,496,Bajo,5.06,9.2,9.1,4,Bajo,53.6
Togo,Africa,Developing,2002,71.8,112.9,334.717,Alto,0.86,81,64,22.2,58,59,2.34,501,Bajo,5.2,9,8.9,4.1,Bajo,53.7
Togo,Africa,Developing,2003,69.9,109.5,333.358,Alto,0.89,81,64,22.4,72,72,2.13,522,Bajo,5.33,8.8,8.7,4.1,Bajo,53.9
Togo,Africa,Developing,2004,68,106.3,331.999,Alto,1.61,81,64,22.5,71,71,1.93,504,Bajo,5.47,8.6,8.5,4.2,Bajo,54.2
Togo,Africa,Developing,2005,66.3,103.1,330.64,Alto,1.84,81,64,22.6,80,82,1.78,468,Bajo,5.61,8.4,8.3,4.2,Bajo,54.6
Togo,Africa,Developing,2006,64.6,100.1,329.281,Alto,2.01,80,64,22.7,85,84,1.66,468,Bajo,5.76,8.1,8,4.3,Bajo,55.1
Togo,Africa,Developing,2007,62.9,97.3,327.9225,Alto,1.52,81,64,22.8,72,82,1.56,450,Bajo,5.92,7.9,7.8,4.3,Bajo,55.6
Togo,Africa,Developing,2008,61.4,94.4,318.7475,Alto,1.44,82,64,22.9,80,81,1.45,456,Bajo,6.08,7.7,7.6,4.3,Bajo,56.2
Togo,Africa,Developing,2009,59.8,91.7,309.5725,Alto,1.16,78,64,23,78,78,1.28,468,Bajo,6.25,7.5,7.4,4.3,Bajo,56.8
Togo,Africa,Developing,2010,58.3,89,300.397,Alto,1.26,83,64,23.1,83,83,1.19,483,Bajo,6.42,7.3,7.2,4.3,Bajo,57.5
Togo,Africa,Developing,2011,56.7,86.2,291.222,Alto,1.12,85,64,23.2,85,85,0.97,501,Bajo,6.6,7.1,7,4.4,Bajo,58.1
Togo,Africa,Developing,2012,55.2,83.5,282.047,Alto,1.13,84,64,23.2,84,84,0.87,519,Bajo,6.77,7,6.8,4.4,Bajo,58.7
Togo,Africa,Developing,2013,53.7,80.9,278.601,Alto,1.21,84,64,23.3,84,84,0.79,537,Bajo,6.95,6.8,6.6,4.5,Bajo,59.2
Togo,Africa,Developing,2014,52.2,78.3,275.155,Alto,1.25,87,64,23.4,82,87,0.72,554,Bajo,7.14,6.6,6.4,4.7,Bajo,59.6
Togo,Africa,Developing,2015,50.8,75.9,271.709,Alto,1.36,88,64,23.5,82,88,0.72,571,Bajo,7.32,6.5,6.2,4.7,Bajo,59.9
Tonga,Oceania,Developing,2000,14.5,16.9,158.283,Medio,1.22,93,97,31.2,95,91,0.17,3672,Medio,0.1,0.1,0.1,9.1,Medio,69.7
Tonga,Oceania,Developing,2001,14.2,16.5,156.677,Medio,1.34,91,98,31.3,95,89,0.17,3790,Medio,0.1,0.1,0.1,9.1,Medio,69.7
Tonga,Oceania,Developing,2002,13.8,16,155.0705,Medio,1.5,88,98,31.4,90,84,0.17,3952,Medio,0.1,0.1,0.1,9.1,Medio,69.8
Tonga,Oceania,Developing,2003,13.4,15.6,153.4715,Medio,1.79,85,96,31.4,98,90,0.17,4020,Medio,0.1,0.1,0.1,9.2,Medio,69.8
Tonga,Oceania,Developing,2004,13,15.1,151.8725,Medio,1.79,99,99,31.5,99,90,0.17,3899,Medio,0.1,0.1,0.1,9.2,Medio,69.8
Tonga,Oceania,Developing,2005,12.7,14.7,150.2735,Medio,1.89,89,98,31.6,99,89,0.17,3875,Medio,0.1,0.1,0.1,9.2,Medio,69.8
Tonga,Oceania,Developing,2006,12.3,14.3,148.674,Medio,1.79,89,99,31.6,99,88,0.17,3839,Medio,0.1,0.1,0.1,9.4,Medio,69.9
Tonga,Oceania,Developing,2007,12,14,147.075,Medio,2.05,87,99,31.7,99,87,0.17,3817,Medio,0.1,0.1,0.1,9.8,Alto,69.9
Tonga,Oceania,Developing,2008,11.8,13.7,145.4525,Medio,1.1,84,98,31.7,99,86,0.17,3967,Medio,0.1,0.1,0.1,10.1,Alto,69.9
Tonga,Oceania,Developing,2009,11.5,13.4,143.8305,Medio,1.08,84,98,31.8,99,84,0.17,3742,Medio,0.1,0.1,0.1,10.4,Alto,70
Tonga,Oceania,Developing,2010,11.3,13.2,142.208,Medio,1.24,82,98,31.8,99,82,0.17,3769,Medio,0.1,0.1,0.1,10.7,Alto,70.1
Tonga,Oceania,Developing,2011,11.1,12.9,140.5855,Medio,0.93,82,99,31.9,99,82,0.17,4043,Medio,0.1,0.1,0.1,10.9,Alto,70.1
Tonga,Oceania,Developing,2012,11,12.8,138.9635,Medio,0.22,77,95,31.9,95,77,0.17,4108,Medio,0.1,0.1,0.1,10.9,Alto,70.2
Tonga,Oceania,Developing,2013,10.9,12.6,137.313,Medio,0.22,82,99,32,99,82,0.17,4160,Medio,0.1,0.1,0.1,11,Alto,70.3
Tonga,Oceania,Developing,2014,10.8,12.5,135.663,Medio,0.28,98,92,32.1,98,80,0.17,4276,Medio,0.1,0.1,0.1,11.1,Alto,70.4
Tonga,Oceania,Developing,2015,10.7,12.4,134.0135,Medio,0.23,78,99,32.1,96,78,0.17,4336,Medio,0.1,0.1,0.1,11.2,Alto,70.5
Trinidad and Tobago,Central America and Caribbean,Developing,2000,24.7,27.9,193.695,Medio,4.81,83,77,25.9,90,90,0.4,10669,Alto,1.27,6.7,7.2,9.2,Medio,69.4
Trinidad and Tobago,Central America and Caribbean,Developing,2001,24.5,27.7,191.866,Medio,4.7,86,80,26,91,91,0.4,11074,Alto,1.27,6.6,7.1,9.3,Medio,69.7
Trinidad and Tobago,Central America and Caribbean,Developing,2002,24.3,27.4,190.037,Medio,5.25,88,77,26.1,96,96,0.4,11901,Alto,1.28,6.5,7,9.4,Medio,69.9
Trinidad and Tobago,Central America and Caribbean,Developing,2003,23.9,27,188.848,Medio,5.44,76,73,26.2,91,91,0.4,13552,Alto,1.28,6.4,6.9,9.5,Medio,70.2
Trinidad and Tobago,Central America and Caribbean,Developing,2004,23.5,26.4,187.6595,Medio,5.52,94,78,26.4,94,94,0.4,14556,Alto,1.29,6.3,6.8,9.8,Alto,70.4
Trinidad and Tobago,Central America and Caribbean,Developing,2005,23,25.9,186.471,Medio,5.75,95,84,26.5,95,95,0.4,15383,Alto,1.3,6.3,6.7,10,Alto,70.7
Trinidad and Tobago,Central America and Caribbean,Developing,2006,22.4,25.2,185.282,Medio,6.05,89,78,26.6,89,92,0.4,17334,Alto,1.3,6.2,6.6,9.9,Alto,71
Trinidad and Tobago,Central America and Caribbean,Developing,2007,21.7,24.4,184.093,Medio,6.03,89,87,26.7,90,88,0.4,18076,Alto,1.31,6.1,6.5,10.5,Alto,71.2
Trinidad and Tobago,Central America and Caribbean,Developing,2008,21.2,23.8,181.7705,Medio,5.99,90,81,26.8,91,90,0.4,18604,Alto,1.31,6.1,6.4,10.7,Alto,71.5
Trinidad and Tobago,Central America and Caribbean,Developing,2009,20.7,23.2,179.4475,Medio,5.93,90,80,26.9,90,90,0.4,17700,Alto,1.32,6,6.4,10.7,Alto,71.7
Trinidad and Tobago,Central America and Caribbean,Developing,2010,20.1,22.5,177.125,Medio,5.79,90,82,27,91,90,0.4,18189,Alto,1.33,5.9,6.3,10.7,Alto,71.9
Trinidad and Tobago,Central America and Caribbean,Developing,2011,19.5,21.8,174.802,Medio,5.79,90,83,27.1,91,90,0.4,18026,Alto,1.34,5.9,6.2,10.8,Alto,72.2
Trinidad and Tobago,Central America and Caribbean,Developing,2012,18.9,21.2,172.479,Medio,5.89,92,85,27.2,91,92,0.4,18151,Alto,1.34,5.9,6.1,10.8,Alto,72.4
Trinidad and Tobago,Central America and Caribbean,Developing,2013,18.4,20.6,171.224,Medio,5.85,92,86,27.3,94,92,0.4,18441,Alto,1.35,5.8,6,10.8,Alto,72.6
Trinidad and Tobago,Central America and Caribbean,Developing,2014,17.8,19.9,169.9695,Medio,5.9,92,93,27.4,94,92,0.4,18167,Alto,1.36,5.8,6,10.8,Alto,72.8
Trinidad and Tobago,Central America and Caribbean,Developing,2015,17.3,19.3,168.7145,Medio,5.97,90,79,27.5,88,96,0.4,18384,Alto,1.37,5.7,5.9,10.8,Alto,72.9
Tunisia,Africa,Developing,2000,25,29.9,111.903,Bajo,1.2,94,98,25.1,97,97,0.01,2881,Medio,9.71,6.6,6.5,4.9,Bajo,73.2
Tunisia,Africa,Developing,2001,23.4,27.9,109.8335,Bajo,1.18,94,99,25.2,98,98,0.01,2965,Medio,9.79,6.5,6.4,5.1,Bajo,73.4
Tunisia,Africa,Developing,2002,22,26.1,107.7635,Bajo,1.15,93,98,25.3,96,96,0.01,2980,Medio,9.87,6.5,6.4,5.2,Bajo,73.6
Tunisia,Africa,Developing,2003,20.8,24.6,106.6425,Bajo,1.19,92,99,25.4,95,95,0.02,3097,Medio,9.95,6.4,6.3,5.4,Bajo,73.8
Tunisia,Africa,Developing,2004,19.7,23.2,105.5215,Bajo,1.22,96,99,25.4,97,97,0.02,3265,Medio,10.02,6.4,6.3,5.6,Bajo,74
Tunisia,Africa,Developing,2005,18.8,22,104.4005,Bajo,1.25,97,99,25.5,98,98,0.03,3351,Medio,10.11,6.4,6.3,5.8,Bajo,74.2
Tunisia,Africa,Developing,2006,17.9,21,103.28,Bajo,1.32,99,98,25.6,99,99,0.03,3494,Medio,10.2,6.3,6.3,5.9,Bajo,74.4
Tunisia,Africa,Developing,2007,17.2,20.2,102.159,Bajo,1.17,98,98,25.7,98,98,0.04,3691,Medio,10.3,6.3,6.3,6.1,Bajo,74.6
Tunisia,Africa,Developing,2008,16.6,19.4,100.8905,Bajo,1.28,99,99,25.7,99,99,0.04,3806,Medio,10.41,6.3,6.3,6.3,Medio,74.7
Tunisia,Africa,Developing,2009,16.2,18.9,99.6225,Bajo,1.36,99,97,25.8,99,99,0.04,3881,Medio,10.53,6.3,6.3,6.4,Medio,74.9
Tunisia,Africa,Developing,2010,15.8,18.4,98.3545,Bajo,1.26,98,98,25.9,98,98,0.04,3955,Medio,10.64,6.3,6.3,6.7,Medio,75
Tunisia,Africa,Developing,2011,15.5,18,97.086,Bajo,1.25,98,96,25.9,98,98,0.04,3836,Medio,10.74,6.4,6.3,6.9,Medio,75.2
Tunisia,Africa,Developing,2012,15.2,17.7,95.818,Bajo,1.35,97,96,26,97,97,0.04,3959,Medio,10.85,6.4,6.3,6.8,Medio,75.4
Tunisia,Africa,Developing,2013,15,17.5,94.3265,Bajo,1.4,98,98,26.1,98,98,0.04,4016,Medio,10.95,6.4,6.3,6.8,Medio,75.6
Tunisia,Africa,Developing,2014,14.9,17.3,92.8345,Bajo,1.48,98,95,26.2,98,98,0.04,4098,Medio,11.06,6.5,6.4,6.9,Medio,75.7
Tunisia,Africa,Developing,2015,14.8,17.2,91.343,Bajo,1.5,98,98,26.3,98,98,0.04,4095,Medio,11.18,6.5,6.4,7,Medio,75.9
Turkiye,Middle East,Developing,2000,30.9,37.9,145.7185,Medio,1.66,71,65,26.7,85,85,0.08,6544,Medio,63.24,5.3,5.2,5.5,Bajo,70
Turkiye,Middle East,Developing,2001,29,35.3,141.1915,Medio,1.6,77,65,26.8,88,88,0.08,6076,Medio,64.19,5.2,5.1,5.6,Bajo,70.6
Turkiye,Middle East,Developing,2002,27.1,32.7,136.6645,Medio,1.59,72,65,26.9,78,78,0.08,6373,Medio,65.15,5.2,5,5.7,Bajo,71.1
Turkiye,Middle East,Developing,2003,25.3,30.4,133.9695,Medio,1.53,68,65,26.9,69,68,0.08,6644,Medio,66.09,5.1,5,5.8,Bajo,71.6
Turkiye,Middle East,Developing,2004,23.6,28.2,131.274,Medio,1.48,77,65,27,85,85,0.08,7195,Medio,67.01,5.1,4.9,5.9,Bajo,72
Turkiye,Middle East,Developing,2005,22,26.2,128.5785,Medio,1.39,85,65,27.1,90,90,0.08,7739,Medio,67.9,5,4.9,6,Bajo,72.4
Turkiye,Middle East,Developing,2006,20.5,24.3,125.8835,Bajo,1.39,82,65,27.2,90,90,0.08,8174,Medio,68.76,5,4.8,6.1,Bajo,72.8
Turkiye,Middle East,Developing,2007,19.2,22.5,123.188,Bajo,1.37,96,65,27.2,96,96,0.08,8484,Alto,69.58,5,4.8,6.2,Medio,73.2
Turkiye,Middle East,Developing,2008,17.9,20.9,120.8415,Bajo,1.51,92,65,27.3,96,96,0.08,8451,Alto,70.42,5,4.8,6.3,Medio,73.6
Turkiye,Middle East,Developing,2009,16.6,19.5,118.495,Bajo,1.52,94,65,27.4,96,96,0.08,7942,Medio,71.32,4.9,4.8,6.5,Medio,74.1
Turkiye,Middle East,Developing,2010,15.5,18.1,116.1485,Bajo,1.42,96,65,27.5,97,97,0.08,8492,Alto,72.33,4.9,4.7,6.7,Medio,74.5
Turkiye,Middle East,Developing,2011,14.5,16.9,113.8015,Bajo,1.47,96,65,27.5,97,97,0.08,9299,Alto,73.44,4.9,4.7,7.2,Medio,74.9
Turkiye,Middle East,Developing,2012,13.6,15.8,111.4545,Bajo,1.47,97,65,27.6,97,97,0.08,9587,Alto,74.65,4.9,4.7,7.5,Medio,75.4
Turkiye,Middle East,Developing,2013,12.7,14.7,109.578,Bajo,1.33,97,65,27.7,98,98,0.08,10226,Alto,75.93,4.9,4.7,7.7,Medio,75.8
Turkiye,Middle East,Developing,2014,11.9,13.8,107.701,Bajo,1.39,96,65,27.7,96,96,0.08,10550,Alto,77.23,4.9,4.7,7.6,Medio,76.2
Turkiye,Middle East,Developing,2015,11.1,13,105.824,Bajo,1.32,97,65,27.8,97,97,0.08,11006,Alto,78.53,4.9,4.8,7.8,Medio,76.5
Turkmenistan,Asia,Developing,2000,57.5,69.7,235.697,Alto,2.89,96,92,24.7,98,97,0.08,2288,Medio,4.52,3.6,3.6,9.9,Alto,63.6
Turkmenistan,Asia,Developing,2001,54.7,66,233.3245,Alto,2.36,96,94,24.8,94,95,0.08,2363,Medio,4.56,3.6,3.5,9.9,Alto,63.8
Turkmenistan,Asia,Developing,2002,51.9,62.2,230.952,Alto,2.41,96,87,24.9,99,98,0.08,2345,Medio,4.61,3.5,3.5,9.9,Alto,64.1
Turkmenistan,Asia,Developing,2003,49.2,58.6,226.9195,Alto,2.57,97,89,25,66,83,0.08,2398,Medio,4.66,3.5,3.4,9.9,Alto,64.4
Turkmenistan,Asia,Developing,2004,46.7,55.2,222.887,Alto,2.58,96,90,25.1,98,97,0.08,2492,Medio,4.7,3.4,3.4,9.9,Alto,64.7
Turkmenistan,Asia,Developing,2005,44.4,52.3,218.8545,Alto,2.63,99,98,25.2,99,99,0.08,2787,Medio,4.75,3.4,3.4,9.9,Alto,65
Turkmenistan,Asia,Developing,2006,42.3,49.6,214.822,Alto,2.54,98,99,25.3,98,98,0.08,3057,Medio,4.81,3.3,3.3,9.9,Alto,65.4
Turkmenistan,Asia,Developing,2007,40.6,47.4,210.7895,Medio,2.23,98,98,25.4,98,98,0.08,3353,Medio,4.87,3.3,3.3,9.9,Alto,65.7
Turkmenistan,Asia,Developing,2008,39.1,45.5,207.4435,Medio,2.12,96,99,25.6,96,96,0.08,3795,Medio,4.94,3.2,3.3,9.9,Alto,66
Turkmenistan,Asia,Developing,2009,38,44.1,204.097,Medio,2,97,99,25.7,97,96,0.08,3968,Medio,5.01,3.2,3.3,9.9,Alto,66.4
Turkmenistan,Asia,Developing,2010,37.2,43.1,200.751,Medio,2.9,96,99,25.8,96,96,0.08,4266,Medio,5.09,3.2,3.3,9.9,Alto,66.7
Turkmenistan,Asia,Developing,2011,36.7,42.5,197.405,Medio,2.88,97,99,25.9,97,97,0.08,4811,Medio,5.17,3.2,3.3,9.9,Alto,66.9
Turkmenistan,Asia,Developing,2012,36.3,42,194.059,Medio,3,98,99,26.1,98,97,0.08,5250,Medio,5.27,3.2,3.3,9.8,Alto,67.2
Turkmenistan,Asia,Developing,2013,36.3,41.9,192.682,Medio,3.18,98,99,26.2,98,98,0.08,5679,Medio,5.37,3.2,3.3,9.8,Alto,67.4
Turkmenistan,Asia,Developing,2014,36.3,42,191.3055,Medio,3.24,97,99,26.3,98,98,0.08,6149,Medio,5.47,3.3,3.3,9.8,Alto,67.6
Turkmenistan,Asia,Developing,2015,36.4,42.2,189.928,Medio,3.36,99,99,26.4,99,99,0.08,6433,Medio,5.57,3.3,3.3,9.8,Alto,67.7
Uganda,Africa,Developing,2000,87.1,146.1,537.6,Alto,11.68,52,64,21.2,55,52,4.6,517,Bajo,23.65,7,7,3.9,Bajo,46.2
Uganda,Africa,Developing,2001,83.4,139.3,522.318,Alto,11.8,54,64,21.2,56,55,4.48,527,Bajo,24.39,6.9,6.9,4,Bajo,47.2
Uganda,Africa,Developing,2002,79.2,131.6,507.0355,Alto,11.64,57,64,21.3,57,57,4.31,555,Bajo,25.17,6.8,6.8,4.2,Bajo,48.3
Uganda,Africa,Developing,2003,74.7,123.5,485.3535,Alto,11.37,44,64,21.4,57,59,4.15,573,Bajo,25.98,6.7,6.7,4.3,Bajo,49.4
Uganda,Africa,Developing,2004,70,115.1,463.672,Alto,11.06,62,64,21.5,58,62,3.98,593,Bajo,26.82,6.6,6.6,4.4,Bajo,50.6
Uganda,Africa,Developing,2005,65.6,107.1,441.99,Alto,11.3,64,64,21.6,59,64,3.78,610,Bajo,27.68,6.5,6.5,4.4,Bajo,51.7
Uganda,Africa,Developing,2006,61.6,99.6,420.308,Alto,10.97,64,64,21.6,62,64,3.67,655,Bajo,28.57,6.4,6.4,4.6,Bajo,52.8
Uganda,Africa,Developing,2007,57.9,92.8,398.626,Alto,10.77,73,64,21.7,70,73,3.56,688,Bajo,29.49,6.3,6.3,4.8,Bajo,53.9
Uganda,Africa,Developing,2008,54.5,86.8,384.1585,Alto,11.37,71,64,21.8,69,71,3.44,725,Bajo,30.43,6.2,6.2,5.2,Bajo,55
Uganda,Africa,Developing,2009,52.1,81.5,369.69,Alto,11.1,79,64,21.9,78,79,3.29,750,Bajo,31.41,6.1,6.1,5.2,Bajo,56.1
Uganda,Africa,Developing,2010,49.5,76.3,355.2225,Alto,8.55,80,64,22,79,80,3.12,768,Bajo,32.43,6,6,5.7,Bajo,57.1
Uganda,Africa,Developing,2011,47,71.6,340.7545,Alto,8.79,82,64,22,79,82,2.89,814,Bajo,33.48,5.9,5.9,5.4,Bajo,58.1
Uganda,Africa,Developing,2012,44.3,66.7,326.2865,Alto,8.79,78,64,22.1,79,78,2.62,818,Bajo,34.56,5.8,5.8,5.3,Bajo,59
Uganda,Africa,Developing,2013,42.4,62.3,321.4315,Alto,8.12,78,64,22.2,78,78,2.45,821,Bajo,35.69,5.7,5.7,5.4,Bajo,59.9
Uganda,Africa,Developing,2014,40.6,58.8,316.5765,Alto,7.25,78,64,22.3,78,78,2.26,834,Bajo,36.91,5.7,5.6,5.5,Bajo,60.7
Uganda,Africa,Developing,2015,38.9,55.7,311.7215,Alto,7.44,78,64,22.4,85,78,2.08,847,Bajo,38.23,5.6,5.6,5.7,Bajo,61.4
Ukraine,Rest of Europe,Developing,2000,15.7,18.3,256.5475,Alto,6.95,66,99,25.7,99,99,0.67,1420,Bajo,49.18,3,3.1,10.7,Alto,67.7
Ukraine,Rest of Europe,Developing,2001,15,17.4,255.8925,Alto,7.31,74,98,25.7,99,99,0.61,1561,Bajo,48.66,2.9,3,10.4,Alto,67.8
Ukraine,Rest of Europe,Developing,2002,14.3,16.6,261.6095,Alto,7.13,48,98,25.8,99,99,0.55,1660,Bajo,48.2,2.9,3,10.5,Alto,68.3
Ukraine,Rest of Europe,Developing,2003,13.6,15.8,262.4035,Alto,6.81,77,99,25.9,99,97,0.49,1833,Bajo,47.81,2.8,2.9,10.6,Alto,68.2
Ukraine,Rest of Europe,Developing,2004,13,15.1,269.69,Alto,6.51,98,97,25.9,99,99,0.44,2065,Bajo,47.45,2.7,2.8,10.7,Alto,68.2
Ukraine,Rest of Europe,Developing,2005,12.5,14.5,276.8135,Alto,6.82,97,96,26,95,96,0.4,2144,Bajo,47.11,2.7,2.8,11.2,Alto,68
Ukraine,Rest of Europe,Developing,2006,12,14,263.497,Alto,7.42,96,98,26.1,99,98,0.35,2322,Medio,46.79,2.6,2.7,11.2,Alto,68.1
Ukraine,Rest of Europe,Developing,2007,11.5,13.4,271.3425,Alto,8.12,92,96,26.1,98,98,0.33,2528,Medio,46.51,2.5,2.7,11.2,Alto,68.2
Ukraine,Rest of Europe,Developing,2008,11.1,12.9,268.4445,Alto,9.41,84,95,26.2,91,90,0.31,2599,Medio,46.26,2.5,2.6,11.3,Alto,68.3
Ukraine,Rest of Europe,Developing,2009,10.6,12.3,230.8795,Alto,8.97,66,68,26.2,74,71,0.3,2215,Medio,46.05,2.5,2.6,11.3,Alto,69.2
Ukraine,Rest of Europe,Developing,2010,10.1,11.7,213.7115,Alto,7.77,48,41,26.3,57,52,0.28,2315,Medio,45.87,2.4,2.5,11.3,Alto,70.3
Ukraine,Rest of Europe,Developing,2011,9.6,11.2,203.8,Medio,8.74,21,56,26.3,54,50,0.26,2450,Medio,45.71,2.4,2.5,11.3,Alto,70.8
Ukraine,Rest of Europe,Developing,2012,9.2,10.7,203.7885,Medio,8.54,46,54,26.4,72,76,0.26,2460,Medio,45.59,2.4,2.4,11.3,Alto,70.9
Ukraine,Rest of Europe,Developing,2013,8.8,10.2,201.674,Medio,8.73,46,54,26.4,72,76,0.24,2466,Medio,45.49,2.3,2.4,11.3,Alto,71.2
Ukraine,Rest of Europe,Developing,2014,8.4,9.8,203.08,Medio,7.58,22,57,26.5,45,23,0.24,2346,Medio,45.27,2.3,2.4,11.3,Alto,71.2
Ukraine,Rest of Europe,Developing,2015,8.1,9.5,202.8,Medio,6.04,22,57,26.5,51,23,0.23,2125,Bajo,45.15,2.3,2.4,11.3,Alto,71.2
United Arab Emirates,Middle East,Developing,2000,9.6,11.1,98.7545,Bajo,1.66,92,92,27.2,94,94,0.13,60716,Alto,3.13,5.4,5.1,8.3,Medio,74.3
United Arab Emirates,Middle East,Developing,2001,9.3,10.9,95.5935,Bajo,1.62,92,92,27.2,94,94,0.13,58422,Alto,3.3,5.3,5.1,8.4,Medio,74.5
United Arab Emirates,Middle East,Developing,2002,9.1,10.6,92.432,Bajo,1.6,92,92,27.3,94,94,0.13,56815,Alto,3.48,5.3,5,8.6,Medio,74.8
United Arab Emirates,Middle East,Developing,2003,8.9,10.3,89.586,Bajo,1.57,92,92,27.4,94,94,0.13,57932,Alto,3.71,5.2,5,8.7,Medio,75
United Arab Emirates,Middle East,Developing,2004,8.6,10.1,86.7395,Bajo,1.59,92,92,27.5,94,94,0.13,57910,Alto,4.07,5.2,4.9,8.9,Medio,75.2
United Arab Emirates,Middle East,Developing,2005,8.4,9.8,83.893,Bajo,2.68,92,94,27.5,94,94,0.13,53845,Alto,4.59,5.1,4.9,9.1,Medio,75.4
United Arab Emirates,Middle East,Developing,2006,8.2,9.6,81.046,Bajo,2.46,92,93,27.6,94,92,0.13,51197,Alto,5.3,5.1,4.9,9.3,Medio,75.6
United Arab Emirates,Middle East,Developing,2007,8.1,9.4,78.2,Bajo,2.28,92,93,27.7,94,92,0.13,45389,Alto,6.17,5.1,4.9,9.4,Medio,75.8
United Arab Emirates,Middle East,Developing,2008,7.9,9.2,76.8985,Bajo,1.86,92,92,27.8,94,92,0.13,40755,Alto,7.09,5.1,4.9,9.6,Alto,76
United Arab Emirates,Middle East,Developing,2009,7.6,8.9,75.597,Bajo,1.76,93,93,27.9,94,93,0.13,34580,Alto,7.92,5.1,4.9,9.7,Alto,76.1
United Arab Emirates,Middle East,Developing,2010,7.4,8.7,74.296,Bajo,1.69,94,94,28,94,94,0.13,32535,Alto,8.55,5.1,4.9,9.9,Alto,76.3
United Arab Emirates,Middle East,Developing,2011,7.2,8.4,72.9945,Bajo,1.75,95,95,28.1,95,95,0.13,33246,Alto,8.95,5.1,4.9,10,Alto,76.5
United Arab Emirates,Middle East,Developing,2012,7,8.2,71.693,Bajo,1.78,96,96,28.1,96,96,0.13,33997,Alto,9.14,5.1,5,10.2,Alto,76.7
United Arab Emirates,Middle East,Developing,2013,6.8,8,70.6545,Bajo,1.86,98,98,28.2,98,98,0.13,35496,Alto,9.2,5.2,5,10.3,Alto,76.9
United Arab Emirates,Middle East,Developing,2014,6.7,7.8,69.616,Bajo,2,99,99,28.3,99,99,0.13,36996,Alto,9.21,5.2,5,10.5,Alto,77.1
United Arab Emirates,Middle East,Developing,2015,6.5,7.6,68.5765,Bajo,2.12,99,99,28.4,99,99,0.13,38663,Alto,9.26,5.3,5.1,10.6,Alto,77.3
United Kingdom,Rest of Europe,Developed,2000,5.6,6.5,88.0225,Bajo,10.82,88,86,26.3,91,91,0.08,39229,Alto,58.89,0.7,0.5,11.7,Alto,77.7
United Kingdom,Rest of Europe,Developed,2001,5.5,6.4,86.493,Bajo,11.31,88,86,26.4,91,91,0.08,39888,Alto,59.12,0.7,0.5,11.8,Alto,78
United Kingdom,Rest of Europe,Developed,2002,5.4,6.3,85.37,Bajo,11.33,88,86,26.5,91,91,0.08,40563,Alto,59.37,0.7,0.5,11.9,Alto,78.1
United Kingdom,Rest of Europe,Developed,2003,5.3,6.2,84.179,Bajo,11.28,88,86,26.5,91,91,0.08,41598,Alto,59.65,0.7,0.5,12,Alto,78.4
United Kingdom,Rest of Europe,Developed,2004,5.2,6.1,80.819,Bajo,11.58,88,86,26.6,92,92,0.08,42337,Alto,59.99,0.7,0.5,12.1,Alto,78.7
United Kingdom,Rest of Europe,Developed,2005,5.1,6,79.5075,Bajo,11.38,88,86,26.7,91,91,0.08,43137,Alto,60.4,0.7,0.5,12.2,Alto,79
United Kingdom,Rest of Europe,Developed,2006,5,5.9,80.04,Bajo,10.93,88,86,26.8,92,92,0.08,43928,Alto,60.85,0.7,0.5,12.4,Alto,79.2
United Kingdom,Rest of Europe,Developed,2007,4.9,5.8,78.7825,Bajo,11.06,88,86,26.8,92,92,0.08,44576,Alto,61.32,0.7,0.5,12.6,Alto,79.4
United Kingdom,Rest of Europe,Developed,2008,4.8,5.6,78.4095,Bajo,10.66,88,86,26.9,92,92,0.08,44121,Alto,61.81,0.8,0.5,12.8,Alto,79.6
United Kingdom,Rest of Europe,Developed,2009,4.6,5.4,76.195,Bajo,9.98,88,86,26.9,93,93,0.08,41929,Alto,62.28,0.8,0.5,13.1,Alto,80.1
United Kingdom,Rest of Europe,Developed,2010,4.4,5.2,74.2785,Bajo,10.01,88,86,27,94,94,0.08,42488,Alto,62.77,0.8,0.5,13.2,Alto,80.4
United Kingdom,Rest of Europe,Developed,2011,4.3,5,71.514,Bajo,9.8,88,86,27,95,95,0.08,42772,Alto,63.26,0.8,0.5,13,Alto,81
United Kingdom,Rest of Europe,Developed,2012,4.1,4.8,69.147,Bajo,9.53,88,86,27,95,95,0.08,43100,Alto,63.7,0.8,0.5,12.9,Alto,80.9
United Kingdom,Rest of Europe,Developed,2013,4,4.7,69.542,Bajo,9.42,88,86,27.1,95,95,0.08,43621,Alto,64.13,0.8,0.5,12.6,Alto,81
United Kingdom,Rest of Europe,Developed,2014,3.9,4.5,68.7755,Bajo,9.45,88,86,27.1,95,95,0.08,44596,Alto,64.6,0.8,0.5,12.7,Alto,81.3
United Kingdom,Rest of Europe,Developed,2015,3.8,4.5,69.3335,Bajo,9.59,88,86,27.1,96,96,0.08,45405,Alto,65.12,0.8,0.6,12.8,Alto,81
United States,North America,Developed,2000,7.1,8.4,113.6425,Bajo,8.3,90,86,27.5,90,94,0.13,48746,Alto,282.16,0.8,0.7,12.7,Alto,76.6
United States,North America,Developed,2001,7,8.3,114.2395,Bajo,8.25,89,86,27.7,89,94,0.13,48727,Alto,284.97,0.8,0.6,12.7,Alto,76.8
United States,North America,Developed,2002,6.9,8.2,114.049,Bajo,8.33,88,86,27.8,90,94,0.13,49095,Alto,287.63,0.8,0.6,12.7,Alto,76.9
United States,North America,Developed,2003,6.9,8.1,113.733,Bajo,8.4,92,86,27.9,91,96,0.13,50036,Alto,290.11,0.7,0.6,12.8,Alto,77
United States,North America,Developed,2004,6.8,8.1,111.0145,Bajo,8.48,92,86,28,92,96,0.13,51485,Alto,292.81,0.7,0.6,12.8,Alto,77.5
United States,North America,Developed,2005,6.7,8,111.738,Bajo,8.55,93,86,28.1,92,96,0.13,52790,Alto,295.52,0.7,0.6,12.8,Alto,77.5
United States,North America,Developed,2006,6.7,7.9,111.0235,Bajo,8.63,93,86,28.2,93,96,0.13,53738,Alto,298.38,0.7,0.6,12.8,Alto,77.7
United States,North America,Developed,2007,6.6,7.7,109.026,Bajo,8.74,93,86,28.3,93,96,0.13,54300,Alto,301.23,0.7,0.6,12.9,Alto,78
United States,North America,Developed,2008,6.5,7.6,107.758,Bajo,8.74,94,86,28.4,94,96,0.13,53854,Alto,304.09,0.7,0.6,13.2,Alto,78
United States,North America,Developed,2009,6.4,7.5,107.0105,Bajo,8.67,92,86,28.4,93,95,0.13,51996,Alto,306.77,0.7,0.6,13.2,Alto,78.4
United States,North America,Developed,2010,6.2,7.3,104.5215,Bajo,8.56,92,86,28.5,93,95,0.13,52963,Alto,309.33,0.7,0.6,13.2,Alto,78.5
United States,North America,Developed,2011,6.1,7.2,105.032,Bajo,8.66,91,86,28.6,94,96,0.13,53395,Alto,311.58,0.7,0.6,13.3,Alto,78.6
United States,North America,Developed,2012,6,7.1,104.536,Bajo,8.85,90,86,28.6,93,94,0.13,54213,Alto,313.88,0.7,0.6,13.3,Alto,78.7
United States,North America,Developed,2013,6,7,104.681,Bajo,8.81,91,86,28.7,93,94,0.12,54831,Alto,316.06,0.7,0.6,13.2,Alto,78.7
United States,North America,Developed,2014,5.9,6.9,105.6355,Bajo,8.78,92,86,28.8,93,95,0.12,55675,Alto,318.39,0.8,0.6,13.3,Alto,78.8
United States,North America,Developed,2015,5.8,6.8,107.377,Bajo,8.78,92,86,28.8,93,95,0.12,56763,Alto,320.74,0.8,0.6,13.3,Alto,78.7
Uruguay,South America,Developing,2000,14.8,17,126.459,Bajo,7.11,92,93,25.9,92,90,0.18,10083,Alto,3.32,1.8,1.7,8,Medio,74.7
Uruguay,South America,Developing,2001,14.4,16.5,123.728,Bajo,6.9,94,92,25.9,94,94,0.17,9679,Alto,3.33,1.8,1.7,8,Medio,74.9
Uruguay,South America,Developing,2002,14.1,16.2,120.9975,Bajo,6.08,95,92,26,93,95,0.18,8929,Alto,3.33,1.7,1.7,8,Medio,75.2
Uruguay,South America,Developing,2003,13.7,15.7,119.9385,Bajo,5.4,91,93,26.1,91,91,0.17,9008,Alto,3.32,1.7,1.6,8,Medio,75.4
Uruguay,South America,Developing,2004,13.2,15.1,118.88,Bajo,5.88,94,92,26.2,95,94,0.18,9464,Alto,3.32,1.7,1.6,8,Medio,75.6
Uruguay,South America,Developing,2005,12.5,14.4,117.821,Bajo,6.26,96,92,26.3,96,96,0.19,10170,Alto,3.32,1.6,1.6,8,Medio,75.8
Uruguay,South America,Developing,2006,11.7,13.5,116.762,Bajo,6.45,95,93,26.3,95,95,0.2,10575,Alto,3.33,1.6,1.6,8,Medio,76
Uruguay,South America,Developing,2007,11,12.6,115.7035,Bajo,6.51,94,92,26.4,94,94,0.2,11245,Alto,3.33,1.6,1.5,8.2,Medio,76.3
Uruguay,South America,Developing,2008,10.3,11.8,114.3705,Bajo,6.54,94,93,26.5,94,94,0.22,12022,Alto,3.34,1.6,1.5,8.4,Medio,76.4
Uruguay,South America,Developing,2009,9.7,11.2,113.037,Bajo,6.45,95,93,26.6,95,95,0.23,12496,Alto,3.35,1.5,1.5,8.4,Medio,76.6
Uruguay,South America,Developing,2010,9.3,10.7,111.704,Bajo,5.99,95,92,26.7,95,95,0.24,13433,Alto,3.36,1.5,1.5,8.4,Medio,76.8
Uruguay,South America,Developing,2011,8.9,10.3,110.371,Bajo,6.02,95,93,26.8,95,95,0.23,14086,Alto,3.37,1.5,1.5,8.4,Medio,76.9
Uruguay,South America,Developing,2012,8.6,10,109.0375,Bajo,6.55,95,93,26.9,95,95,0.24,14541,Alto,3.38,1.5,1.5,8.5,Medio,77
Uruguay,South America,Developing,2013,8.3,9.7,107.92,Bajo,6.42,94,92,27,94,94,0.26,15168,Alto,3.39,1.5,1.4,8.5,Medio,77.1
Uruguay,South America,Developing,2014,8,9.3,106.8025,Bajo,6.15,95,93,27.1,95,95,0.24,15609,Alto,3.4,1.5,1.4,8.6,Medio,77.2
Uruguay,South America,Developing,2015,7.6,8.9,105.685,Bajo,6,95,93,27.3,95,95,0.24,15614,Alto,3.41,1.5,1.4,8.7,Medio,77.4
Uzbekistan,Asia,Developing,2000,50.8,60.7,191.823,Medio,3.03,99,98,24.8,99,99,0.02,1277,Bajo,24.65,3.4,3.4,9.1,Medio,67.2
Uzbekistan,Asia,Developing,2001,48.4,57.4,190.2825,Medio,2.92,99,98,24.9,99,99,0.02,1313,Bajo,24.96,3.4,3.3,9.2,Medio,67.4
Uzbekistan,Asia,Developing,2002,45.7,53.9,188.7425,Medio,2.73,99,97,25,99,99,0.04,1349,Bajo,25.27,3.3,3.3,9.4,Medio,67.6
Uzbekistan,Asia,Developing,2003,43,50.4,185.611,Medio,2.92,99,98,25.1,99,98,0.05,1390,Bajo,25.57,3.3,3.3,9.5,Medio,67.9
Uzbekistan,Asia,Developing,2004,40.1,46.8,182.4795,Medio,2.82,99,99,25.2,99,99,0.1,1476,Bajo,25.86,3.2,3.2,9.7,Alto,68.1
Uzbekistan,Asia,Developing,2005,37.4,43.4,179.348,Medio,1.76,99,81,25.3,99,99,0.12,1560,Bajo,26.17,3.2,3.2,9.8,Alto,68.4
Uzbekistan,Asia,Developing,2006,34.8,40.1,176.2165,Medio,1.81,98,63,25.5,94,96,0.13,1656,Bajo,26.49,3.2,3.2,9.9,Alto,68.7
Uzbekistan,Asia,Developing,2007,32.2,37,173.085,Medio,1.75,99,44,25.6,98,96,0.14,1787,Bajo,26.87,3.1,3.1,10.1,Alto,68.9
Uzbekistan,Asia,Developing,2008,29.8,34,168.016,Medio,1.72,91,26,25.7,98,98,0.14,1918,Bajo,27.3,3.1,3.1,10.3,Alto,69.2
Uzbekistan,Asia,Developing,2009,27.5,31.3,162.9475,Medio,1.7,98,84,25.9,99,98,0.14,2038,Bajo,27.77,3.1,3.1,10.5,Alto,69.4
Uzbekistan,Asia,Developing,2010,25.4,28.7,157.8785,Medio,1.74,99,54,26,99,99,0.14,2131,Bajo,28.56,3,3.1,10.7,Alto,69.7
Uzbekistan,Asia,Developing,2011,23.4,26.4,152.8095,Medio,1.73,99,99,26.2,99,99,0.14,2231,Medio,29.34,3,3.1,10.9,Alto,69.9
Uzbekistan,Asia,Developing,2012,21.7,24.4,147.7405,Medio,1.95,99,99,26.3,99,99,0.14,2355,Medio,29.77,3,3.1,11.1,Alto,70.2
Uzbekistan,Asia,Developing,2013,20,22.5,145.432,Medio,1.95,99,99,26.4,99,99,0.14,2487,Medio,30.24,3,3.1,11.3,Alto,70.4
Uzbekistan,Asia,Developing,2014,18.6,20.8,143.1235,Medio,2.5,99,99,26.6,99,99,0.14,2614,Medio,30.76,3,3.1,11.3,Alto,70.7
Uzbekistan,Asia,Developing,2015,17.3,19.3,140.815,Medio,2.59,99,99,26.7,99,99,0.14,2754,Medio,31.3,3,3.1,11.4,Alto,70.9
Vanuatu,Oceania,Developing,2000,23.9,28.5,181.1765,Medio,0.82,70,65,25.4,67,71,0.17,2837,Medio,0.18,1.7,1.7,6.5,Medio,67.4
Vanuatu,Oceania,Developing,2001,23.7,28.3,176.813,Medio,0.76,68,65,25.5,67,70,0.17,2679,Medio,0.19,1.7,1.6,6.5,Medio,67.6
Vanuatu,Oceania,Developing,2002,23.6,28.1,172.45,Medio,0.9,66,65,25.5,67,70,0.17,2478,Medio,0.19,1.7,1.6,6.5,Medio,67.8
Vanuatu,Oceania,Developing,2003,23.5,28.1,168.7145,Medio,0.88,64,65,25.6,67,69,0.17,2519,Medio,0.2,1.6,1.6,6.5,Medio,68
Vanuatu,Oceania,Developing,2004,23.6,28.1,164.9795,Medio,0.85,63,65,25.7,67,69,0.17,2553,Medio,0.2,1.6,1.5,6.5,Medio,68.2
Vanuatu,Oceania,Developing,2005,23.6,28.2,161.244,Medio,0.89,61,65,25.7,67,68,0.17,2622,Medio,0.21,1.6,1.5,6.5,Medio,68.4
Vanuatu,Oceania,Developing,2006,23.8,28.4,157.5085,Medio,1,59,65,25.8,67,68,0.17,2776,Medio,0.21,1.6,1.5,6.5,Medio,68.5
Vanuatu,Oceania,Developing,2007,23.9,28.6,153.7735,Medio,1.01,62,65,25.8,69,67,0.17,2790,Medio,0.22,1.6,1.5,6.6,Medio,68.7
Vanuatu,Oceania,Developing,2008,24.1,28.8,150.659,Medio,1.17,61,65,25.8,70,67,0.17,2877,Medio,0.22,1.5,1.5,6.6,Medio,68.8
Vanuatu,Oceania,Developing,2009,24.2,29,147.545,Medio,0.83,62,65,25.9,72,66,0.17,2893,Medio,0.23,1.5,1.5,6.6,Medio,69
Vanuatu,Oceania,Developing,2010,24.3,29.1,144.4315,Medio,1.36,62,65,25.9,74,65,0.17,2856,Medio,0.24,1.5,1.4,6.7,Medio,69.1
Vanuatu,Oceania,Developing,2011,24.5,29.3,141.3175,Medio,1.82,63,65,26,75,65,0.17,2867,Medio,0.24,1.5,1.4,6.7,Medio,69.3
Vanuatu,Oceania,Developing,2012,24.5,29.3,138.2035,Medio,1.84,64,65,26,77,64,0.17,2817,Medio,0.25,1.5,1.4,6.8,Medio,69.4
Vanuatu,Oceania,Developing,2013,24.3,29.1,135.872,Medio,1.61,64,65,26,78,64,0.17,2751,Medio,0.26,1.5,1.4,6.8,Medio,69.6
Vanuatu,Oceania,Developing,2014,24.1,28.8,133.54,Medio,1.39,64,65,26.1,80,64,0.17,2759,Medio,0.26,1.5,1.4,6.8,Medio,69.7
Vanuatu,Oceania,Developing,2015,23.6,28.2,131.2085,Medio,1.42,64,65,26.1,80,64,0.17,2696,Medio,0.27,1.5,1.4,6.8,Medio,69.9
"Venezuela, RB",South America,Developing,2000,18.4,21.6,160.565,Medio,8.09,50,83,26.2,86,77,0.4,4842,Medio,24.19,1.8,1.7,6.4,Medio,72.1
"Venezuela, RB",South America,Developing,2001,17.8,20.9,159.105,Medio,8.15,53,83,26.3,87,70,0.4,4987,Medio,24.65,1.8,1.7,6.4,Medio,72.3
"Venezuela, RB",South America,Developing,2002,17.4,20.3,157.644,Medio,6.99,60,83,26.3,81,65,0.4,3701,Medio,25.1,1.7,1.7,6.8,Medio,72.5
"Venezuela, RB",South America,Developing,2003,16.9,19.8,156.3825,Medio,6.39,72,83,26.4,86,68,0.4,3273,Medio,25.55,1.7,1.6,7,Medio,72.6
"Venezuela, RB",South America,Developing,2004,16.4,19.1,155.121,Medio,7.58,82,83,26.4,83,86,0.4,4326,Medio,26,1.7,1.6,7.2,Medio,72.7
"Venezuela, RB",South America,Developing,2005,15.8,18.5,153.859,Medio,7.98,88,83,26.5,80,87,0.4,5505,Medio,26.43,1.7,1.6,7.4,Medio,72.9
"Venezuela, RB",South America,Developing,2006,15.4,17.9,152.597,Medio,8.37,71,83,26.5,73,71,0.4,6833,Medio,26.85,1.6,1.6,7.6,Medio,72.9
"Venezuela, RB",South America,Developing,2007,15,17.4,151.3355,Medio,8.89,62,83,26.5,67,62,0.4,8454,Alto,27.25,1.6,1.5,8.1,Medio,73
"Venezuela, RB",South America,Developing,2008,14.7,17.2,150.294,Medio,8.41,53,83,26.5,76,50,0.4,11433,Alto,27.64,1.6,1.5,8.2,Medio,73.1
"Venezuela, RB",South America,Developing,2009,14.6,17,149.2525,Medio,7.75,84,83,26.6,75,84,0.4,11765,Alto,28.03,1.6,1.5,8.3,Medio,73.1
"Venezuela, RB",South America,Developing,2010,14.7,17.1,148.2105,Medio,7.4,78,83,26.6,74,78,0.4,13825,Alto,28.44,1.6,1.5,8.9,Medio,73.1
"Venezuela, RB",South America,Developing,2011,14.7,17.2,147.169,Medio,6.88,78,83,26.6,78,78,0.4,10956,Alto,28.89,1.6,1.5,9.8,Alto,73.1
"Venezuela, RB",South America,Developing,2012,14.9,17.3,146.1275,Medio,6.8,81,83,26.6,73,81,0.4,12986,Alto,29.36,1.6,1.5,9.7,Alto,73
"Venezuela, RB",South America,Developing,2013,15.1,17.6,144.6035,Medio,6.84,82,83,26.6,82,82,0.4,12458,Alto,29.78,1.6,1.5,9.9,Alto,72.9
"Venezuela, RB",South America,Developing,2014,15.4,18,143.0785,Medio,6.6,78,83,26.6,79,78,0.4,16056,Alto,30.04,1.6,1.5,10,Alto,72.8
"Venezuela, RB",South America,Developing,2015,16.4,19.1,141.554,Medio,6.21,87,83,26.7,87,87,0.4,17318,Alto,30.08,1.6,1.5,10.1,Alto,72.6
Vietnam,Asia,Developing,2000,23.5,29.8,139.3635,Medio,0.71,85,65,19.9,96,96,0.25,1170,Bajo,79.91,15.8,16.4,5.4,Bajo,73
Vietnam,Asia,Developing,2001,22.6,28.5,138.4385,Medio,0.76,87,65,20,96,96,0.25,1230,Bajo,80.74,15.7,16.4,5.6,Bajo,73.2
Vietnam,Asia,Developing,2002,21.7,27.4,137.514,Medio,0.82,89,65,20.1,92,75,0.26,1295,Bajo,81.53,15.6,16.3,5.8,Bajo,73.4
Vietnam,Asia,Developing,2003,21,26.4,136.971,Medio,0.93,78,65,20.2,96,99,0.26,1372,Bajo,82.3,15.6,16.2,6,Bajo,73.7
Vietnam,Asia,Developing,2004,20.4,25.6,136.4285,Medio,1.13,94,65,20.3,96,96,0.25,1462,Bajo,83.06,15.4,16.1,6.2,Medio,73.9
Vietnam,Asia,Developing,2005,19.9,24.9,135.885,Medio,1.19,94,65,20.4,94,95,0.24,1557,Bajo,83.83,15.3,16,6.4,Medio,74.1
Vietnam,Asia,Developing,2006,19.4,24.4,135.3425,Medio,1.35,93,65,20.6,94,94,0.22,1651,Bajo,84.62,15.1,15.9,6.6,Medio,74.3
Vietnam,Asia,Developing,2007,19.1,23.9,134.8,Medio,1.51,67,65,20.7,92,92,0.21,1752,Bajo,85.42,14.9,15.8,6.8,Medio,74.5
Vietnam,Asia,Developing,2008,18.8,23.5,133.6115,Medio,1.78,87,65,20.8,93,93,0.19,1833,Bajo,86.24,14.7,15.7,7,Medio,74.6
Vietnam,Asia,Developing,2009,18.5,23.2,132.423,Medio,1.97,94,65,20.9,97,96,0.18,1913,Bajo,87.09,14.6,15.5,8,Medio,74.7
Vietnam,Asia,Developing,2010,18.3,22.9,131.235,Medio,2.26,88,65,21,94,93,0.17,2016,Bajo,87.97,14.5,15.4,7.5,Medio,74.8
Vietnam,Asia,Developing,2011,18.1,22.7,130.047,Medio,2.46,95,65,21.2,96,95,0.16,2123,Bajo,88.87,14.4,15.2,7.6,Medio,74.9
Vietnam,Asia,Developing,2012,17.9,22.4,128.8585,Medio,2.57,97,65,21.3,97,97,0.14,2217,Medio,89.8,14.4,15,7.8,Medio,75
Vietnam,Asia,Developing,2013,17.8,22.2,127.4215,Bajo,2.68,59,65,21.5,93,59,0.13,2315,Medio,90.75,14.3,14.9,7.9,Medio,75
Vietnam,Asia,Developing,2014,17.6,22,125.984,Bajo,2.78,95,65,21.6,96,95,0.12,2438,Medio,91.71,14.3,14.7,7.8,Medio,75.1
Vietnam,Asia,Developing,2015,17.4,21.8,124.547,Bajo,2.98,97,65,21.7,97,97,0.12,2582,Medio,92.68,14.2,14.5,8,Medio,75.1
"Yemen, Rep.",Middle East,Developing,2000,68.8,95,253.0155,Alto,0.07,14,95,22.3,74,74,0.02,2384,Medio,17.41,14.1,14.1,1.2,Bajo,60.7
"Yemen, Rep.",Middle East,Developing,2001,65.8,90.3,251.422,Alto,0.08,19,95,22.4,73,73,0.02,2404,Medio,17.92,14,14,1.3,Bajo,61.2
"Yemen, Rep.",Middle East,Developing,2002,62.8,85.7,249.828,Alto,0.07,31,95,22.5,64,65,0.02,2427,Medio,18.44,14,14,1.5,Bajo,61.8
"Yemen, Rep.",Middle East,Developing,2003,60,81.2,248.7515,Alto,0.04,38,95,22.6,61,61,0.02,2447,Medio,18.99,14,13.9,1.6,Bajo,62.4
"Yemen, Rep.",Middle East,Developing,2004,57.3,76.9,247.6745,Alto,0.06,43,95,22.7,72,72,0.02,2472,Medio,19.54,13.9,13.9,1.7,Bajo,62.9
"Yemen, Rep.",Middle East,Developing,2005,54.8,73,246.5985,Alto,0.038,80,95,22.8,80,79,0.02,2536,Medio,20.11,13.9,13.8,1.9,Bajo,63.5
"Yemen, Rep.",Middle East,Developing,2006,52.3,69.1,245.522,Alto,0.038,78,95,22.9,78,78,0.02,2543,Medio,20.69,13.9,13.8,2,Bajo,64
"Yemen, Rep.",Middle East,Developing,2007,50,65.6,244.445,Alto,0.05,79,95,23,79,79,0.02,2555,Medio,21.28,13.8,13.8,2.2,Bajo,64.5
"Yemen, Rep.",Middle East,Developing,2008,48,62.4,241.32,Alto,0.038,78,95,23.1,78,78,0.03,2574,Medio,21.89,13.8,13.7,2.3,Bajo,64.9
"Yemen, Rep.",Middle East,Developing,2009,46.4,60.1,238.1945,Alto,0.028,76,95,23.2,76,76,0.03,2599,Medio,22.52,13.8,13.7,2.5,Bajo,65.3
"Yemen, Rep.",Middle East,Developing,2010,45.5,58.8,235.0695,Alto,0.06,76,95,23.3,77,76,0.03,2722,Medio,23.15,13.7,13.7,2.6,Bajo,65.5
"Yemen, Rep.",Middle East,Developing,2011,45.3,58.5,231.9445,Alto,0.04,69,95,23.4,69,69,0.03,2311,Medio,23.81,13.7,13.6,2.8,Bajo,65.8
"Yemen, Rep.",Middle East,Developing,2012,45.4,58.8,228.8195,Alto,0.04,67,95,23.4,68,67,0.03,2302,Medio,24.47,13.7,13.6,3,Bajo,65.9
"Yemen, Rep.",Middle East,Developing,2013,45.2,58.4,226.386,Alto,0.04,73,95,23.5,67,73,0.03,2348,Medio,25.15,13.7,13.5,3,Bajo,66
"Yemen, Rep.",Middle East,Developing,2014,45.4,58.7,223.9525,Alto,0.03,73,95,23.6,67,73,0.03,2283,Medio,25.82,13.7,13.5,3,Bajo,66.1
"Yemen, Rep.",Middle East,Developing,2015,46.1,60.7,221.5195,Alto,0.03,69,95,23.7,63,69,0.03,1602,Bajo,26.5,13.6,13.4,3,Bajo,66.1
Zambia,Africa,Developing,2000,90.2,155.9,603.461,Alto,2.82,81,39,21.5,85,85,9.75,774,Bajo,10.42,7.5,7.5,5.9,Bajo,44
Zambia,Africa,Developing,2001,85.3,146.9,598.586,Alto,2.8,81,39,21.6,86,85,9.38,794,Bajo,10.69,7.4,7.4,6,Bajo,44.6
Zambia,Africa,Developing,2002,79.2,136.1,593.712,Alto,2.61,81,39,21.6,85,84,9.05,808,Bajo,10.97,7.4,7.3,6.1,Bajo,45.4
Zambia,Africa,Developing,2003,73.2,125.4,569.503,Alto,2.39,81,39,21.7,85,83,8.7,843,Bajo,11.26,7.3,7.2,6.1,Bajo,46.3
Zambia,Africa,Developing,2004,67.1,115.2,545.294,Alto,2.75,81,39,21.8,84,83,8.23,879,Bajo,11.55,7.2,7.1,6.2,Medio,47.4
Zambia,Africa,Developing,2005,61.9,106.2,521.085,Alto,2.41,82,39,21.8,84,82,7.69,918,Bajo,11.86,7.1,7,6.3,Medio,48.5
Zambia,Africa,Developing,2006,58.4,98.5,496.876,Alto,2.73,81,39,21.9,83,81,7.23,965,Bajo,12.17,7,6.9,6.4,Medio,49.8
Zambia,Africa,Developing,2007,56.7,93.2,472.6675,Alto,3.17,80,39,22,77,80,6.89,1018,Bajo,12.5,6.9,6.8,6.4,Medio,51.1
Zambia,Africa,Developing,2008,54.5,88.7,442.735,Alto,2.66,87,39,22,90,87,6.29,1068,Bajo,12.85,6.8,6.7,6.5,Medio,52.6
Zambia,Africa,Developing,2009,52.9,83.6,412.802,Alto,3.05,94,39,22.1,93,94,5.93,1134,Bajo,13.22,6.7,6.6,6.5,Medio,54.1
Zambia,Africa,Developing,2010,51.2,79,382.8695,Alto,2.79,83,39,22.2,80,83,5.74,1215,Bajo,13.61,6.7,6.5,6.6,Medio,55.7
Zambia,Africa,Developing,2011,50.1,76.8,352.9365,Alto,2.79,81,38,22.2,83,81,5.5,1244,Bajo,14.02,6.6,6.4,6.7,Medio,57.1
Zambia,Africa,Developing,2012,49.1,74.7,323.004,Alto,2.78,78,40,22.3,70,78,5.26,1298,Bajo,14.47,6.5,6.3,6.7,Medio,58.5
Zambia,Africa,Developing,2013,46.6,71.1,316.2765,Alto,2.98,79,40,22.4,74,79,5,1321,Bajo,14.93,6.4,6.2,6.8,Medio,59.7
Zambia,Africa,Developing,2014,46,68.3,309.5495,Alto,4.22,86,33,22.4,78,86,4.77,1341,Bajo,15.4,6.3,6.2,6.9,Medio,60.8
Zambia,Africa,Developing,2015,46.9,67.7,302.822,Alto,3.5,90,47,22.5,90,90,4.48,1338,Bajo,15.88,6.3,6.1,6.9,Medio,61.7
Zimbabwe,Africa,Developing,2000,51.9,95.5,687.993,Alto,1.89,79,64,23.3,78,78,12.86,1697,Bajo,11.88,11,11.2,6.5,Medio,44.6
Zimbabwe,Africa,Developing,2001,51.1,93.8,703.677,Alto,1.93,76,64,23.3,76,75,11.96,1715,Bajo,11.92,10.6,10.7,6.7,Medio,44
Zimbabwe,Africa,Developing,2002,50.7,92.6,719.3605,Alto,2.39,73,64,23.3,73,71,11.04,1559,Bajo,11.95,10.2,10.3,6.9,Medio,43.5
Zimbabwe,Africa,Developing,2003,50.4,91.6,703,Alto,1.96,70,64,23.4,70,68,10.27,1291,Bajo,11.98,9.8,9.9,6.8,Medio,43.2
Zimbabwe,Africa,Developing,2004,51.2,92.4,686.639,Alto,2.48,68,64,23.4,67,65,9.75,1212,Bajo,12.02,9.4,9.4,6.8,Medio,43.1
Zimbabwe,Africa,Developing,2005,51.7,93.1,670.279,Alto,2.17,65,64,23.5,69,68,9.2,1137,Bajo,12.08,9,9,6.8,Medio,43.2
Zimbabwe,Africa,Developing,2006,53.4,95,653.918,Alto,2.35,68,64,23.5,71,70,8.78,1091,Bajo,12.16,8.6,8.6,6.8,Medio,43.9
Zimbabwe,Africa,Developing,2007,54.6,95.7,637.558,Alto,2.26,72,64,23.5,73,73,8.29,1042,Bajo,12.26,8.2,8.2,7,Medio,44.9
Zimbabwe,Africa,Developing,2008,54.5,94.5,594.7345,Alto,2.82,75,64,23.6,75,75,7.81,850,Bajo,12.38,7.8,7.8,7,Medio,46.5
Zimbabwe,Africa,Developing,2009,54,91.3,551.9115,Alto,2.77,73,64,23.6,69,73,7.31,941,Bajo,12.53,7.5,7.4,7.2,Medio,48.4
Zimbabwe,Africa,Developing,2010,52.1,86.4,509.088,Alto,3.38,90,64,23.6,89,89,6.73,1110,Bajo,12.7,7.1,7,7.3,Medio,50.6
Zimbabwe,Africa,Developing,2011,50.8,80.8,466.265,Alto,3.91,94,64,23.7,93,93,6.05,1249,Bajo,12.89,6.8,6.7,7.3,Medio,52.9
Zimbabwe,Africa,Developing,2012,46.5,72.2,423.442,Alto,3.93,97,64,23.7,95,95,5.13,1432,Bajo,13.12,6.5,6.4,7.9,Medio,55
Zimbabwe,Africa,Developing,2013,44.8,66.3,405.008,Alto,4.11,95,64,23.7,95,95,4.77,1435,Bajo,13.35,6.2,6,8,Medio,56.9
Zimbabwe,Africa,Developing,2014,42.9,62.7,386.5745,Alto,4.22,91,64,23.8,92,91,4.29,1444,Bajo,13.59,5.9,5.7,8.2,Medio,58.4
Zimbabwe,Africa,Developing,2015,42.1,61.3,368.141,Alto,3.84,87,64,23.8,88,87,3.86,1445,Bajo,13.81,5.6,5.5,8.2,Medio,59.5
